Charta_Id,Pda_Id,Year,Month,State,State_Pop,State_Threshold,Declaration_Number,County,Met_Threshold,County_Pop,County_Threshold,Applicant_Id,SLTT_Organization_Id,Applicant_Name,Cat_A,Cat_B,Cat_C,Cat_D,Cat_E,Cat_F,Cat_G,Total,Status,Applicant_Type,Comment,Comment_Html,Inspector,Source_File,In_Pa_Pdas,Pa_Pdas_Applicant_Name
2026-May-WI-0001,2026-May-WI,2026,May,WI,5893718,11433812.92,4923,Bayfield,False,16220,78829.2,,,Bayfield County,5825.0,,,,,,,5825.0,Complete,,"CAT A: Estimated: $5,825 for debris removal from public sidewalks. Validated: $5,825 using applicant provided cost summaries and photos","CAT A: <b>Estimated:</b> $5,825 for debris removal from public sidewalks. <b>Validated:</b> $5,825 using applicant provided cost summaries and photos",,WI PDA - May 2026 - Table A.xlsx,True,Bayfield County
2026-May-WI-0002,2026-May-WI,2026,May,WI,5893718,11433812.92,4923,Bayfield,False,16220,78829.2,,,City of Washburn,36635.43,,,,,,,36635.43,Complete,,"CAT A: Estimated: $36,635.43 for storm damage clean up. Validated: $36,635.43 utilizing Applicant provided FAL and FAE summary sheets.","CAT A: <b>Estimated: $36,635.43 </b>for storm damage clean up. <b>Validated: $36,635.43 </b>utilizing Applicant provided FAL and FAE summary sheets.",,WI PDA - May 2026 - Table A.xlsx,True,City of Washburn
2026-May-WI-0003,2026-May-WI,2026,May,WI,5893718,11433812.92,4923,Bayfield,False,16220,78829.2,,,Town of Barnes,,,,,,,,,Complete,,"CAT A: Estimated: $1,150.69 for debris removal from roadways due to flooding. Reduced: $1,150.69 for not meeting FY26 minimum project threshold of $4,100. Validated: $0","CAT A: <b>Estimated:</b> $1,150.69 for debris removal from roadways due to flooding. <b>Reduced:</b> $1,150.69 for not meeting FY26 minimum project threshold of $4,100. <b>Validated</b>: $0",,WI PDA - May 2026 - Table A.xlsx,True,Town of Barnes
2026-May-WI-0004,2026-May-WI,2026,May,WI,5893718,11433812.92,4923,Bayfield,False,16220,78829.2,,,Town of Washburn,8935.68,,,,,,,8935.68,Complete,,"CAT A: Estimated: $8,935.68 for debris removal from roadways and ditches due to flooding. Validated: $8,935.68 using applicant provided cost summaries.","CAT A: <b>Estimated:</b> $8,935.68 for debris removal from roadways and ditches due to flooding. <b>Validated:</b> $8,935.68 using applicant provided cost summaries.",,WI PDA - May 2026 - Table A.xlsx,True,Town of Washburn
2026-May-WI-0005,2026-May-WI,2026,May,WI,5893718,11433812.92,4923,Iowa,True,23709,115225.74,,,Department of Transportation - Iowa,3000.0,,,,,,,3000.0,Complete,,"CAT A: Estimated: $3,000.00 debris removal due to flooding. Validated: $3,000.00 utilizing applicant provided summary sheets.","<b>CAT A: Estimated: $3,000.00 </b>debris removal due to flooding. Validated: $3,000.00 utilizing applicant provided summary sheets.",Angel Felix,WI PDA - May 2026 - Table A.xlsx,True,Department of Transportation
2026-May-WI-0006,2026-May-WI,2026,May,WI,5893718,11433812.92,4923,Iowa,True,23709,115225.74,,,Hazel Dell Historic School District,,,,,29708.85,,,29708.85,Complete,Other,"CAT E: Estimated $29,708.85 for damages to historic school building. Validated: $29,708.85 utilizing applicants estimates and photos.","<b>CAT E: Estimated </b>$29,708.85 for damages to historic school building. <b>Validated: </b>$29,708.85 utilizing applicants estimates and photos.",Angel Felix,WI PDA - May 2026 - Table A.xlsx,True,Hazel Dell Historic School District
2026-May-WI-0007,2026-May-WI,2026,May,WI,5893718,11433812.92,4923,Iowa,True,23709,115225.74,,,Iowa County Highway,,,22669.14,,,,,22669.14,Complete,County,"CAT C: Estimated: $22,669.14 for damages to road shoulder and roadside. Validated: $22,669.14 utilizing applicants provided invoice.","<b>CAT C: Estimated: </b>$22,669.14 for damages to road shoulder and roadside. <b>Validated: </b>$22,669.14 utilizing applicants provided invoice.",Angel Felix,WI PDA - May 2026 - Table A.xlsx,True,Iowa County Highway
2026-May-WI-0008,2026-May-WI,2026,May,WI,5893718,11433812.92,4923,Iowa,True,23709,115225.74,,,Township of Dodgeville,,,29678.0,,,,,29678.0,Complete,City,"CAT C: Estimated: $29,678 for road washouts, shoulder repair, culvert repair and breakage of asphalt on 12 roads). Validated: $29,678 utilizing applicant provided descriptions, maps, and updated cost estimates summary.","<b>CAT C: Estimated:</b> $29,678 for road washouts, shoulder repair, culvert repair and breakage of asphalt on 12 roads). <b>Validated:</b> $29,678 utilizing applicant provided descriptions, maps, and updated cost estimates summary.",Angel Felix,WI PDA - May 2026 - Table A.xlsx,True,Township of Dodgeville
2026-May-WI-0009,2026-May-WI,2026,May,WI,5893718,11433812.92,4923,Iowa,True,23709,115225.74,,,Township of Eden,,,4895.06,,,,,4895.06,Complete,City,"CAT B: Estimated: $237.40 for patroling Reduced: $237.40 for not meeting FY26 minimum project threshold of $4,100.
CAT C: Estimated: $4,895.06 for road washout and damage to a culvert of 1 road. Validated: $4,895.06 utilizing applicant provided descriptions, maps, and updated cost estimates summary","<b>CAT B: Estimated: </b>$237.40 for patroling<b> Reduced: </b>$237.40 for not meeting FY26 minimum project threshold of $4,100.<b><br>CAT C: Estimated: </b>$4,895.06 for road washout and damage to a culvert of 1 road. <b>Validated: </b>$4,895.06 utilizing applicant provided descriptions, maps, and updated cost estimates summary",Angel Felix,WI PDA - May 2026 - Table A.xlsx,True,Township of Eden
2026-May-WI-0010,2026-May-WI,2026,May,WI,5893718,11433812.92,4923,Iowa,True,23709,115225.74,,,Township of Highland,,,48487.0,,,,,48487.0,Complete,Government,"Cat A: Estimated $200 for debris cleanup. Reduced: $200 for not meeting FY26 minimum project threshold of $4,100.
CAT C: Estimated: $53,687 for damages to 10 roads including severe gravel washouts, ruts cut by water and several culverts damaged by flood driven debris. Reduced: $5,200 for being a FHWA road not eligible for FEMA PA Validated: $48,487 utilizing applicant provided descriptions, maps, and updated cost estimates summary.","<b>Cat A: </b>Estimated $200 for debris cleanup.<b> Reduced: </b>$200 for not meeting FY26 minimum project threshold of $4,100.<b><br>CAT C:</b> <b>Estimated:</b> $53,687 for damages to 10 roads including severe gravel washouts, ruts cut by water and several culverts damaged by flood driven debris. <b>Reduced: </b>$5,200 for being a FHWA road not eligible for FEMA PA <b>Validated: </b>$48,487 utilizing applicant provided descriptions, maps, and updated cost estimates summary.",Angel Felix,WI PDA - May 2026 - Table A.xlsx,True,Township of Highland
2026-May-WI-0011,2026-May-WI,2026,May,WI,5893718,11433812.92,4923,Jackson,True,21145,102764.7,,,Ho Chunk,98707.21,,,,,,,98707.21,Complete,Other,"Cat A: Estimated $98,707.21 for vegetative debris removal from roads, right of way, blocking public access. FAL, FAM, FAE. Validated: $98,707.21 utilizing applicant provided invoices and estimates","<b>Cat A: Estimated </b>$98,707.21 for vegetative debris removal from roads, right of way, blocking public access. FAL, FAM, FAE. <b>Validated:</b> $98,707.21 utilizing applicant provided invoices and estimates",Lindsay LaMarca,WI PDA - May 2026 - Table A.xlsx,True,Ho Chunk
2026-May-WI-0012,2026-May-WI,2026,May,WI,5893718,11433812.92,4923,Jackson,True,21145,102764.7,,,Jackson Electric Cooperative,,,,,,41267.41,,41267.41,Complete,Co Op,"Cat F: Estimated $41,267.41 for storm damaged electric transmission lines and components that needed to be replaced. FAL, FAE, FAM. Validated: $41,267.41 utilizing applicant provided invoices and estimates","<b>Cat F: Estimated </b>$41,267.41 for storm damaged electric transmission lines and components that needed to be replaced. FAL, FAE, FAM. <b>Validated:</b> $41,267.41 utilizing applicant provided invoices and estimates",Lindsay LaMarca,WI PDA - May 2026 - Table A.xlsx,True,Jackson Electric Cooperative
2026-May-WI-0013,2026-May-WI,2026,May,WI,5893718,11433812.92,4923,Jackson,True,21145,102764.7,,,Township of Komensky,15365.86,,,,,,,15365.86,Complete,Government,"CAT A: Estimated $15,365.86 Force Account cleared downed trees across county highway and side roads. Validated: $15,365.86 utilizing applicant provided photos, damage description and FAL/E cost estimates
CAT B: Estimated $2,014.89 cleared downed power lines for emergency purposes, search and rescue, and traffic control. Reduced: $2,014.89 for not meeting FY26 minimum project threshold of $4,100.","<b>CAT A: Estimated</b> $15,365.86 Force Account cleared downed trees across county highway and side roads. <b>Validated:</b> $15,365.86 utilizing applicant provided photos, damage description and FAL/E cost estimates<br><b>CAT B: Estimated</b> $2,014.89 cleared downed power lines for emergency purposes, search and rescue, and traffic control. <b>Reduced:</b> $2,014.89 for not meeting FY26 minimum project threshold of $4,100.",Lindsay LaMarca,WI PDA - May 2026 - Table A.xlsx,True,Township of Komensky
2026-May-WI-0014,2026-May-WI,2026,May,WI,5893718,11433812.92,4923,Jefferson,True,84900,412614.0,,,City of Waterloo,53795.63,10235.09,,,,,,64030.72,Complete,City,"Cat A: Estimated: $53,795.63 Debris removal throughout the city, from roads, from powerlines. FAL, FAE. Validated: $53,795.63 utilizing applicant provided cost estimates and invoices 
Cat B: Estimated: $14,753.93 Emergency protective measures, search and rescue, FAL, FAE. Reduced: $2,518.84. Activities were not eligible under cat B, activity was described as weather watch and standby time for equipment. Validated: $10,235.09 utilizing applicant provided cost estimates and invoices","Cat A: <b>Estimated: $53,795.63</b> Debris removal throughout the city, from roads, from powerlines. FAL, FAE. <b>Validated:</b> $53,795.63 utilizing applicant provided cost estimates and invoices <br>Cat B: <b>Estimated: $14,753.93 </b>Emergency protective measures, search and rescue, FAL, FAE. <b>Reduced</b>: $2,518.84. Activities were not eligible under cat B, activity was described as weather watch and standby time for equipment. <b>Validated:</b> $10,235.09 utilizing applicant provided cost estimates and invoices",Connor Blevins,WI PDA - May 2026 - Table A.xlsx,True,City of Waterloo
2026-May-WI-0015,2026-May-WI,2026,May,WI,5893718,11433812.92,4923,Jefferson,True,84900,412614.0,,,City of Watertown,16011.32,5797.33,38254.69,,69860.14,,,129923.48,Complete,City,"Cat A: Estimated: $16,011.32 Vegetative debris removal from streets, dam, culverts, and waterways. Debris was reduced by chipping. FAL, FAE, and Contract. Validated $16,011.32 Utilizing applicant provided estimates and invoices
Cat B: Estimated: $5,797.33 Barricading facilities, sandbagging, emergency pumping. FAE, FAL, FAM. Validated $5,797.33 Utilizing applicant provided invoices 
Cat C: Estimated: $38,254.69 Damage to culverts, loss of road base and shoulders, loss of embankment and rip rap, loss of surface gravel and re-grade. FAL, FAE, FAM, Contract. Validated $38,254.69 Utilizing applicant provided invoices 
Cat D: Estimated: $288 Stream erosion of embankment near dam and culvert. FAL. Reduced: $288 below threshold for FY26 Validated $0 due to reduction
Cat E: Estimated: $69,860.14 Damage to municipal airport lights and transformer, FAE, FAL, FAM, Contract. Validated $69,860.14 Utilizing applicant provided estimates and invoices 
Cat G: Estimated: $1,904.80 Loss of mulch and soil along walking path in park. Additional loss of rip rap along park path. Erosion and loss of material at kayak launching site and parking lot. Reduced: 1,904.80 below the threshold for FY26 Validated $0 due to reductions","Cat A: <b>Estimated: $16,011.32 </b>Vegetative debris removal from streets, dam, culverts, and waterways. Debris was reduced by chipping. FAL, FAE, and Contract. <b>Validated</b> $16,011.32 Utilizing applicant provided estimates and invoices<br>Cat B: <b>Estimated: $5,797.33 </b>Barricading facilities, sandbagging, emergency pumping. FAE, FAL, FAM. <b>Validated</b> $5,797.33 Utilizing applicant provided invoices <br>Cat C: <b>Estimated: $38,254.69</b> Damage to culverts, loss of road base and shoulders, loss of embankment and rip rap, loss of surface gravel and re-grade. FAL, FAE, FAM, Contract. <b>Validated</b> $38,254.69 Utilizing applicant provided invoices <br>Cat D: <b>Estimated: $288</b> Stream erosion of embankment near dam and culvert. FAL. <b>Reduced: </b>$288 below threshold for FY26 <b>Validated</b> $0 due to reduction<br>Cat E: <b>Estimated: $69,860.14 </b>Damage to municipal airport lights and transformer, FAE, FAL, FAM, Contract. <b>Validated $</b>69,860.14 Utilizing applicant provided estimates and invoices <br>Cat G: <b>Estimated: $1,904.80</b> Loss of mulch and soil along walking path in park. Additional loss of rip rap along park path. Erosion and loss of material at kayak launching site and parking lot. <b>Reduced: </b>1,904.80 below the threshold for FY26 <b>Validated</b> $0 due to reductions",Connor Blevins,WI PDA - May 2026 - Table A.xlsx,True,City of Watertown
2026-May-WI-0016,2026-May-WI,2026,May,WI,5893718,11433812.92,4923,Jefferson,True,84900,412614.0,,,City of Whitewater,,,,,,,,,Complete,City,Estimated: $0 Documents indicate there may be cat A and cat B related costs. RFI sent on 5/11 for costs. The applicant did not respond to the RFI or provide any costs. Validated: $0 as the applicant did not provide costs or documents or respond to the RFI.,<b>Estimated: $0</b> Documents indicate there may be cat A and cat B related costs. RFI sent on 5/11 for costs. The applicant did not respond to the RFI or provide any costs.<b> Validated</b>: $0 as the applicant did not provide costs or documents or respond to the RFI.,Connor Blevins,WI PDA - May 2026 - Table A.xlsx,True,City of Whitewater
2026-May-WI-0017,2026-May-WI,2026,May,WI,5893718,11433812.92,4923,Jefferson,True,84900,412614.0,,,Department of Transportation - Jefferson Co.,61250.0,10350.0,,,,,,71600.0,Complete,Government,"Cat A: Estimated: $61,250 for debris removal from roads due to flooding. Validated: $61,250 with applicant provided summary sheets.
Cat B: Estimated: $10,350 for traffic control cost due to road closure and detours from flooding. Validated: $10,350 with applicant provided summary sheets.
Cat C: Estimated: $64,000 for damages to road due to flooding. Reduced: $64,000 road is FHWA eligible. Validated: $0","<b>Cat A: Estimated</b>: $61,250 for debris removal from roads due to flooding. <b>Validated</b>: $61,250 with applicant provided summary sheets.<br><b>Cat B: Estimated:</b> $10,350 for traffic control cost due to road closure and detours from flooding. <b>Validated:</b> $10,350 with applicant provided summary sheets.<br><b>Cat C: Estimated:</b> $64,000 for damages to road due to flooding. <b>Reduced:</b> $64,000 road is FHWA eligible. <b>Validated:</b> $0",Connor Blevins,WI PDA - May 2026 - Table A.xlsx,True,Department of Transportation
2026-May-WI-0018,2026-May-WI,2026,May,WI,5893718,11433812.92,4923,Jefferson,True,84900,412614.0,,,Jefferson Utilities,,,,,,26478.61,,26478.61,Complete,County,"Cat F: Estimated: $26,478.61 High winds knocked over 10 electrical poles and further compromised 2 poles. FAM, FAL, Contract (mutual aid). Validated $26,478.61 utilizing applicant provided invoices and photos.","Cat F:<b> Estimated: $26,478.61</b> High winds knocked over 10 electrical poles and further compromised 2 poles. FAM, FAL, Contract (mutual aid). <b>Validated</b> $26,478.61 utilizing applicant provided invoices and photos.",Connor Blevins,WI PDA - May 2026 - Table A.xlsx,True,Jefferson Utilities
2026-May-WI-0019,2026-May-WI,2026,May,WI,5893718,11433812.92,4923,Jefferson,True,84900,412614.0,,,Town of Aztalan,,,,,,,,,Complete,Municipality,"Estimated: $0 No documents uploaded, EM notes mention they followed up with the applicant who stated they had no damages. Validated $0 due to the applicant having no damages","<b>Estimated: $0</b> No documents uploaded, EM notes mention they followed up with the applicant who stated they had no damages. <b>Validated</b> $0 due to the applicant having no damages",Connor Blevins,WI PDA - May 2026 - Table A.xlsx,True,Town of Aztalan
2026-May-WI-0020,2026-May-WI,2026,May,WI,5893718,11433812.92,4923,Jefferson,True,84900,412614.0,,,Town of Cold Spring,17497.0,,5307.53,,,,,22804.53,Complete,Municipality,"Cat A: Estimated: $17,497 Vegetative debris removed from roads, ditches, and culverts. Validated: $17,497 utilizing applicant provided estimates and photos.
Cat C: Estimated: $5,307.53 Piper road cuvlert picture shows undermining, applicant completed a temporary road repair but did not provide costs for a permanent fix. Validated: $5,307.53 utilizing applicant provided estimate and photos.","Cat A: <b>Estimated: $17,497</b> Vegetative debris removed from roads, ditches, and culverts. <b>Validated:</b> $17,497 utilizing applicant provided estimates and photos.<br>Cat C: <b>Estimated: $5,307.53</b> Piper road cuvlert picture shows undermining, applicant completed a temporary road repair but did not provide costs for a permanent fix. <b>Validated:</b> $5,307.53 utilizing applicant provided estimate and photos.",Connor Blevins,WI PDA - May 2026 - Table A.xlsx,True,Town of Cold Spring
2026-May-WI-0021,2026-May-WI,2026,May,WI,5893718,11433812.92,4923,Jefferson,True,84900,412614.0,,,Town of Concord,,,,,,,,,Complete,Municipality,"Estimated: $0 No documents uploaded, no damages. State Emergency manager notes indicated from a phone call that there were no damages Validated: $0 due to the applicant having no damages","<b>Estimated: $0</b> No documents uploaded, no damages. State Emergency manager notes indicated from a phone call that there were no damages <b>Validated</b>: $0 due to the applicant having no damages",Connor Blevins,WI PDA - May 2026 - Table A.xlsx,True,Town of Concord
2026-May-WI-0022,2026-May-WI,2026,May,WI,5893718,11433812.92,4923,Jefferson,True,84900,412614.0,,,Town of Farmington,,,,,,,,,Complete,Municipality,"Cat A: Estimated: $2,554 Vegetative debris removed from roads, culverts, and downed power line. FAL, FAE. Reduced $2,554 below the FY26 threshold Validated: $0 due to reductions
Cat C: Estimated: $2,087 Culvert undermining S Farmington rd, culvert washout on Saucer rd. FAL, FAE, FAM. Reduced: $2087 below the FY26 threshold Validated: $0 due to reductions","Cat A: <b>Estimated: $2,554</b> Vegetative debris removed from roads, culverts, and downed power line. FAL, FAE.<b> Reduced $2,554</b> below the FY26 threshold <b>Validated: $0</b> due to reductions<br><b>Cat C: Estimated: $2,087 </b>Culvert undermining S Farmington rd, culvert washout on Saucer rd. FAL, FAE, FAM. <b>Reduced</b>: $2087 below the FY26 threshold <b>Validated</b>: $0 due to reductions",Connor Blevins,WI PDA - May 2026 - Table A.xlsx,True,Town of Farmington 
2026-May-WI-0023,2026-May-WI,2026,May,WI,5893718,11433812.92,4923,Jefferson,True,84900,412614.0,,,Town of Hebron,17872.05,,,,,,,17872.05,Complete,Municipality,"CAT A: Estimated $17,872.05 for debris clean-up on approximately 11 roads and cemetery. Validated: $17,872.05 utilizing applicant provided photos, damage description and FAL/E cost estimates
CAT B: $490.00 for storm damage documentation for emergency protection measures. Validated $0. Reduced: $490.00 for costs below the minimum threshold.","<b>CAT A</b>: Estimated $17,872.05 for debris clean-up on approximately 11 roads and cemetery. <b>Validated:</b> $17,872.05 utilizing applicant provided photos, damage description and FAL/E cost estimates<br><b>CAT B:</b> $490.00 for storm damage documentation for emergency protection measures. <b>Validated</b> $0. <b>Reduced</b>: $490.00 for costs below the minimum threshold.",Connor Blevins,WI PDA - May 2026 - Table A.xlsx,True,Town of Hebron
2026-May-WI-0024,2026-May-WI,2026,May,WI,5893718,11433812.92,4923,Jefferson,True,84900,412614.0,,,Town of Ixonia,,,,,,,,,Complete,Municipality,Estimated: $0 No damages identified. Validated $0,<b>Estimated: $0 </b>No damages identified. <b>Validated $0</b>,Connor Blevins,WI PDA - May 2026 - Table A.xlsx,True,Town of Ixonia
2026-May-WI-0025,2026-May-WI,2026,May,WI,5893718,11433812.92,4923,Jefferson,True,84900,412614.0,,,Town of Jefferson,17727.0,,,,,,,17727.0,Complete,Municipality,"CAT A: Estimated: $17,727.00 for debris removal on multiple roads throughout jurisdiction. Costs validated with contract estimates. Applicant included Insurance summary of coverages and premiums. Validated: $17,727.00","<b>CAT A</b>: <b>Estimated</b>: $17,727.00 for debris removal on multiple roads throughout jurisdiction. Costs validated with contract estimates. Applicant included Insurance summary of coverages and premiums. <b>Validated: </b>$17,727.00",Connor Blevins,WI PDA - May 2026 - Table A.xlsx,True,Town of Jefferson
2026-May-WI-0026,2026-May-WI,2026,May,WI,5893718,11433812.92,4923,Jefferson,True,84900,412614.0,,,Town of Koshkonong,,,,,,,,,Complete,Municipality,Estimated: $0 No damages identified. Validated $0,<b>Estimated: $0 </b>No damages identified. <b>Validated</b> $0,Connor Blevins,WI PDA - May 2026 - Table A.xlsx,True,Town of Koshkonong
2026-May-WI-0027,2026-May-WI,2026,May,WI,5893718,11433812.92,4923,Jefferson,True,84900,412614.0,,,Town of Lake Mills,,,,,,,,,Complete,Municipality,Estimated: $0 No damages identified. Validated $0,<b>Estimated: $0 </b>No damages identified. <b>Validated</b> $0,Connor Blevins,WI PDA - May 2026 - Table A.xlsx,True,Town of Lake Mills
2026-May-WI-0028,2026-May-WI,2026,May,WI,5893718,11433812.92,4923,Jefferson,True,84900,412614.0,,,Town of Milford,,,,,,,,,Complete,Municipality,Estimated: $0 No damages identified. Validated $0,<b>Estimated: $0</b> No damages identified. <b>Validated</b> $0,Connor Blevins,WI PDA - May 2026 - Table A.xlsx,True,Town of Milford
2026-May-WI-0029,2026-May-WI,2026,May,WI,5893718,11433812.92,4923,Jefferson,True,84900,412614.0,,,Town of Oakland,,,,,,,,,Complete,Municipality,"CAT A: Estimated: $1,872.80 for 10 trees down blocking approximately 6 roads and two signs, debris clearance with estimated quotes for labor and equipment per location.
Reduced: $1,872.80 for not meeting project minimum threshold. Validated: $0","<b>CAT A</b>: <b>Estimated:</b> $1,872.80 for 10 trees down blocking approximately 6 roads and two signs, debris clearance with estimated quotes for labor and equipment per location.<br><b>Reduced</b>: $1,872.80 for not meeting project minimum threshold. <b>Validated</b>: $0",Connor Blevins,WI PDA - May 2026 - Table A.xlsx,True,Town of Oakland
2026-May-WI-0030,2026-May-WI,2026,May,WI,5893718,11433812.92,4923,Jefferson,True,84900,412614.0,,,Town of Palmyra,13380.0,,70890.0,,,,,84270.0,Complete,Municipality,"CAT A: Estimated $13,380.00 for debris clean-up and chipping at multiple site, down/uprooted trees in the lake access easment and in ROW requiring manual removal and chipping FAE. Multiple sites claiming debris clearing with no costs assosciated.  Validated: $13,380.00 with FAL/E damage description, invoices and cost estimates provided by applicant. 
CAT C:  Estimated $70,890.00 in damages for road repairs, installation of rip rap, and culvert failure. 
Island Rd. between STH 106 & CTH E closed due to flooding near Circle K campground. Washed out roads to be redone ($15,000) and Piper Rd. was closed between STH 59 and Howard Rd. due to a culvert failure and partial road failure.($50,000) Map, photos, informed estimate based on historic costs for similar type of work provided. $5,890.00 work to be completed damages installing and repairing rip rap on Lowland and Hooper at Bluebird ($1,630.00) and repair shoulders on little Prairie Rd with 3 loads of gravel ($4,260.00). Validated: $70,890.00 utilizing applicant provided damage description and cost estimates.","<b>CAT A</b>: <b>Estimated </b>$13,380.00 for debris clean-up and chipping at multiple site, down/uprooted trees in the lake access easment and in ROW requiring manual removal and chipping FAE. Multiple sites claiming debris clearing with no costs assosciated.  <b>Validated</b>: $13,380.00 with FAL/E damage description, invoices and cost estimates provided by applicant. <br><b>CAT C</b>:  <b>Estimated </b>$70,890.00 in damages for road repairs, installation of rip rap, and culvert failure. <br>Island Rd. between STH 106 &amp; CTH E closed due to flooding near Circle K campground. Washed out roads to be redone ($15,000) and Piper Rd. was closed between STH 59 and Howard Rd. due to a culvert failure and partial road failure.($50,000) Map, photos, informed estimate based on historic costs for similar type of work provided. $5,890.00 work to be completed damages installing and repairing rip rap on Lowland and Hooper at Bluebird ($1,630.00) and repair shoulders on little Prairie Rd with 3 loads of gravel ($4,260.00). <b>Validated</b>: $70,890.00 utilizing applicant provided damage description and cost estimates.  <br>",Connor Blevins,WI PDA - May 2026 - Table A.xlsx,True,Town of Palmyra
2026-May-WI-0031,2026-May-WI,2026,May,WI,5893718,11433812.92,4923,Jefferson,True,84900,412614.0,,,Town of Sullivan,,,,,,,,,Complete,Municipality,Estimated: $0 No damages reported $0,<b>Estimated: $0</b> No damages reported $0,Connor Blevins,WI PDA - May 2026 - Table A.xlsx,True,Town of Sullivan
2026-May-WI-0032,2026-May-WI,2026,May,WI,5893718,11433812.92,4923,Jefferson,True,84900,412614.0,,,Town of Sumner,8000.0,,,,,,,8000.0,Complete,Municipality,"CAT A: Estimated $8,000 for fallen trees and debris clean up. Cost estimate provided in email. Validated: $8,000 utilizing applicant provided damage description and cost estimates","<b>CAT A</b>: <b>Estimated $8,000</b> for fallen trees and debris clean up. Cost estimate provided in email. <b>Validated</b>: $8,000 utilizing applicant provided damage description and cost estimates",Connor Blevins,WI PDA - May 2026 - Table A.xlsx,True,Town of Sumner
2026-May-WI-0033,2026-May-WI,2026,May,WI,5893718,11433812.92,4923,Jefferson,True,84900,412614.0,,,Town of Waterloo,8000.0,,,,,,,8000.0,Complete,Municipality,"CAT A: Estimated $48,000 for wash out of ditches on two roads, initial road clean up, and personal property damage N8295 hwy 89 of roof and vehicle. Validated: $8,000 utilizing applicant provided damage description and FAL/E cost estimates Reduced: $40,000 for personal property damage ineligibility","<b>CAT A: Estimated $48,000</b> for wash out of ditches on two roads, initial road clean up, and personal property damage N8295 hwy 89 of roof and vehicle. <b>Validated</b>: $8,000 utilizing applicant provided damage description and FAL/E cost estimates <b>Reduced</b>: $40,000 for personal property damage ineligibility",Connor Blevins,WI PDA - May 2026 - Table A.xlsx,True,Town of Waterloo
2026-May-WI-0034,2026-May-WI,2026,May,WI,5893718,11433812.92,4923,Jefferson,True,84900,412614.0,,,Town of Watertown,,,,,,,,,Complete,Municipality,Estimated: $0 No damages identified. Validated $0,<b>Estimated: $0</b> No damages identified. Validated $0,Connor Blevins,WI PDA - May 2026 - Table A.xlsx,True,Town of Watertown
2026-May-WI-0035,2026-May-WI,2026,May,WI,5893718,11433812.92,4923,Jefferson,True,84900,412614.0,,,Village of Cambridge,,,,,,,,,Complete,Municipality,Estimated: $0 No damages identified. Validated $0,<b>Estimated: $0</b> No damages identified. Validated $0,Connor Blevins,WI PDA - May 2026 - Table A.xlsx,True,Village of Cambridge
2026-May-WI-0036,2026-May-WI,2026,May,WI,5893718,11433812.92,4923,Jefferson,True,84900,412614.0,,,Village of Johnson Creek,,,,,,,,,Complete,Municipality,Estimated: $0 No damages identified. Validated $0,<b>Estimated: $0</b> No damages identified. Validated $0,Connor Blevins,WI PDA - May 2026 - Table A.xlsx,True,Village of Johnson Creek
2026-May-WI-0037,2026-May-WI,2026,May,WI,5893718,11433812.92,4923,Jefferson,True,84900,412614.0,,,Village of Palmyra,,,,,,,,,Complete,Municipality,Estimated: $0 No damages identified. Validated $0,<b>Estimated: $0</b> No damages identified. Validated $0,Connor Blevins,WI PDA - May 2026 - Table A.xlsx,True,Village of Palmyra
2026-May-WI-0038,2026-May-WI,2026,May,WI,5893718,11433812.92,4923,Jefferson,True,84900,412614.0,,,Village of Sullivan,,,6099.03,,,,,6099.03,Complete,Municipality,"CAT A: Estimated: $609.37 for several trees fall into the roadway and walk path on Bakertown road. DPW went at night to clear roadway and than went in daylight hours to clear all debris. DPW used skid steer, 1 ton dump truck, and chainsaw to remove debris ($510.50) A metal barn roof blow off a structure and landed in the roadway. Once noticed by DPW cones were set out to protect traffic. During daylight DPW used skid steer and 1 ton dump truck to remove roof from roadway($98.87). Reduced: $609.37for costs below minimum project threshold. Validated $0

CAT C: Estimated: $6,099.03 Material around the entrance to a 36"" culvert washed away and removed gravel, rip rap, and dirt. ($1,625.00). A 36"" culvert that runs underneath the roadway separated at a seam and caved in the gravel shoulder. A 8' section of shoulder washed away into the culvert. ($2,863.68) A large sink hole developed under the asphalt roadway and undermined the roadway, gutter, and curb.  ($69.35). A 24"" culvert that runs underneath the roadway separated at a seam and caved in the gravel shoulder ($1,541.00)Validated: $6,099.03 utilizing applicant damage description and cost estimates.","CAT A: <b>Estimated:</b> $609.37 for several trees fall into the roadway and walk path on Bakertown road. DPW went at night to clear roadway and than went in daylight hours to clear all debris. DPW used skid steer, 1 ton dump truck, and chainsaw to remove debris ($510.50) A metal barn roof blow off a structure and landed in the roadway. Once noticed by DPW cones were set out to protect traffic. During daylight DPW used skid steer and 1 ton dump truck to remove roof from roadway($98.87). <b>Reduced:</b> $609.37for costs below minimum project threshold. <b>Validated</b> $0<br><b><br></b>CAT C: <b>Estimated:</b> $6,099.03 Material around the entrance to a 36&quot; culvert washed away and removed gravel, rip rap, and dirt. ($1,625.00). A 36&quot; culvert that runs underneath the roadway separated at a seam and caved in the gravel shoulder. A 8&#x27; section of shoulder washed away into the culvert. ($2,863.68) A large sink hole developed under the asphalt roadway and undermined the roadway, gutter, and curb.  ($69.35). A 24&quot; culvert that runs underneath the roadway separated at a seam and caved in the gravel shoulder ($1,541.00)<b>Validated</b>: $6,099.03 utilizing applicant damage description and cost estimates.",Connor Blevins,WI PDA - May 2026 - Table A.xlsx,True,Village of Sullivan
2026-May-WI-0039,2026-May-WI,2026,May,WI,5893718,11433812.92,4923,Juneau,True,26718,129849.48,,,Armenia Township,,,22884.45,,,,,22884.45,Complete,Municipality,"Cat C: Estimated: $22,884.45 for one gravel road washout, large culvert washout and asphalt road shoulder washout. Validated: $22,884.45 utilizing applicant provided DDD, photos, and cost estimates.","Cat C: Estimated: $22,884.45 for one gravel road washout, large culvert washout and asphalt road shoulder washout. <b>Validated: $22,884.45</b> utilizing applicant provided DDD, photos, and cost estimates.",Natalie Schrader,WI PDA - May 2026 - Table A.xlsx,True,Armenia Township
2026-May-WI-0040,2026-May-WI,2026,May,WI,5893718,11433812.92,4923,Juneau,True,26718,129849.48,,,City of New Lisbon,4379.45,,,,,,,4379.45,Complete,City,"Cat A: Estimated $4,379.45 in vegetative debris removal. RFI sent for clarification on if costs were associated to correct incident period. RFI response recieved. Validated $4,379.45 using labor and equipment summaries.","<b>Cat A: Estimated $4,379.45 </b>in vegetative debris removal. RFI sent for clarification on if costs were associated to correct incident period. RFI response recieved. <b>Validated $4,379.45 </b>using labor and equipment summaries. <b> </b>",Natalie Schrader,WI PDA - May 2026 - Table A.xlsx,True,City of New Lisbon
2026-May-WI-0041,2026-May-WI,2026,May,WI,5893718,11433812.92,4923,Juneau,True,26718,129849.48,,,Cutler Township,,,,,,,,,Complete,Municipality,No costs or documentation,No costs or documentation,Natalie Schrader,WI PDA - May 2026 - Table A.xlsx,True,Cutler Township
2026-May-WI-0042,2026-May-WI,2026,May,WI,5893718,11433812.92,4923,Juneau,True,26718,129849.48,,,Department of Transportation - Juneau,4000.0,1000.0,,,,,,5000.0,Complete,Government,"CAT A: Estimate: $4,000 for debris removal due to flooding. Validated: $4,000 using applicant provided summary sheets.
Cat B: Estimate: $1,000 for traffic control costs due to road closures and detours from flooding. Validated: $1,000 with applicant provided summary sheets.","<b>CAT A: Estimate:</b> $4,000 for debris removal due to flooding. <b>Validated:</b> $4,000 using applicant provided summary sheets.<br><b>Cat B: Estimate:</b> $1,000 for traffic control costs due to road closures and detours from flooding.<b> Validated:</b> $1,000 with applicant provided summary sheets.",Natalie Schrader,WI PDA - May 2026 - Table A.xlsx,True,Department of Transportation
2026-May-WI-0043,2026-May-WI,2026,May,WI,5893718,11433812.92,4923,Juneau,True,26718,129849.48,,,Elroy Fire Department,,7312.38,,,,,,7312.38,Complete,Government,"Cat B: Estimated: $10,552.38 emergency debris clearance from roadways. Reduced: $3,240 regular time labor. Validated: $7,312.38 using labor, equipment and contract cost summaries.","<b>Cat B: Estimated: $10,552.38 </b>emergency debris clearance from roadways. <b>Reduced: $3,240</b> regular time labor. <b>Validated: $7,312.38</b> using labor, equipment and contract cost summaries.",Natalie Schrader,WI PDA - May 2026 - Table A.xlsx,True,Elroy Fire Department 
2026-May-WI-0044,2026-May-WI,2026,May,WI,5893718,11433812.92,4923,Juneau,True,26718,129849.48,,,Juneau County,,,,,,,,,Complete,County,"Cat B: Estimated $1,632.58 OT labor for emergency response during the incident period. Reduced $1,632.58 for not meeting FY26 minimum project threshold of $4,100. Validated $0","<b>Cat B: Estimated $1,632.58 </b>OT labor for emergency response during the incident period. <b>Reduced $1,632.58 </b>for not meeting FY26 minimum project threshold of $4,100.<b> Validated $0</b>",Natalie Schrader,WI PDA - May 2026 - Table A.xlsx,True,Juneau County
2026-May-WI-0045,2026-May-WI,2026,May,WI,5893718,11433812.92,4923,Juneau,True,26718,129849.48,,,Lindina Township,,,12555.26,,,,,12555.26,Complete,Municipality,"Cat C: Estimated: $12,555.26 in road and culvert washouts at 11 sites. Validated: $12,555.26 using labor, equipment and materials cost breakdowns","<b>Cat C: Estimated: $12,555.26</b> in road and culvert washouts at 11 sites. <b>Validated: $12,555.26</b> using labor, equipment and materials cost breakdowns",Natalie Schrader,WI PDA - May 2026 - Table A.xlsx,True,Lindina Township
2026-May-WI-0046,2026-May-WI,2026,May,WI,5893718,11433812.92,4923,Juneau,True,26718,129849.48,,,Necedah Township,,,22955.48,,,,,22955.48,Complete,Municipality,"Cat C: Estimated $22,955.48 in road and culvert washouts at 6 sites. FHWA review completed. Validated: $22,955.48 using labor, equipment and materials cost breakdowns and photos.","<b>Cat C: Estimated $22,955.48</b> in road and culvert washouts at 6 sites. FHWA review completed. <b>Validated: $22,955.48</b> using labor, equipment and materials cost breakdowns and photos.",Natalie Schrader,WI PDA - May 2026 - Table A.xlsx,True,Necedah Township
2026-May-WI-0047,2026-May-WI,2026,May,WI,5893718,11433812.92,4923,Juneau,True,26718,129849.48,,,Orange Township,,,,,,,,,Complete,Municipality,"Cat C: Estimated $2,616.05 in culvert washouts. Reduced $2,616.05 for not meeting FY26 minimum project threshold of $4,100. Validated $0","<b>Cat C: Estimated $2,616.05</b> in culvert washouts. <b>Reduced $2,616.05</b> for not meeting FY26 minimum project threshold of $4,100. <b>Validated $0</b>",Natalie Schrader,WI PDA - May 2026 - Table A.xlsx,True,Orange Township
2026-May-WI-0048,2026-May-WI,2026,May,WI,5893718,11433812.92,4923,Juneau,True,26718,129849.48,,,Plymouth Township,,,4774.41,,,,,4774.41,Complete,Municipality,"CAT C: Estimated: $4,774.41 for minor damages to six township roads - culvert washout, gravel washout, and grating . Validated: $4,774.41 utilizing Applicant provided cost estimates, material invoices, and photos.","<b>CAT C: Estimated: $4,774.41</b> for minor damages to six township roads - culvert washout, gravel washout, and grating . <b>Validated: $4,774.41</b> utilizing Applicant provided cost estimates, material invoices, and photos.",Natalie Schrader,WI PDA - May 2026 - Table A.xlsx,True,Plymouth Township
2026-May-WI-0049,2026-May-WI,2026,May,WI,5893718,11433812.92,4923,Juneau,True,26718,129849.48,,,Village of Union Center,7921.75,,,,,,,7921.75,Complete,Municipality,"Cat A: Estimated $7,921.75 vegetative debris removal. RFI sent for cost clarification, RFI response received with clarified cost breakdowns. Validated $7,921.75 using fa labor and equipment summaries. 
Cat D: Estimated $3,300 in damages to resevoir hatch and fence due to falling debris. Reduced $3,300 for not meeting FY26 minimum project threshold of $4,100. Validated $0","Cat A: Estimated $7,921.75 vegetative debris removal. RFI sent for cost clarification, RFI response received with clarified cost breakdowns. <b>Validated $7,921.75 </b>using fa labor and equipment summaries. <br><b>Cat D: Estimated $3,300</b> in damages to resevoir hatch and fence due to falling debris. <b>Reduced $3,300</b> for not meeting FY26 minimum project threshold of $4,100. <b>Validated $0</b>",Natalie Schrader,WI PDA - May 2026 - Table A.xlsx,True,Village of Union Center
2026-May-WI-0050,2026-May-WI,2026,May,WI,5893718,11433812.92,4923,Juneau,True,26718,129849.48,,,Village of Wonewoc,,,,,,,,,Complete,Municipality,No costs or documentation,No costs or documentation,Natalie Schrader,WI PDA - May 2026 - Table A.xlsx,True,Village of Wonewoc
2026-May-WI-0051,2026-May-WI,2026,May,WI,5893718,11433812.92,4923,Juneau,True,26718,129849.48,,,Wonewoc Fire Department,,,,,,,,,Complete,Government,No costs or documentation,No costs or documentation,Natalie Schrader,WI PDA - May 2026 - Table A.xlsx,True,Wonewoc Fire Department
2026-May-WI-0052,2026-May-WI,2026,May,WI,5893718,11433812.92,4923,Juneau,True,26718,129849.48,,,Wonewoc township,75086.11,,7484.48,,,,,82570.59,Complete,Municipality,"Cat A: Estimate: $75,086.11 vegetative debris removal from storm. Validated: $75,086.11 using contractor estimates, labor and equipment summaries. 
Cat C: Estimate: $7,484.48 replace road guardrail damaged by falling debris in storms. Validated: $7,484.48 using contractor estimate","<b>Cat A: Estimate: $75,086.11 </b>vegetative debris removal from storm. <b>Validated: $75,086.11 </b>using contractor estimates, labor and equipment summaries. <b><br>Cat C: Estimate: $7,484.48</b> replace road guardrail damaged by falling debris in storms. <b>Validated: $7,484.48 </b>using contractor estimate",Natalie Schrader,WI PDA - May 2026 - Table A.xlsx,True,Wonewoc township
2026-May-WI-0053,2026-May-WI,2026,May,WI,5893718,11433812.92,4923,Kewaunee,True,20563,99936.18,,,Kewaunee County,10500.0,17000.0,168000.0,,,,65000.0,260500.0,Complete,County,"CAT A: Estimated: $11,000 of debris removal county wide, specifically 7 roads. Validated: $11,000 utilizing Applicant description, locations/map, and cost estimate.
CAT B: Estimated: $17,000 for EMPs on approximately 22 roads. Validated: $17,000 utilizing Applicant description, locations/map, and cost estimate.
CAT C: Estimated: $228,000 for shoulder, ditch, and road washout and culvert replacement and guardrail repair on approximately 24 roads. Reduced: $60,000 for FHWA roads. Validated: $168,000 utilizing Applicant description, locations/map, and cost estimate.
CAT G: Estimated: $65,000 for Trail and Park Debris Clean Up/trail damage and road washouts. Validated: $65,000 utilizing Applicant description, locations/map, and cost estimate.","<b>CAT A: Estimated: </b>$11,000 of debris removal county wide, specifically 7 roads.<b> Validated</b>: $11,000 utilizing Applicant description, locations/map, and cost estimate.<br><b>CAT B: Estimated: </b>$17,000 for EMPs on approximately 22 roads. <b>Validated</b>: $17,000 utilizing Applicant description, locations/map, and cost estimate.<br><b>CAT C: Estimated:</b> $228,000 for shoulder, ditch, and road washout and culvert replacement and guardrail repair on approximately 24 roads.<b> Reduced: </b>$60,000 for FHWA roads. <b>Validated:</b> $168,000 utilizing Applicant description, locations/map, and cost estimate.<b><br>CAT G: Estimated:</b> $65,000 for Trail and Park Debris Clean Up/trail damage and road washouts. <b>Validated: </b>$65,000 utilizing Applicant description, locations/map, and cost estimate.",Catherine Warren,WI PDA - May 2026 - Table A.xlsx,True,Kewaunee County
2026-May-WI-0054,2026-May-WI,2026,May,WI,5893718,11433812.92,4923,Kewaunee,True,20563,99936.18,,,"Lincoln, Town of",,,9500.0,,,,,9500.0,Complete,City,"CAT A: Estimated: $2,768.75 for debris removal at four road sites. Reduced:  $2,768.75 for not meeting FY26 minimum project threshold of $4,100. Validated $0.00.
CAT C: Estimated: $9,500 for road/culvert repairs at three road sites. Validated: $9,500 utilizing applicant provided descriptions, maps, and cost estimates.","CAT A: Estimated: $2,768.75 for debris removal at four road sites.<b> Reduced:</b>  $2,768.75 for not meeting FY26 minimum project threshold of $4,100<b>. Validated $0.00.<br>CAT C: Estimated: </b>$9,500 for road/culvert repairs at three road sites. <b>Validated:</b> $9,500 utilizing applicant provided descriptions, maps, and cost estimates.",Catherine Warren,WI PDA - May 2026 - Table A.xlsx,True,"Lincoln, Town of"
2026-May-WI-0055,2026-May-WI,2026,May,WI,5893718,11433812.92,4923,Kewaunee,True,20563,99936.18,,,"Pierce, Town of",,,5483.0,,,,,5483.0,Complete,City,"CAT C: Estimated $5483 for damages to Kay Road. Validated: $5483 utilizing applicant  provided descriptions, maps, and cost estimates.","<b>CAT C: Estimated </b>$5483 for damages to Kay Road. <b>Validated: </b>$5483 utilizing applicant  provided descriptions, maps, and cost estimates.",Catherine Warren,WI PDA - May 2026 - Table A.xlsx,True,"Pierce, Town of "
2026-May-WI-0056,2026-May-WI,2026,May,WI,5893718,11433812.92,4923,Kewaunee,True,20563,99936.18,,,"Red River, Town of",,,17718.0,,,,,17718.0,Complete,City,"CAT C: Estimated $17,718 for damages to four road. Validated: $17,718 utilizing applicant provided descriptions, maps, and updated cost estimates summary.","<b>CAT C: Estimated</b> $17,718 for damages to four road. <b>Validated: </b>$17,718 utilizing applicant provided descriptions, maps, and updated cost estimates summary.",Catherine Warren,WI PDA - May 2026 - Table A.xlsx,True,"Red River, Town of"
2026-May-WI-0057,2026-May-WI,2026,May,WI,5893718,11433812.92,4923,Kewaunee,True,20563,99936.18,,,"West Kewaunee, Town of",,,7659.0,,,,,7659.0,Complete,City,"CAT C: Estimated $7,657 for damages to three roads. Validated: $7,657 utilizing applicant provided descriptions, maps, and updated cost estimates summary.","<b>CAT C: Estimated</b> $7,657 for damages to three roads. <b>Validated: </b>$7,657 utilizing applicant provided descriptions, maps, and updated cost estimates summary.",Catherine Warren,WI PDA - May 2026 - Table A.xlsx,True,"West Kewaunee, Town of "
2026-May-WI-0058,2026-May-WI,2026,May,WI,5893718,11433812.92,4923,Manitowoc,False,81359,395404.74,,,Francis Creek,,,,,,,,,Complete,Municipality,No documents in folders,No documents in folders,James Cathey,WI PDA - May 2026 - Table A.xlsx,True,Francis Creek
2026-May-WI-0059,2026-May-WI,2026,May,WI,5893718,11433812.92,4923,Manitowoc,False,81359,395404.74,,,Town of Mishicot,,,23847.15,,,,,23847.15,Complete,Municipality,"Cat A: Estimated $929.62: Vegetative debris removal operations due to storm damage to roads thoughout the town of Mishicot. Reduced $929.62: below project minimum Validated $0 due to costing below the $4100 minimun project theshold 
Cat B: Estimated $666.87 Police barricaded storm damaged roads throughout the Town of Mishicot. Reduced 666.87: Validated $0 due to costing below the $4100 minimum project threshold. 
Cat C: Estimated $23,847.15: Storm damage to Culverts, associated road, and road shoulders throughout the Town of Mshicot. Reduced $0: Validated $23,847.15: with applicant supplied cost estimate.","<b>Cat A: Estimated $929.62:</b> Vegetative debris removal operations due to storm damage to roads thoughout the town of Mishicot<b>. Reduced $929.62: </b>below project minimum<b> Validated $0 </b>due to costing below the $4100 minimun project theshold<b> <br>Cat B: Estimated $666.87 </b>Police barricaded storm damaged roads throughout the Town of Mishicot.<b> Reduced 666.87: Validated $0 </b>due to costing below the $4100 minimum project threshold<b>. <br>Cat C: Estimated $23,847.15:</b> Storm damage to Culverts, associated road, and road shoulders throughout the Town of Mshicot. <b>Reduced $0: Validated $23,847.15:</b> with applicant supplied cost estimate.",James Cathey,WI PDA - May 2026 - Table A.xlsx,True,Town of Mishicot
2026-May-WI-0060,2026-May-WI,2026,May,WI,5893718,11433812.92,4923,Manitowoc,False,81359,395404.74,,,Two Rivers,,,51978.41,,,,,51978.41,Complete,Municipality,"Cat C: Estimated $51,978.41: Storm damage to Culverts, associated road, road shoulders, and driveway shoulders to main road throughout the City of Two Rivers. Reduced $0: Validated $51,978.41: with applicant supplied cost estimate.","<b>Cat C: Estimated $51,978.41:</b> Storm damage to Culverts, associated road, road shoulders, and driveway shoulders to main road throughout the City of Two Rivers. <b>Reduced $0: Validated $51,978.41:</b> with applicant supplied cost estimate.",James Cathey,WI PDA - May 2026 - Table A.xlsx,True,Two Rivers
2026-May-WI-0061,2026-May-WI,2026,May,WI,5893718,11433812.92,4923,Manitowoc,False,81359,395404.74,,,Village of Mishicot,,,81772.5,,,4672.2,,86444.7,Complete,Municipality,"Cat C: Estimated $81,772.50: Storm damage to Culvert and associated road. Reduced $0: Validated $81,772.50: with applicant supplied cost estimate. 
Cat F: Estimated $4,672.20: Storm damage to lift station pump that caused sewage backups. Reduced $0: Validated $4,672.20: with applicant supplied cost estimante.","<b>Cat C: Estimated $81,772.50:</b> Storm damage to Culvert and associated road.<b> Reduced $0:</b> <b>Validated $81,772.50:</b> with applicant supplied cost estimate. <br><b>Cat F: Estimated $4,672.20</b>: Storm damage to lift station pump that caused sewage backups. <b>Reduced $0: Validated $4,672.20:</b> with applicant supplied cost estimante.",James Cathey,WI PDA - May 2026 - Table A.xlsx,True,Village of Mishicot
2026-May-WI-0062,2026-May-WI,2026,May,WI,5893718,11433812.92,4923,Marathon,False,138013,670743.18,,,Central Wisonsin Airport,,,,,50000.0,,,50000.0,Complete,,"CAT E: Estimated: $95,400.71 for repairs to 3 buildings damaged by the storm and additonal electrical repairs. Reduced: $45,400.71 covered by insurance. Validated: $50,000 deductible applied.","<b>CAT E: Estimated: </b>$95,400.71 for repairs to 3 buildings damaged by the storm and additonal electrical repairs. <b>Reduced: </b>$45,400.71 covered by insurance. <b>Validated: </b>$50,000 deductible applied.",Angel Felix,WI PDA - May 2026 - Table A.xlsx,True,Central Wisonsin Airport
2026-May-WI-0063,2026-May-WI,2026,May,WI,5893718,11433812.92,4923,Marathon,False,138013,670743.18,,,DC Everest School,,,,,25000.0,,,25000.0,Complete,,"CAT E: Estimated: $25,000 for the insurance deductible for Riverside Elementary school to repair roofing, rebuild exterior walls windows of the 80,797 square foot building. Validated: $25,000 deductible using applicant provided estimates, insurance policy, and verification from meeting Applicant and Emergency Manager.","<b>CAT E: Estimated</b>: $25,000 for the insurance deductible for Riverside Elementary school to repair roofing, rebuild exterior walls windows of the 80,797 square foot building. <b>Validated</b>: $25,000 deductible using applicant provided estimates, insurance policy, and verification from meeting Applicant and Emergency Manager.",Angel Felix,WI PDA - May 2026 - Table A.xlsx,True,DC Everest School
2026-May-WI-0064,2026-May-WI,2026,May,WI,5893718,11433812.92,4923,Marathon,False,138013,670743.18,,,Town of Bergen,,,105165.05,,,,,105165.05,Complete,,"CAT C: Estimated: $105,165.05 for severe road washouts and multiple culvert failures needing replacement. Validated: $105,165.05 utilizing applicant cost summaries including FAL, FAE, materials and contracts.","<b>CAT C: Estimated: </b>$105,165.05 for severe road washouts and multiple culvert failures needing replacement. <b>Validated: </b>$105,165.05 utilizing applicant cost summaries including FAL, FAE, materials and contracts.",Angel Felix,WI PDA - May 2026 - Table A.xlsx,True,Town of Bergen
2026-May-WI-0065,2026-May-WI,2026,May,WI,5893718,11433812.92,4923,Marathon,False,138013,670743.18,,,Town of Day,,,28845.0,,,,,28845.0,Complete,,"CAT C: Estimated: $28,845 for repairs of a main road with 1,000 ft of deep washouts. Validated: $28,845 using applicant cost summaries of materials and contract labor.","<b>CAT C: Estimated: </b>$28,845 for repairs of a main road with 1,000 ft of deep washouts. <b>Validated: </b>$28,845 using applicant cost summaries of materials and contract labor.",Angel Felix,WI PDA - May 2026 - Table A.xlsx,True,Town of Day
2026-May-WI-0066,2026-May-WI,2026,May,WI,5893718,11433812.92,4923,Marathon,False,138013,670743.18,,,Town of Emmet,,,6467.44,,,,,6467.44,Complete,,"CAT C: Estimated: $6,467.44 for culvert replacement and road repairs due to washouts of Sugar Bush, West Twin Creek, and Maple Leaf roads: Validated $6,467.44 utilizing the Applicant's cost summary which listed the total costs for FAL, Equipment, and Materials. All roads have been checked and are not FHWA.","<b>CAT C: Estimated</b>: $6,467.44 for culvert replacement and road repairs due to washouts of Sugar Bush, West Twin Creek, and Maple Leaf roads: <b>Validated $6,467.44</b> utilizing the Applicant&#x27;s cost summary which listed the total costs for FAL, Equipment, and Materials. All roads have been checked and are not FHWA.",Angel Felix,WI PDA - May 2026 - Table A.xlsx,True,Town of Emmet
2026-May-WI-0067,2026-May-WI,2026,May,WI,5893718,11433812.92,4923,Marathon,False,138013,670743.18,,,Town of Ringle,23506.92,32955.12,,,,,,56462.04,Complete,,"CAT A: Estimated: $23,506.92 in FAL, Equipment and Contract costs for removal of debris and right of way per Applicant description and estimate. Validated: $23,506.92 utilizing the Applicant's cost summaries.
CAT B: Estimated: $32,955.12 for emergency protective measures in response to a tornado, including FAL for volunteer fire personnel and the procurement of materials and equipment. Validated: $32,955.12 utilizing the Applicant's cost summaries. Also, volunteer labor costs totaling $406.00 listed in the ""volunteer labor"" tab of the Applicant's cost summary report, were not claimed in the summary.","<b>CAT A: Estimated:</b> $23,506.92 in FAL, Equipment and Contract costs for removal of debris and right of way per Applicant description and estimate. <b>Validated:</b> $23,506.92 utilizing the Applicant&#x27;s cost summaries.<br><b>CAT B: Estimated:</b> $32,955.12 for emergency protective measures in response to a tornado, including FAL for volunteer fire personnel and the procurement of materials and equipment.<b> Validated:</b> $32,955.12 utilizing the Applicant&#x27;s cost summaries. Also, volunteer labor costs totaling $406.00 listed in the &quot;volunteer labor&quot; tab of the Applicant&#x27;s cost summary report, were not claimed in the summary.",Angel Felix,WI PDA - May 2026 - Table A.xlsx,True,Town of Ringle
2026-May-WI-0068,2026-May-WI,2026,May,WI,5893718,11433812.92,4923,Outagamie,True,190705,926826.3,,,Department of Transportation,,,,,,,,,Complete,,"CAT C: Estimated $67,000 for road damages due to flooding. Reduced: $67,000 road is FWHA eligible. Validated: $0.","<b>CAT C: Estimated </b>$67,000 for road damages due to flooding. <b>Reduced: $67,000</b> road is FWHA eligible. <b>Validated: $0</b>.",Tracie Smith,WI PDA - May 2026 - Table A.xlsx,True,Department of Transportation
2026-May-WI-0069,2026-May-WI,2026,May,WI,5893718,11433812.92,4923,Outagamie,True,190705,926826.3,,,Oneida Nation,,19999.32,9540.0,,,,,29539.32,Complete,Other,"CAT B: Estimated: $26,499.33 in EMPs, emergency pumping, evacuations, route clearance, shelthering. Reduced: $6500.01 for straight time claimed by the Applicant. Validated: $19,999.32 utilizing applicant provided summary sheets and work descriptions. 
CAT C: Estimated: $0 - Applicant provided some photos and damage discriptions for some CAT C facilities, however, no cost associated with the damages were provided. Validated: $9,540 - FEMA was able to put together a rough cost estimate for one of the sites based on Applicant provided photos.","<b>CAT B: Estimated</b>: $26,499.33 in EMPs, emergency pumping, evacuations, route clearance, shelthering. <b>Reduced</b>: $6500.01 for straight time claimed by the Applicant. <b>Validated</b>: <b>$19,999.32</b> utilizing applicant provided summary sheets and work descriptions. <br><b>CAT C: Estimated:</b> $0 - Applicant provided some photos and damage discriptions for some CAT C facilities, however, no cost associated with the damages were provided.<b> Validated:</b> <b>$9,540</b> - FEMA was able to put together a rough cost estimate for one of the sites based on Applicant provided photos.",Tracie Smith,WI PDA - May 2026 - Table A.xlsx,True,Oneida Nation
2026-May-WI-0070,2026-May-WI,2026,May,WI,5893718,11433812.92,4923,Outagamie,True,190705,926826.3,,,Outagamie County,4193.15,80564.6,39957.56,,,,315771.15,440486.46,Complete,County,"Cat A - Estimated: $4,193.15 for FA labor and equipment to remove debris from a railroad trestle. Validated: $4,193.15 based on applicant documentation.
Cat B - Estimated: $101,053.83 for emergency protective measures from the applicant documentation. Reduced: $20,489.23 due to FA Straight time hours not being eligible. Validated: $80,564.60 based on applicant documentation.
Cat C - Estimated: $102,357.56 for road, culvert and should damages, Reduced: $62,400 due to damages being on ineligbile roads. Validated: $39,957.56 based on photos and applicant provided documentation.
Cat G - Estimated: $315,771.15 for incidental debris removal & repairs to trails, fishing decks, observation decks and park culverts Validated: $315,771.15 based on photos and applicant provided documentation.","<b>Cat A - Estimated: $4,193.15</b> for FA labor and equipment to remove debris from a railroad trestle. <b>Validated: $4,193.15</b> based on applicant documentation.<br><b>Cat B - Estimated: $101,053.83</b> for emergency protective measures from the applicant documentation. <b>Reduced: $20,489.23</b> due to FA Straight time hours not being eligible. <b>Validated: $80,564.60</b> based on applicant documentation.<br><b>Cat C - Estimated: $102,357.56</b> for road, culvert and should damages, <b>Reduced: $62,400</b> due to damages being on ineligbile roads. <b>Validated: $39,957.56</b> based on photos and applicant provided documentation.<br><b>Cat G - Estimated: $315,771.15</b> for incidental debris removal &amp; repairs to trails, fishing decks, observation decks and park culverts <b>Validated: $315,771.15</b> based on photos and applicant provided documentation.",Tracie Smith,WI PDA - May 2026 - Table A.xlsx,True,Outagamie County
2026-May-WI-0071,2026-May-WI,2026,May,WI,5893718,11433812.92,4923,Outagamie,True,190705,926826.3,,,Outagamie County Drainage Board,,,144085.0,27005.0,,,,171090.0,Complete,County,"Cat C - Estimated $144,085 for road washout. Validated $144,085 based on the applicant documentation.
Cat D - Estimated $27,005 for pump station valve structure fix. Validated $27,005 based on applicant documentation.","<b>Cat C - Estimated $144,085</b> for road washout. <b>Validated $144,085 </b>based on the applicant documentation.<br><b>Cat D - Estimated $27,005</b> for pump station valve structure fix. <b>Validated $27,005</b> based on applicant documentation.",Tracie Smith,WI PDA - May 2026 - Table A.xlsx,True,Outagamie County Drainage Board
2026-May-WI-0072,2026-May-WI,2026,May,WI,5893718,11433812.92,4923,Outagamie,True,190705,926826.3,,,Town of Bovina,,,31960.0,,,,,31960.0,Complete,City,"Cat B - Estimated: $2,000 for labor involving barricading and monitoring. Applicant provided donated labor costs for sandbagging and use of volunteer equipment. Reduced: $2,000 due to project costs not meeting the minimum project threshold.
Cat C - Estimated: $31,960 for costs to repair road damages at 4 sites. Sent applicant an RFI for photos for LaMarsche Rd. LaMarsche Rd damage photos provided and verified Validated: $31,960 based on applicant documentation","<b>Cat B</b> - <b>Estimated: $2,000</b> for labor involving barricading and monitoring. Applicant provided donated labor costs for sandbagging and use of volunteer equipment. <b>Reduced: $2,000</b> due to project costs not meeting the minimum project threshold.<br><b>Cat C - Estimated: $31,960</b> for costs to repair road damages at 4 sites. Sent applicant an RFI for photos for LaMarsche Rd. LaMarsche Rd damage photos provided and verified <b>Validated: $31,960</b> based on applicant documentation",Tracie Smith,WI PDA - May 2026 - Table A.xlsx,True,Town of Bovina
2026-May-WI-0073,2026-May-WI,2026,May,WI,5893718,11433812.92,4923,Outagamie,True,190705,926826.3,,,Town of Cicero,,,21658.06,,,,,21658.06,Complete,City,"Cat C - Estimated $21,658.06 for contract costs to repair road damages and culvert washouts across 4 sites. Validated $21,658.06 based on cost estimates and applicant damage photos","<b>Cat C - Estimated $21,658.06</b> for contract costs to repair road damages and culvert washouts across 4 sites. <b>Validated $21,658.06</b> based on cost estimates and applicant damage photos",Tracie Smith,WI PDA - May 2026 - Table A.xlsx,True,Town of Cicero
2026-May-WI-0074,2026-May-WI,2026,May,WI,5893718,11433812.92,4923,Outagamie,True,190705,926826.3,,,Town of Deer Creek,,,12700.0,,,,,12700.0,Complete,City,"Cat C - Estimated $12,700 for completed work to repairing gravel washouts around culvert and 1 culvert replacement across 5 sites. Validated $12,700 based on applicant documentation.","<b>Cat C - Estimated $12,700</b> for completed work to repairing gravel washouts around culvert and 1 culvert replacement across 5 sites. <b>Validated $12,700</b> based on applicant documentation.",Tracie Smith,WI PDA - May 2026 - Table A.xlsx,True,Town of Deer Creek
2026-May-WI-0075,2026-May-WI,2026,May,WI,5893718,11433812.92,4923,Outagamie,True,190705,926826.3,,,Town of Ellington,12336.0,,85479.0,,,,,97815.0,Complete,City,"Cat A - Estimated $12,336 for vegetative debris cleanup and removal from 2 sites. Validated $12,336 based on cost estimates provided from the applicant.
Cat C - Estimated $91,379 for asphalt and gravel road washout at 7 sites. Reduced $5,900 for ineligible facility damages for soil erosion at Center Valley Road based on applicant-provided photos. Validated $85,479.","<b>Cat A - Estimated $12,336</b> for vegetative debris cleanup and removal from 2 sites. <b>Validated $12,336</b> based on cost estimates provided from the applicant.<br><b>Cat C - Estimated $91,379</b> for asphalt and gravel road washout at 7 sites. <b>Reduced $5,900</b> for ineligible facility damages for soil erosion at Center Valley Road based on applicant-provided photos. <b>Validated $85,479.</b><br>",Tracie Smith,WI PDA - May 2026 - Table A.xlsx,True,Town of Ellington
2026-May-WI-0076,2026-May-WI,2026,May,WI,5893718,11433812.92,4923,Outagamie,True,190705,926826.3,,,Town of Liberty,,,16645.0,,,,,16645.0,Complete,City,"Cat C - Estimated $16,645 for contract costs to repair road damages and washouts at 4 different sites. Validated $16,645 based on cost estimates and applicant damage photos","<b>Cat C - Estimated $16,645</b> for contract costs to repair road damages and washouts at 4 different sites. <b>Validated $16,645</b> based on cost estimates and applicant damage photos",Tracie Smith,WI PDA - May 2026 - Table A.xlsx,True,Town of Liberty
2026-May-WI-0077,2026-May-WI,2026,May,WI,5893718,11433812.92,4923,Outagamie,True,190705,926826.3,,,Town of Oneida,,39775.31,198470.0,,,,,238245.31,Complete,City,"Cat B - Estimated $39,775.31 for emergency protective measures sandbagging, monitoring and barricading. Validated: $39,775.31 based on applicant documents.
Cat C - Estimated $198,470 for repairs to road washouts, ditch and culvert debris cleanouts, culvert replacements and embankment stabilizations. Validated $198,470 based on applicant provided photos, and estimates","<br><b>Cat B - Estimated $39,775.31</b> for emergency protective measures sandbagging, monitoring and barricading. <b>Validated: $39,775.31</b> based on applicant documents.<br><b>Cat C - Estimated $198,470</b> for repairs to road washouts, ditch and culvert debris cleanouts, culvert replacements and embankment stabilizations. <b>Validated $198,470</b> based on applicant provided photos, and estimates",Tracie Smith,WI PDA - May 2026 - Table A.xlsx,True,Town of Oneida
2026-May-WI-0078,2026-May-WI,2026,May,WI,5893718,11433812.92,4923,Outagamie,True,190705,926826.3,,,Village of Liberty,,,,,,,,,Complete,City,No documents provided,No documents provided,Tracie Smith,WI PDA - May 2026 - Table A.xlsx,True,Village of Liberty
2026-May-WI-0079,2026-May-WI,2026,May,WI,5893718,11433812.92,4923,Outagamie,True,190705,926826.3,,,Village of Nichols,,23408.0,,,,,,23408.0,Complete,City,"Cat B - Estimated $23,408.34 for emergency protective measures to complete sandbagging. Validated $23,408.34 based on applicant documentation.
Cat E - Estimated $11,703.99 for damaged facility contents due to flooding. Reduced: $11,703.99 ($10,995 per applicant insurance will cover these damages to Duradisc and the remaining validated amount of $708.99 is below the project threshold.)","<b>Cat B - Estimated $23,408.34</b> for emergency protective measures to complete sandbagging. <b>Validated $23,408.34</b> based on applicant documentation.<br><b>Cat E - Estimated $11,703.99</b> for damaged facility contents due to flooding.<b> Reduced: $11,703.99 </b>($10,995 per applicant insurance will cover these damages to Duradisc and the remaining validated amount of $708.99 is below the project threshold.)",Tracie Smith,WI PDA - May 2026 - Table A.xlsx,True,Village of Nichols
2026-May-WI-0080,2026-May-WI,2026,May,WI,5893718,11433812.92,4923,Outagamie,True,190705,926826.3,,,Village of Shiocton,17092.9,52663.0,147380.48,,,21786.3,81665.56,320588.24,Complete,City,"Cat A - Estimated $17,092.90 for dumpster rental and landfills fees to collect debris. Validated $17,092.90 
Cat B - Estimated $52,642.61 for emergency protective measures to complete sandbagging. Applicant also included $15,817.06 in equipment + 7359 hours for donated volunteer labor hours that included debris removal, sandbagging, and flood monitoring and damage assessments that are not included in the validated total. Validated $52,642.61 based on applicant documentation. 
Cat C - Estimated $147,380.48 for repairs to roads, road shoulders and a culvert. RFI was sent to applicant for Site 14 to clarify what the disaster-related damages are and if the estimate is for the entire road or just the damage-related sites. Applicant provided updated for Site 14 and per contractor it has been determined to be the least cost alternative. Validated $147,380.48.
Cat E - Estimated $4,066.09 for vehicle damages. Reduced $4066.09 due to project not meeting threshold 
Cat F - Estimated $436,786.30 for estimated sewer and storm drain repairs. Reduced $415,000 due to unspecified damages to sewer and storm drains. Validated $21,786.30.
Cat G - Estimated $100,870.59 for park damages including a tree, a playground, a baseball field and fencing. Reduced $19,835.03 due to lost revenue not being eligible. Validated $81,665.56.","<b>Cat A - Estimated $17,092.90</b> for dumpster rental and landfills fees to collect debris. <b>Validated $17,092.90 </b><br><b>Cat B - Estimated $52,642.61</b> for emergency protective measures to complete sandbagging. Applicant also included $15,817.06 in equipment + 7359 hours for donated volunteer labor hours that included debris removal, sandbagging, and flood monitoring and damage assessments that are not included in the validated total. <b>Validated $52,642.61</b> based on applicant documentation. <br><b>Cat C - Estimated $147,380.48</b> for repairs to roads, road shoulders and a culvert. RFI was sent to applicant for Site 14 to clarify what the disaster-related damages are and if the estimate is for the entire road or just the damage-related sites. Applicant provided updated for Site 14 and per contractor it has been determined to be the least cost alternative. <b>Validated $147,380.48.</b><br><b>Cat E - Estimated $4,066.09</b> for vehicle damages. <b>Reduced $4066.09 </b>due to project not meeting threshold <b><br>Cat F - Estimated $436,786.30</b> for estimated sewer and storm drain repairs. <b>Reduced $415,000</b> due to unspecified damages to sewer and storm drains. <b>Validated $21,786.30</b>.<b><br>Cat G - Estimated $100,870.59</b> for park damages including a tree, a playground, a baseball field and fencing. <b>Reduced $19,835.03</b> due to lost revenue not being eligible. <b>Validated $81,665.56.</b>",Tracie Smith,WI PDA - May 2026 - Table A.xlsx,True,Village of Shiocton
2026-May-WI-0081,2026-May-WI,2026,May,WI,5893718,11433812.92,4923,Racine,False,197727,960953.22,,,"Burlington, City of",,,,,,,15690.0,15690.0,Complete,City,"CAT G:  Estimated: $15,690 for damages to a pedestrian bridge and city basketball court. Validated: $15,690 utilizing photos and Applicant provided cost estimate.","<b>CAT G:  Estimated:</b> $15,690 for damages to a pedestrian bridge and city basketball court. <b>Validated: </b>$15,690 utilizing photos and Applicant provided cost estimate.",,WI PDA - May 2026 - Table A.xlsx,True,"Burlington, City of "
2026-May-WI-0082,2026-May-WI,2026,May,WI,5893718,11433812.92,4923,Racine,False,197727,960953.22,,,Racine County,,,793851.81,,,,,793851.81,Complete,County,"CAT C: Estimated: $793,852 for six roads damage sites - culvert washout/replacement, shoulder washout, ashpalt road damages, and sink holes. Validated: $793,852 utilizing applicant provided photos, cost estimates, and damage descriptions and FEMA site visit.","<b>CAT C: Estimated:</b> $793,852 for six roads damage sites - culvert washout/replacement, shoulder washout, ashpalt road damages, and sink holes. Validated: $793,852 utilizing applicant provided photos, cost estimates, and damage descriptions and FEMA site visit.",,WI PDA - May 2026 - Table A.xlsx,True,Racine County
2026-May-WI-0083,2026-May-WI,2026,May,WI,5893718,11433812.92,4923,Racine,False,197727,960953.22,,,"Waterford, Town of",,,58386.52,,,,,58386.52,Complete,City,"CAT C: Estimated: $157,203.04 for four asphalt/culvert damaged sites. Reduced: $98,816.52 - three of the sites do not clearly identify disaster related damages, the claimed damaged asphalt appears to be in a state of disrepair before the disater. Validated: $58,386.52 utilizing applicant provided photos and cost estimates.","<b>CAT C: Estimated:</b> $157,203.04 for four asphalt/culvert damaged sites. <b>Reduced</b>: $98,816.52 - three of the sites do not clearly identify disaster related damages, the claimed damaged asphalt appears to be in a state of disrepair before the disater. <b>Validated: </b>$58,386.52 utilizing applicant provided photos and cost estimates.",,WI PDA - May 2026 - Table A.xlsx,True,"Waterford, Town of"
2026-May-WI-0084,2026-May-WI,2026,May,WI,5893718,11433812.92,4923,Racine,False,197727,960953.22,,,Wisconsin Department of Transportation,,2000.0,,,,,,2000.0,Complete,Government,"Cat B: Estimated: $2,000 for traffic control costs due to road closures from flooding. Validated: $2,000 using applicant provided summary sheets.
Cat B: Estimated: $13,500 for road damages due to flooding. Reduced: $13,500 road is FWHA eligible. Validated: $0","<b>Cat B: Estimated: </b>$2,000 for traffic control costs due to road closures from flooding. <b>Validated: </b>$2,000 using applicant provided summary sheets.<br><b>Cat B: Estimated:</b> $13,500 for road damages due to flooding. <b>Reduced:</b> $13,500 road is FWHA eligible. <b>Validated:</b> $0",,WI PDA - May 2026 - Table A.xlsx,False,
2026-May-WI-0085,2026-May-WI,2026,May,WI,5893718,11433812.92,4923,Racine,False,197727,960953.22,,,"Yorkville, Village of",7500.0,,,,,,,7500.0,Complete,City,"CAT A: Estimated: $7,500 for debris removal around bridge. Validated: $7,500 utilizing Applicant provided photos and cost estimate.","<b>CAT A: Estimated:</b> $7,500 for debris removal around bridge. <b>Validated</b>: $7,500 utilizing Applicant provided photos and cost estimate.",,WI PDA - May 2026 - Table A.xlsx,True,"Yorkville, Village of"
2026-May-WI-0086,2026-May-WI,2026,May,WI,5893718,11433812.92,4923,Rock,True,163687,795518.82,,,City of Beloit,50455.0,11933.0,5300.0,,26500.0,,,94188.0,Complete,City,"Cat A: Estimated $50,455 in waterway vegetative debris removal caught in a pedestrian bridge and floating docks as well as residential debris removal. RFI for cost documentation, cost breakdown provided in RFI response. Validated $50,455 using photos, cost breakdown of fa labor and equipment and contractor costs
Cat B: Estimated $11,933 in emergency protective measures including sandbagging and emergency response to flooded homes. Validated $11,933 using cost breakdowns
Cat C: Estimated $20,800 in road shoulder washouts. Reduced $15,500 for two sites listed as Major Collectors and not eligible for PA. Validated: $5,300 using photos, locations and damage descriptions. 
Cat E: Estimated $26,500 in damages to a river front pavillion. RFI sent for supporting documentation for cost estimates and insurance. Applicant states no insurance on the building due to it being in a floodplain. Validated $26,500 using photos, cost breakdown and narrative. 
Cat G: Estimated $2,000 in damages to pavillion floating dock. Reduced: $2,000 for not meeting FY26 minimum project threshold of $4,100. Validated: $0","<b>Cat A: Estimated $50,455</b> in waterway vegetative debris removal caught in a pedestrian bridge and floating docks as well as residential debris removal. RFI for cost documentation, cost breakdown provided in RFI response. <b>Validated $50,455</b> using photos, cost breakdown of fa labor and equipment and contractor costs<br><b>Cat B: Estimated $11,933</b> in emergency protective measures including sandbagging and emergency response to flooded homes. <b>Validated $11,933 </b>using cost breakdowns<br><b>Cat C: Estimated $20,800</b> in road shoulder washouts. <b>Reduced $15,500</b> for two sites listed as Major Collectors and not eligible for PA. <b>Validated: $5,300</b> using photos, locations and damage descriptions. <br><b>Cat E: Estimated $26,500</b> in damages to a river front pavillion. RFI sent for supporting documentation for cost estimates and insurance. Applicant states no insurance on the building due to it being in a floodplain.<b> Validated $26,500 </b>using photos, cost breakdown and narrative. <br><b>Cat G: Estimated $2,000 </b>in damages to pavillion floating dock. <b>Reduced: $2,000</b> for not meeting FY26 minimum project threshold of $4,100. <b>Validated: $0</b>",Jessica Price,WI PDA - May 2026 - Table A.xlsx,True,City of Beloit
2026-May-WI-0087,2026-May-WI,2026,May,WI,5893718,11433812.92,4923,Rock,True,163687,795518.82,,,City of Janesville,208000.0,7995.0,699800.0,1055000.0,15000.0,5216000.0,775000.0,7976795.0,Complete,City,"Cat A:  Estimated $508,000 for debris removal activities for 26 sites/areas.  The City removed vegetative debris, sediment, rocks, and other disaster debris from public ROWs, trails, public property, drainage channels, culverts and bridges.  Applicant included 2 sites for $300,000 for flooding damage to First Lutheran Church and Washington Elementary School.  These are separate entities.  Creating additional applicant entries in Chart A for the PNP and School District. Reduced: $300,000 for flood damages to school and pnp.  Validated: $208,000 based on debris photos, locations and cost summaries.  
Cat B:  Estimated $7,995 for costs related sandbagging, floodfighting, EOC and other emergency measures.  Validated: $7,995 based on descriptions and cost summaries.
Cat C:  Estimated $1,499,800 for road washouts, sinkholes, culvert failures, ditch damages, shoulder washouts, embankment erosion, riprap washout, road drainage damage and road sign damages across the City.  Applicant submitted 34 damage sites (removed 5 from the iniital submission of 39 sites during PDA).  Reduced: $800,000 for Ruger Ave and Palmer Drive Bridge  because the roads are federal-aid roads and ineligible for PA. Validated: $699,800 based on photos and summaries provided.  
Cat D: Estimated: $1,755,000 for various damages to drainage facilities including washout of riprap and embankment protections, culvert failures, outfall damages, storm sewer pipe damages, blocked/plugged culverts and intake structures and erosion.  Included in this estimate is $500,000 estimated damages to Greenbelt Drainage System (engineered system of channels, basins, outfalls, culverts, etc) and $1,000,000 estimated for debris and shoreline damages to Springbrook and Blackhawk Creeks.  Conducted site visits to Greenbelt and Springbrook and Blackhawk Creeks, and Applicnat provided detailed damage photos for remaining sites.  Site visits showed major washouts around culverts, trails, and gabion baskets along creek, and significant vegetative debris blocking channels and culverts. Reduced: $700,000 for shoreline grading, seeding and stabilization along Springbrook and Blackhawk Creeks.  Site visits showed mostly unimproved embankments and natural land, without evidence of maintained improvements.  Able to validate debris blocking creeks and inlets, and damage to existing gabion baskets.  Also able to validate damages to Greenbelt through site visits.  Validated: $1,055,000 based on photos, site inspections and cost summaries.  
Cat E: Estimated: $7,015,000 for flood damage to 4 buildings: Washington Elementary School, First Lutheran Church, Janesville Fire Training Center and City Building.  Washington Elementary School is responsibility of Janesville School District, not the City and First Lutheran Church is responsibility of PNP.  Reduced: $7,000,000 for the school and PNP damages and addressing those costs under their own separate applicant entries on the Chart A. Validated: $15,000 for city building and fire training center based on photos and cost summaries.
Cat F: Estimated: $6,539,600 for damages to City's storm sewer system; increased sewage treatment costs; and traffic light signal damages.  Applicant estimating 40% of storm sewer system needs to be cleaned of debris and 90% of the outfalls need clearance and repairs. City just completed its annual storm sewer cleaning and based estimates for cleaning on those maintenance contracts.  Conducted site visits on a sampling of outfalls and inlets from all areas of the City. Outfalls showing massive washout damages and vegetative and sediment debris throughout the pipes we sampled. Inlets similarly show visible vegetative and sediment debris in pipes. The Applicant estimating an average of $5,000 of debris and repair work per outfall. CEFs completed for a couple of the sites visited, showed damages and costs to those would be significantly higher. Thus, the low average estimate of $5,000 is reasonable. Reduced:  $1,320,000 for number of outfalls to be repaired.  Removed approximately 300 outfalls from original estimate of 930 based on GIS mapping and discussions with the Applicant and State regarding areas of city impacted and legal responsibility.  Reduced: $3,600 for increased operating costs of having to treat more gallons of water than typical due to flooding.  These increased costs not tied to eligible emergency protective measure, just increased usage of its normal service.  Validated: $5,216,000 based on system maps, photos, site visits, and cost estimates based on historical costs.  
Cat G: Estimated: $850,000 for 26 park sites, including trail washouts, walking bridge damages and other park washouts. Reduced: $75,000 for road damages claimed to site 51451 (Cemetery Road) because damage photos show signifcant alligator cracking, potholes and prior deterioration.  Validated: $775,000 based on photos, site visits and cost summaries.","<b>Cat A:  Estimated $508,000 </b>for debris removal activities for 26 sites/areas.  The City removed vegetative debris, sediment, rocks, and other disaster debris from public ROWs, trails, public property, drainage channels, culverts and bridges.  Applicant included 2 sites for $300,000 for flooding damage to First Lutheran Church and Washington Elementary School.  These are separate entities.  Creating additional applicant entries in Chart A for the PNP and School District. <b>Reduced: $300,000</b> for flood damages to school and pnp.  <b>Validated: $208,000</b> based on debris photos, locations and cost summaries.  <br><b>Cat B:  Estimated $7,995</b> for costs related sandbagging, floodfighting, EOC and other emergency measures.  <b>Validated: $7,995</b> based on descriptions and cost summaries.<br><b>Cat C:  Estimated $1,499,800 </b>for road washouts, sinkholes, culvert failures, ditch damages, shoulder washouts, embankment erosion, riprap washout, road drainage damage and road sign damages across the City.  Applicant submitted 34 damage sites (removed 5 from the iniital submission of 39 sites during PDA).  <b>Reduced: $800,000</b> for Ruger Ave and Palmer Drive Bridge  because the roads are federal-aid roads and ineligible for PA. <b>Validated: $699,800 </b>based on photos and summaries provided.  <br><b>Cat D: Estimated: $1,755,000</b> for various damages to drainage facilities including washout of riprap and embankment protections, culvert failures, outfall damages, storm sewer pipe damages, blocked/plugged culverts and intake structures and erosion.  Included in this estimate is $500,000 estimated damages to Greenbelt Drainage System (engineered system of channels, basins, outfalls, culverts, etc) and $1,000,000 estimated for debris and shoreline damages to Springbrook and Blackhawk Creeks.  Conducted site visits to Greenbelt and Springbrook and Blackhawk Creeks, and Applicnat provided detailed damage photos for remaining sites.  Site visits showed major washouts around culverts, trails, and gabion baskets along creek, and significant vegetative debris blocking channels and culverts. <b>Reduced: $700,000</b> for shoreline grading, seeding and stabilization along Springbrook and Blackhawk Creeks.  Site visits showed mostly unimproved embankments and natural land, without evidence of maintained improvements.  Able to validate debris blocking creeks and inlets, and damage to existing gabion baskets.  Also able to validate damages to Greenbelt through site visits.  <b>Validated: $1,055,000</b> based on photos, site inspections and cost summaries.  <br><b>Cat E: Estimated: $7,015,000</b> for flood damage to 4 buildings: Washington Elementary School, First Lutheran Church, Janesville Fire Training Center and City Building.  Washington Elementary School is responsibility of Janesville School District, not the City and First Lutheran Church is responsibility of PNP.  <b>Reduced: $7,000,000</b> for the school and PNP damages and addressing those costs under their own separate applicant entries on the Chart A. <b>Validated: $15,000</b> for city building and fire training center based on photos and cost summaries.<br><b>Cat F: Estimated: $6,539,600 </b>for damages to City&#x27;s storm sewer system; increased sewage treatment costs; and traffic light signal damages.  Applicant estimating 40% of storm sewer system needs to be cleaned of debris and 90% of the outfalls need clearance and repairs. City just completed its annual storm sewer cleaning and based estimates for cleaning on those maintenance contracts.  Conducted site visits on a sampling of outfalls and inlets from all areas of the City. Outfalls showing massive washout damages and vegetative and sediment debris throughout the pipes we sampled. Inlets similarly show visible vegetative and sediment debris in pipes. The Applicant estimating an average of $5,000 of debris and repair work per outfall. CEFs completed for a couple of the sites visited, showed damages and costs to those would be significantly higher. Thus, the low average estimate of $5,000 is reasonable. <b>Reduced:  $1,320,000</b> for number of outfalls to be repaired.  Removed approximately 300 outfalls from original estimate of 930 based on GIS mapping and discussions with the Applicant and State regarding areas of city impacted and legal responsibility.  <b>Reduced: $3,600 </b>for increased operating costs of having to treat more gallons of water than typical due to flooding.  These increased costs not tied to eligible emergency protective measure, just increased usage of its normal service.  <b>Validated: $5,216,000 </b>based on system maps, photos, site visits, and cost estimates based on historical costs.  <br><b>Cat G: Estimated: $850,000</b> for 26 park sites, including trail washouts, walking bridge damages and other park washouts. <b>Reduced: $75,000</b> for road damages claimed to site 51451 (Cemetery Road) because damage photos show signifcant alligator cracking, potholes and prior deterioration. <b> Validated: $775,000</b> based on photos, site visits and cost summaries.",Jessica Price,WI PDA - May 2026 - Table A.xlsx,True,City of Janesville
2026-May-WI-0088,2026-May-WI,2026,May,WI,5893718,11433812.92,4923,Rock,True,163687,795518.82,,,County of Rock,11500.0,10400.0,199000.0,,,,10000.0,230900.0,Complete,County,"Cat A: Estimated $11,500 for debris removal from county roads and ROWs.  Validated: $11,500 based on photos and summaries.  
Cat B: Estimated $10,400 for road closures, barricades and debris clearance from roads.  Validated: $10,400 based on summaries.
Cat C: Estimated $199,000 for 22 road sites.  Applicant provided photos showing road, shoulder, ditch and culvert washouts and damages.  Validated: $199,000 based on photos and summaries.
Cat G: Estimated $10,000 for washout of pedestrian bridge.  Validated: $10,000 based on photos and summaries.","<b>Cat A: Estimated $11,500</b> for debris removal from county roads and ROWs.  <b>Validated: $11,500 </b>based on photos and summaries.  <br><b>Cat B: Estimated $10,400</b> for road closures, barricades and debris clearance from roads.  <b>Validated: $10,400</b> based on summaries.<br><b>Cat C: Estimated $199,000</b> for 22 road sites.  Applicant provided photos showing road, shoulder, ditch and culvert washouts and damages.  <b>Validated: $199,000</b> based on photos and summaries.<br><b>Cat G: Estimated $10,000</b> for washout of pedestrian bridge.  <b>Validated: $10,000</b> based on photos and summaries.",Jessica Price,WI PDA - May 2026 - Table A.xlsx,True,County of Rock
2026-May-WI-0089,2026-May-WI,2026,May,WI,5893718,11433812.92,4923,Rock,True,163687,795518.82,,,Department of Transportation,221500.0,56500.0,,,,,,278000.0,Complete,Government,"Cat A: Estimated: $221,500 for debris removal due to flooding. Validated: $221,500 with applicant provided summary sheets.
Cat B: Estimated: $56,500 for traffic control cost due to road closure and detours from flooding. Validated: $56,500 with applicant provided summary sheets.
Cat C: Estimated: $552,500 for road damages due to flooding. Reduced: $552,500 road is FHWA eligible. Validated: $0","Cat A: <b>Estimated: </b>$221,500 for debris removal due to flooding. <b>Validated:</b> $221,500 with applicant provided summary sheets.<br>Cat B: <b>Estimated: </b>$56,500 for traffic control cost due to road closure and detours from flooding. <b>Validated:</b> $56,500 with applicant provided summary sheets.<br>Cat C: <b>Estimated:</b> $552,500 for road damages due to flooding. <b>Reduced:</b> $552,500 road is FHWA eligible. <b>Validated:</b> $0",Jessica Price,WI PDA - May 2026 - Table A.xlsx,True,Department of Transportation
2026-May-WI-0090,2026-May-WI,2026,May,WI,5893718,11433812.92,4923,Rock,True,163687,795518.82,,,First Lutheran Church,66515.93,,,,,,,66515.93,Complete,PNP,"Cat A: Estimated: $66,515.93 for debris clean up from flood damaged building.  Validated: $66,515.93 based on detailed cost summary and flooding and damage photos showing debris.  
Cat E: Estimated: $5,000,000 for flooding damages to building and mechanical equipment. Building flooded 4 feet in lower level and damaged boiler room, equipment, kitchen, cafeteria and all electrical/mechanical.  Applicant's insurance company determined only $10,000 of coverage for the flooding damage.  However, PNP is non-crtical, essential social services and therefore would need to apply to SBA before eligible for permanent restoration under FEMA. Reduced: $5,000,000 due to PNP needing to file with SBA first. Validated: $0.","<b>Cat A: Estimated: $66,515.93</b> for debris clean up from flood damaged building.  <b>Validated: $66,515.93</b> based on detailed cost summary and flooding and damage photos showing debris.  <br><b>Cat E: Estimated: $5,000,000</b> for flooding damages to building and mechanical equipment. Building flooded 4 feet in lower level and damaged boiler room, equipment, kitchen, cafeteria and all electrical/mechanical.  Applicant&#x27;s insurance company determined only $10,000 of coverage for the flooding damage.  However, PNP is non-crtical, essential social services and therefore would need to apply to SBA before eligible for permanent restoration under FEMA. <b>Reduced: $5,000,000</b> due to PNP needing to file with SBA first. Validated: $0.",Jessica Price,WI PDA - May 2026 - Table A.xlsx,True,First Lutheran Church
2026-May-WI-0091,2026-May-WI,2026,May,WI,5893718,11433812.92,4923,Rock,True,163687,795518.82,,,Janesville School District,,,,,1485300.0,,,1485300.0,Complete,Government,"Cat E: Estimated: $2,000,000 for flooding damage to Washington Elementary School. The City stated that the Applicant's insurance policy only covers up to $150,000 of flood damage. Applicant provided letter and copy of check received from insurance company for the $150,000 of insurance coverage.  No information was provided to validate the cost estimate.  FEMA engineer prepared CEF for flood damage and clean up totaling $1,635,300.  Reduced: $514,700 due to CEF cost estimate and $150,000 of covered loss.  Validated: $1,485,300 based on videos, photos and articles showing flood damge to school, CEF prepared by FEMA engineer and insurance coverage.","<b>Cat E: Estimated: $2,000,000</b> for flooding damage to Washington Elementary School. The City stated that the Applicant&#x27;s insurance policy only covers up to $150,000 of flood damage. Applicant provided letter and copy of check received from insurance company for the $150,000 of insurance coverage.  No information was provided to validate the cost estimate.  FEMA engineer prepared CEF for flood damage and clean up totaling $1,635,300.  <b>Reduced: $514,700</b> due to CEF cost estimate and $150,000 of covered loss.  <b>Validated: $1,485,300</b> based on videos, photos and articles showing flood damge to school, CEF prepared by FEMA engineer and insurance coverage.",Jessica Price,WI PDA - May 2026 - Table A.xlsx,True,Janesville School District
2026-May-WI-0092,2026-May-WI,2026,May,WI,5893718,11433812.92,4923,Rock,True,163687,795518.82,,,National Guard,,152815.14,,,,,,152815.14,Complete,Government,"Cat B: Estimated: $152,815.14 for sandbaggin and high water assistance due to flooding. Validated: $152,815.14 using applicant provided summary sheets.","Cat B: <b>Estimated</b>: $152,815.14 for sandbaggin and high water assistance due to flooding. <b>Validated:</b> $152,815.14 using applicant provided summary sheets.",Jessica Price,WI PDA - May 2026 - Table A.xlsx,True,National Guard
2026-May-WI-0093,2026-May-WI,2026,May,WI,5893718,11433812.92,4923,Rock,True,163687,795518.82,,,Township of Bradford,17500.0,,29500.0,,,,,47000.0,Complete,Municipality,"Cat A: Estimated $17,500 for vegetative debris removal from roads. Validated $17,500 using photos, location maps and damage descriptions. 
Cat B: Estimated $2,000 in barricading of flooded roads. Reduced: $2,000 for not meeting FY26 minimum project threshold of $4,100. Validated: $0
Cat C: Estimated $29,500 in road shoulder, base and surface washouts at 9 sites. Validated $29,500 using photos, damage descriptions and cost estimates.","<b>Cat A: Estimated $17,500</b> for vegetative debris removal from roads. <b>Validated $17,500</b> using photos, location maps and damage descriptions. <br><b>Cat B: Estimated $2,000</b> in barricading of flooded roads. <b>Reduced: $2,000</b> for not meeting FY26 minimum project threshold of $4,100. <b>Validated: $0<br>Cat C: Estimated $29,500 </b>in road shoulder, base and surface washouts at 9 sites. <b>Validated $29,500</b> using photos, damage descriptions and cost estimates. <br>",Jessica Price,WI PDA - May 2026 - Table A.xlsx,True,Township of Bradford
2026-May-WI-0094,2026-May-WI,2026,May,WI,5893718,11433812.92,4923,Rock,True,163687,795518.82,,,Township of Center,,,,,,,,,Complete,Municipality,"Cat C: Estimated $2,500 for one gravel road washout site. Originally 7 sites were identified, an RFI was sent for cost clarification and applicant withdrew the other 6 sites that were mislabled under the wrong applicant. Updated costs provided for 1 site. Reduced: $2,500 for not meeting FY26 minimum project threshold of $4,100. Validated $0","<b>Cat C: Estimated $2,500 </b>for one gravel road washout site. Originally 7 sites were identified, an RFI was sent for cost clarification and applicant withdrew the other 6 sites that were mislabled under the wrong applicant. Updated costs provided for 1 site. <b>Reduced: $2,500 </b>for not meeting FY26 minimum project threshold of $4,100. <b>Validated $0</b>",Jessica Price,WI PDA - May 2026 - Table A.xlsx,True,Township of Center
2026-May-WI-0095,2026-May-WI,2026,May,WI,5893718,11433812.92,4923,Rock,True,163687,795518.82,,,Township of Fulton,5000.0,22880.0,4500.0,,,,,32380.0,Complete,Municipality,"Cat A: Estimated: $5000 for debris removal. Validated: $5000 from applicant provided estimates 
Cat B: Estimated: $22,880 for sandbagging operations, baricading, monitoring and EOC operations. Validated: $22,880 based on applicant provided costs
Cat C: Estimated: $4,500 for shoulder damages and washouts. Validated $4500 based on applicant provided costs and estimates","<b>Cat A: Estimated: $5000</b> for debris removal. <b>Validated: $5000</b> from applicant provided estimates <br><b>Cat B: Estimated: $22,880</b> for sandbagging operations, baricading, monitoring and EOC operations. <b>Validated: $22,880</b> based on applicant provided costs<br><b>Cat C: Estimated: $4,500</b> for shoulder damages and washouts. <b>Validated $4500 </b>based on applicant provided costs and estimates",Jessica Price,WI PDA - May 2026 - Table A.xlsx,True,Township of Fulton
2026-May-WI-0096,2026-May-WI,2026,May,WI,5893718,11433812.92,4923,Rock,True,163687,795518.82,,,Township of Harmony,,,16248.0,,,,,16248.0,Complete,Municipality,"Cat A: Estimated: $3,000 for vegetative debris removal from roads and ditches. Reduced: $3,000 due to costs not meeting the minimum project threshold of $4,100.
Cat B: Estimated: $2,100 for barricading and road signs. Reduced: $2,100 due to the costs not meeting the minimum project threshold of $4,100.
Cat C: Estimated: $16,248 for road washouts and damages. Validated: $16,248 from applicant documentation.","<b>Cat A: Estimated: $3,000</b> for vegetative debris removal from roads and ditches. <b>Reduced: $3,000</b> due to costs not meeting the minimum project threshold of $4,100.<br><b>Cat B: Estimated: $2,100</b> for barricading and road signs. <b>Reduced: $2,100</b> due to the costs not meeting the minimum project threshold of $4,100.<br><b>Cat C: Estimated: $16,248</b> for road washouts and damages. <b>Validated: $16,248</b> from applicant documentation.",Jessica Price,WI PDA - May 2026 - Table A.xlsx,True,Township of Harmony
2026-May-WI-0097,2026-May-WI,2026,May,WI,5893718,11433812.92,4923,Rock,True,163687,795518.82,,,Township of Janesville,5000.0,5700.0,456995.0,,,,,467695.0,Complete,Municipality,"Cat A: Estimated $5,000 for debris removal from culverts, ditches and road shoulders.  Applicant initially claimed $2,500, but also had two debris sites listed under Cat C that have been added to the Cat. A. Validated: $5,000 based on photos and summaries.
Cat B: Estimated $5,700 for sandbagging and road closures/barricades.  Validated: $5,700 based on summaries.
Cat C: Estimated $459,495 for 41 road sites.  Damages include road, shoulder and ditch washouts and Rockport Bridge collapse.  Applicant included two debris sites in Cat C (55562 ($1,500) and 59088 ($1,000)). Reduced $2,500 from Cat C for debris sites and added to Cat A.  Applicant also claiming $400,000 for complete collapse of Rockport Bridge.  Past bridge inspection reports list road as local road and FEMA engineers validated that $400,000 to replace that size of bridge was reasonable.  Validated $456,995 based on photos, bridge inspection reports and FEMA engineers.","<b>Cat A: Estimated $5,000 f</b>or debris removal from culverts, ditches and road shoulders.  Applicant initially claimed $2,500, but also had two debris sites listed under Cat C that have been added to the Cat. A. <b>Validated: $5,000 </b>based on photos and summaries.<br><b>Cat B: Estimated $5,700</b> for sandbagging and road closures/barricades.  <b>Validated: $5,700 </b>based on summaries.<br><b>Cat C: Estimated $459,495</b> for 41 road sites.  Damages include road, shoulder and ditch washouts and Rockport Bridge collapse.  Applicant included two debris sites in Cat C (55562 ($1,500) and 59088 ($1,000)). <b>Reduced $2,500</b> from Cat C for debris sites and added to Cat A.  Applicant also claiming $400,000 for complete collapse of Rockport Bridge.  Past bridge inspection reports list road as local road and FEMA engineers validated that $400,000 to replace that size of bridge was reasonable.  <b>Validated $456,995 </b>based on photos, bridge inspection reports and FEMA engineers.",Jessica Price,WI PDA - May 2026 - Table A.xlsx,True,Township of Janesville
2026-May-WI-0098,2026-May-WI,2026,May,WI,5893718,11433812.92,4923,Rock,True,163687,795518.82,,,Township of Johnston,,,,,,,,,Complete,Municipality,"Cat C: Estimated $4,000 - for road damages and shoulder washout. Reduced: $4,000 due to the costs not meeting the minimum project threshold.","<b>Cat C: Estimated $4,000</b> - for road damages and shoulder washout. <b>Reduced: $4,000</b> due to the costs not meeting the minimum project threshold.",Jessica Price,WI PDA - May 2026 - Table A.xlsx,True,Township of Johnston
2026-May-WI-0099,2026-May-WI,2026,May,WI,5893718,11433812.92,4923,Rock,True,163687,795518.82,,,Township of La Prairie,7500.0,,,,,,,7500.0,Complete,Municipality,"Cat A: Estimated $7,500 for vegetative debris removal from roads and a culvert. Validated $7,500 from applicant documents.
Cat B: Estimated $1,000 for road barricades and road signs. Reduced: $1,000 due to the costs not meeting the minimum project threshold of $4,100
Cat C: Estimated $3,000 for road washout near a culvert. Reduced $3,000 ( including $1,000 due to ineligible costs of unidentified road damage) and the costs not meeting the minimum project threshold of $4,100.","<b>Cat A: Estimated $7,500</b> for vegetative debris removal from roads and a culvert. <b>Validated $7,500</b> from applicant documents.<br><b>Cat B: Estimated $1,000</b> for road barricades and road signs. <b>Reduced: $1,000</b> due to the costs not meeting the minimum project threshold of $4,100<br><b>Cat C: Estimated $3,000</b> for road washout near a culvert. <b>Reduced $3,000</b> ( including $1,000 due to ineligible costs of unidentified road damage) and the costs not meeting the minimum project threshold of $4,100.",Jessica Price,WI PDA - May 2026 - Table A.xlsx,True,Township of La Prairie
2026-May-WI-0100,2026-May-WI,2026,May,WI,5893718,11433812.92,4923,Rock,True,163687,795518.82,,,Township of Milton,6000.0,11000.0,13241.0,,,,,30241.0,Complete,Municipality,"Cat A: Estimated $6,000 for debris removal. Validated $6,000 from applicant documentation.
Cat B: Estimated $11,000 for sandbagging, road barricading, and monitoring. Validated $11,000 from applicant documentation.
Cat C: Estimated $16,741 for road damage (shoulder and culvert washout). RFI was issued for 4 Cat C sites requesting specific damages to be identified. Applicant withdrew 4 Cat C sites. Reduced $500 due to damages on a major collector . Validated: $13,241 based on applicant documentation
Cat E: Estimated $250 for building damages/contents. Reduced: $250 for not meeting the minimum project threshold of $4,100","<b>Cat A: Estimated $6,000</b> for debris removal. <b>Validated $6,000</b> from applicant documentation.<br><b>Cat B: Estimated $11,000</b> for sandbagging, road barricading, and monitoring. <b>Validated $11,000</b> from applicant documentation.<br><b>Cat C: Estimated $16,741</b> for road damage (shoulder and culvert washout). RFI was issued for 4 Cat C sites requesting specific damages to be identified. Applicant withdrew 4 Cat C sites. <b>Reduced $500</b> due to damages on a major collector .<b> Validated: $13,241</b> based on applicant documentation<br><b>Cat E: Estimated $250</b> for building damages/contents.<b> Reduced: $250</b> for not meeting the minimum project threshold of $4,100",Jessica Price,WI PDA - May 2026 - Table A.xlsx,True,Township of Milton
2026-May-WI-0101,2026-May-WI,2026,May,WI,5893718,11433812.92,4923,Rock,True,163687,795518.82,,,Township of Orfodville,,,,,12500.0,,,12500.0,Complete,Municipality,"Cat B: Estimated $1,014.80 for sandbagging and barricading.  Reduced: $1,014.80 due to the costs not meeting the minimum project threshold
Cat E: Estimated $12,500 for insurance deductible for building damages. RFI sent to applicant for insurance documents for the building. Insurance documents couldn't be provided in short timeline, applicant provided confirmation of deductibles via email from insurance agent. Validated: $12,500","<b>Cat B: Estimated $1,014.80</b> for sandbagging and barricading.  <b>Reduced: $1,014.80</b> due to the costs not meeting the minimum project threshold<br><b>Cat E: Estimated $12,500</b> for insurance deductible for building damages. RFI sent to applicant for insurance documents for the building. Insurance documents couldn&#x27;t be provided in short timeline, applicant provided confirmation of deductibles via email from insurance agent. <b>Validated: $12,500</b>",Jessica Price,WI PDA - May 2026 - Table A.xlsx,True,Township of Orfodville
2026-May-WI-0102,2026-May-WI,2026,May,WI,5893718,11433812.92,4923,Rock,True,163687,795518.82,,,Township of Plymouth,13475.0,,12550.0,,,,,26025.0,Complete,Municipality,"Cat A: Estimated $13,475 for jurisdiction-wide debris removal. Validated: $13,475 based on applicant documentation.
Cat B: Estimated $2,800 for emergency protective measures. Reduced $2,800 for not meeting FY26 minimum project threshold of $4,100. 
Cat C:  Estimated 12,550 for washout and road damages.  Validated $12,550  from applicant documentation
Cat E: Estimated $30,000 for damages to building equipment caused by flooding. RFI sent to applicant to ask for insurance, a cost breakdown of damages and for any other damages. Reduced $30,000 due to no response to RFI and no specific damages identified by applicant","<b>Cat A: Estimated $13,475</b> for jurisdiction-wide debris removal.<b> Validated: $13,475</b> based on applicant documentation.<br><b>Cat B: Estimated $2,800</b> for emergency protective measures. <b>Reduced $2,800</b> for not meeting FY26 minimum project threshold of $4,100. <br><b>Cat C: </b> <b>Estimated 12,550</b> for washout and road damages.  <b>Validated $12,550 </b> from applicant documentation<br><b>Cat E: Estimated $30,000</b> for damages to building equipment caused by flooding. RFI sent to applicant to ask for insurance, a cost breakdown of damages and for any other damages.<b> Reduced $30,000 </b>due to no response to RFI and no specific damages identified by applicant<b> </b>",Jessica Price,WI PDA - May 2026 - Table A.xlsx,True,Township of Plymouth
2026-May-WI-0103,2026-May-WI,2026,May,WI,5893718,11433812.92,4923,Rock,True,163687,795518.82,,,Township of Porter,,,,,,,,,Complete,Municipality,Applicant is requesting withdrawal.,Applicant is requesting withdrawal.,Jessica Price,WI PDA - May 2026 - Table A.xlsx,True,Township of Porter
2026-May-WI-0104,2026-May-WI,2026,May,WI,5893718,11433812.92,4923,Rock,True,163687,795518.82,,,Township of Rock,36750.0,19200.0,28750.0,,,,,84700.0,Complete,Municipality,"Cat A: Estimated: $39,250 for debris removal. Reduced: $2,500 due to ineligible costs for debris removed from a cemetery Validated: $36,750 based on applicant documentation.
Cat B: Estimated: $19,200 for sandbagging (transport, production and disposal) and barricading and signage. Validated $19,200 based on applicant documentation.
Cat C: Estimated: $437,750 for washout to road, shoulders and culverts. Reduced: $409,000 due to damages on major collectors Rockport Rd and Plymouth Church Rd. Validated: $28,750 based on the applicant documentation
Cat G: Estimated: $2,400 for damages to a fence and headstones. RFI sent to applicant to separate the costs of damages. Applicant provided the requested breakdown but it did not add additional costs. Reduced: $2400 due to the costs not meeting the minimum project threshold of $4,100.","<b>Cat A: Estimated: $39,250</b> for debris removal.<b> Reduced: $2,500</b> due to ineligible costs for debris removed from a cemetery <b>Validated: $36,750</b> based on applicant documentation.<br><b>Cat B: Estimated</b>: <b>$19,200</b> for sandbagging (transport, production and disposal) and barricading and signage. <b>Validated $19,200</b> based on applicant documentation.<br><b>Cat C: Estimated: $437,750</b> for washout to road, shoulders and culverts.<b> Reduced: $409,000</b> due to damages on major collectors Rockport Rd and Plymouth Church Rd. <b>Validated: $28,750</b> based on the applicant documentation<br><b>Cat G: Estimated: $2,400</b> for damages to a fence and headstones. RFI sent to applicant to separate the costs of damages. Applicant provided the requested breakdown but it did not add additional costs. <b>Reduced: $2400</b> due to the costs not meeting the minimum project threshold of $4,100.",Jessica Price,WI PDA - May 2026 - Table A.xlsx,True,Township of Rock
2026-May-WI-0105,2026-May-WI,2026,May,WI,5893718,11433812.92,4923,Rock,True,163687,795518.82,,,Township of Spring Valley,,,24500.0,,,,,24500.0,Complete,Municipality,"Cat B: Estimated $1,400 for barricading and signage. Reduced: $1,400 due to costs not meeting minimum project threshold. 
Cat C: Estimated $24,500 for road and shoulder damages. Validated: $24,500 based on applicant documentation.","<b>Cat B: Estimated $1,400</b> for barricading and signage. <b>Reduced: $1,400</b> due to costs not meeting minimum project threshold. <br><b>Cat C: Estimated $24,50</b>0 for road and shoulder damages.<b> Validated: $24,500</b> based on applicant documentation.",Jessica Price,WI PDA - May 2026 - Table A.xlsx,True,Township of Spring Valley
2026-May-WI-0106,2026-May-WI,2026,May,WI,5893718,11433812.92,4923,Rock,True,163687,795518.82,,,Township of Turtle,,,,,,,,,Complete,Municipality,Cat A: Estimated $975 for debris removal. Reduced $975 due to the project cost not meeting the minimum project threshold.,<b>Cat A: Estimated $97</b>5 for debris removal.<b> Reduced $975</b> due to the project cost not meeting the minimum project threshold.,Jessica Price,WI PDA - May 2026 - Table A.xlsx,True,Township of Turtle
2026-May-WI-0107,2026-May-WI,2026,May,WI,5893718,11433812.92,4923,Sauk,False,65763,319608.18,,,Town of Baraboo,,,10224.5,,,,,10224.5,Complete,City,"CAT C: Estimated: $10,224.5 for road damages to approximately 8 township roads and culverts. Validated: $10,224.5 utilizing Applicant provided photos and cost summaries.","<b>CAT C: Estimated:</b> $10,224.5 for road damages to approximately 8 township roads and culverts. <b>Validated</b>: $10,224.5 utilizing Applicant provided photos and cost summaries.",Shawana Thomas,WI PDA - May 2026 - Table A.xlsx,True,Town of Baraboo
2026-May-WI-0108,2026-May-WI,2026,May,WI,5893718,11433812.92,4923,Sauk,False,65763,319608.18,,,Town of Excelsior,14115.0,,31748.19,,,,,45863.19,Complete,City,"Cat A: Estimated $14,115 for roadside debris tree removal and clean up. Validated: $14,115 based on Applicant's contract and equipment summaries.
Cat C: Estimated $31,748.19 for shoulder and ditch repair for (8) road sites. Validated: $31,748.19 by Applicant provided detailed damage photos, descriptions and cost estimates for all sites.","<b>Cat A: Estimated</b> $14,115 for roadside debris tree removal and clean up. <b>Validated:</b> $14,115 based on Applicant&#x27;s contract and equipment summaries.<br><b>Cat C: Estimated</b> $31,748.19 for shoulder and ditch repair for (8) road sites. <b>Validated:</b> $31,748.19 by Applicant provided detailed damage photos, descriptions and cost estimates for all sites.",Shawana Thomas,WI PDA - May 2026 - Table A.xlsx,True,Town of Excelsior
2026-May-WI-0109,2026-May-WI,2026,May,WI,5893718,11433812.92,4923,Sauk,False,65763,319608.18,,,Town of Freedom,10510.21,,14740.29,,,,,25250.5,Complete,City,"CAT A: Estimated: $10,510 for FAL and vegetative debris removal Validated: $10,510 using applicant provided cost breakdown
CAT C: Estimated: $14,740 for road washouts, road materials purchased, contract labor and culvert repair/replacement Validated: $14,740 using applicant provided cost summary and documentation.","CAT A: Estimated: $10,510 for FAL and vegetative debris removal <b>Validated: </b>$10,510 using applicant provided cost breakdown<br><b>CAT C: Estimated: </b>$14,740 for road washouts, road materials purchased, contract labor and culvert repair/replacement <b>Validated: </b>$14,740 using applicant provided cost summary and documentation.",Shawana Thomas,WI PDA - May 2026 - Table A.xlsx,True,Town of Freedom
2026-May-WI-0110,2026-May-WI,2026,May,WI,5893718,11433812.92,4923,Sauk,False,65763,319608.18,,,Town of Prairie Du Sac,,,9454.24,,,,,9454.24,Complete,City,"CAT C: Estimated: $9,454 for repair to 2 gravel roads completely destryoed by flood waters; incidental debris removal to complete road repairs. Validated: $9,454 using applicant costs summaries, photos and invoices.","CAT C: Estimated: $9,454 for repair to 2 gravel roads completely destryoed by flood waters; incidental debris removal to complete road repairs. <b>Validated: </b>$9,454 using applicant costs summaries, photos and invoices.",Shawana Thomas,WI PDA - May 2026 - Table A.xlsx,True,Town of Prairie Du Sac
2026-May-WI-0111,2026-May-WI,2026,May,WI,5893718,11433812.92,4923,Sauk,False,65763,319608.18,,,Village of Merrimac,14543.32,,,,,,,14543.32,Complete,City,"CAT A: Estimated: $14,543 for debris cleanup on 21 roads totaling 1,200 cubic yards of debris. Validated: $14,543 using applicant documentation, cost summaries and invoices.
CAT B: Estimated: $679 for portable generator to power the lift station. Reduced: $679 for not meeting FY26 minimum project threshold of $4,100
CAT E: Estimated: $1,000 insurance deductible for antenna repair. Reduced: $1,000 for not meeting FY26 minimum project threshold of $4,100","<b>CAT A: Estimated: </b>$14,543 for debris cleanup on 21 roads totaling 1,200 cubic yards of debris. <b>Validated: </b>$14,543 using applicant documentation, cost summaries and invoices.<br><b>CAT B: Estimated: </b>$679 for portable generator to power the lift station. <b>Reduced: </b>$679 for not meeting FY26 minimum project threshold of $4,100<br><b>CAT E: Estimated: </b>$1,000 insurance deductible for antenna repair. <b>Reduced: </b>$1,000 for not meeting FY26 minimum project threshold of $4,100",Shawana Thomas,WI PDA - May 2026 - Table A.xlsx,True,Village of Merrimac
2026-May-WI-0112,2026-May-WI,2026,May,WI,5893718,11433812.92,4923,Sauk,False,65763,319608.18,,,Village of Prairie Du Sac,50439.95,,,,,,,50439.95,Complete,City,"Cat A: Estimated $50,439.95 for debris tree removal and clean up. Validated: $50,439.95 based on Applicant's FAL, contract, and equipment summaries.
Cat B: Estimated $3,760.29 for FAL emergency protective measures. Reduced: $3,760.29 for not meeting FY26 minimum project threshold of $4,100.","<b>Cat A: Estimated</b> $50,439.95 for debris tree removal and clean up. <b>Validated:</b> $50,439.95 based on Applicant&#x27;s FAL, contract, and equipment summaries.<br><b>Cat B: Estimated</b> $3,760.29 for FAL emergency protective measures. <b>Reduced</b>: $3,760.29 for not meeting FY26 minimum project threshold of $4,100.",Shawana Thomas,WI PDA - May 2026 - Table A.xlsx,True,Village of Prairie Du Sac
2026-May-WI-0113,2026-May-WI,2026,May,WI,5893718,11433812.92,4923,Vernon,True,30714,149270.04,,,Bethel Buttik Food Pantry,,,,,,,,,Complete,PNP,"Cat E: Estimated $64,080.00. Damage to Building Roof, siding, A/C units Reduced: $64,080.00: covered by insurance. Validated $0 Permanent work for PNP that is not performing critical services","<b>Cat E</b>: <b>Estimated $64,080.00</b>. Damage to Building Roof, siding, A/C units <b>Reduced: $64,080.00</b>: covered by insurance. <b>Validated $0</b> Permanent work for PNP that is not performing critical services",Richard Chiarello,WI PDA - May 2026 - Table A.xlsx,True,Bethel Buttik Food Pantry
2026-May-WI-0114,2026-May-WI,2026,May,WI,5893718,11433812.92,4923,Vernon,True,30714,149270.04,,,Bethesda Church,,,,,,,,,Complete,PNP,No documents in folders,No documents in folders,Richard Chiarello,WI PDA - May 2026 - Table A.xlsx,True,Bethesda Church
2026-May-WI-0115,2026-May-WI,2026,May,WI,5893718,11433812.92,4923,Vernon,True,30714,149270.04,,,Bland Clinic - Vernon Health,,,,,100000.0,,,100000.0,Complete,PNP,"Cat E: Estimated $116,625.00 Storm damage to steel roof. Reduced $16,625.000: covered by insurance. Validated $100,000.00: Deductable applied, validated with applicant damage estimate for Labor and Material.","<b>Cat E: Estimated $116,625.00</b> Storm damage to steel roof. <b>Reduced $16,625.000:</b> covered by insurance. <b>Validated $100,000.00: </b>Deductable applied, validated with applicant damage estimate for Labor and Material.",Richard Chiarello,WI PDA - May 2026 - Table A.xlsx,True,Bland Clinic - Vernon Health
2026-May-WI-0116,2026-May-WI,2026,May,WI,5893718,11433812.92,4923,Vernon,True,30714,149270.04,,,City of Viroqua,,,,,7000.0,,,7000.0,Complete,Municipality,"Cat E: Estimated $64,036.68 Storm damage to 2 city police vechicles and 1 city cab. Reduced $57,036.68: covered by insurance. Validated $7,000.00: Deductable applied, validated by applicant supplied cost estimate","<b>Cat E: Estimated $64,036.68</b> Storm damage to 2 city police vechicles and 1 city cab. <b>Reduced $57,036.68:</b> covered by insurance. <b>Validated $7,000.00</b>: Deductable applied, validated by applicant supplied cost estimate",Richard Chiarello,WI PDA - May 2026 - Table A.xlsx,True,City of Viroqua
2026-May-WI-0117,2026-May-WI,2026,May,WI,5893718,11433812.92,4923,Vernon,True,30714,149270.04,,,City of Westby,,,,,,,,,Complete,Municipality,No documents in folders,No documents in folders,Richard Chiarello,WI PDA - May 2026 - Table A.xlsx,True,City of Westby
2026-May-WI-0118,2026-May-WI,2026,May,WI,5893718,11433812.92,4923,Vernon,True,30714,149270.04,,,Coon Prairie Lutheran Church,,,,,,,,,Complete,PNP,"Cat E: Estimated: $55,181.00 Damage to Building Roof, 3 A/C units, 12 windows, Commerecial Sign: Reduced: $55,181.00 Validated: $0 Permanent work for PNP not performing critical services","<b>Cat E:</b> <b>Estimated: $55,181.00</b> Damage to Building Roof, 3 A/C units, 12 windows, Commerecial Sign: <b>Reduced: $55,181.00</b> <b>Validated: $0</b> Permanent work for PNP not performing critical services",Richard Chiarello,WI PDA - May 2026 - Table A.xlsx,True,Coon Prairie Lutheran Church
2026-May-WI-0119,2026-May-WI,2026,May,WI,5893718,11433812.92,4923,Vernon,True,30714,149270.04,,,Couleecap Inc,,,,,,,,,Complete,PNP,"Cat E: Estimated $941,449.97 Damages to facility related to hail and wind (roof, windows, A/C) 16 vehicles with hail damage. Reduced $941,449.97 damages covered by insurance. Validated $0 Permanent work for PNP that is not performing critical services","<b>Cat E: Estimated $941,449.97</b> Damages to facility related to hail and wind (roof, windows, A/C) 16 vehicles with hail damage. <b>Reduced $941,449.97</b> damages covered by insurance. <b>Validated $0</b> Permanent work for PNP that is not performing critical services",Richard Chiarello,WI PDA - May 2026 - Table A.xlsx,True,Couleecap Inc 
2026-May-WI-0120,2026-May-WI,2026,May,WI,5893718,11433812.92,4923,Vernon,True,30714,149270.04,,,Department of Transportation - Vernon Co.,,67763.0,,,,,,67763.0,Complete,Government,"Cat B: Estimated: $67,763 for traffic control cost due to road closure and detours from flooding. Validated: $67,763 with applicant provided summary sheets.
Cat C: Estimated: $2,775 for road damages due to flooding. Reduced: $2,775 road is FHWA eligible. Validated: $0","Cat B: <b>Estimated:</b> $67,763 for traffic control cost due to road closure and detours from flooding. <b>Validated:</b> $67,763 with applicant provided summary sheets.<br>Cat C: <b>Estimated: </b>$2,775 for road damages due to flooding. <b>Reduced: </b>$2,775 road is FHWA eligible. <b>Validated:</b> $0",Richard Chiarello,WI PDA - May 2026 - Table A.xlsx,True,Department of Transportation
2026-May-WI-0121,2026-May-WI,2026,May,WI,5893718,11433812.92,4923,Vernon,True,30714,149270.04,,,Norseland Nursing Home,,,,,,,,,Complete,PNP,No documents in folders,No documents in folders,Richard Chiarello,WI PDA - May 2026 - Table A.xlsx,True,Norseland Nursing Home
2026-May-WI-0122,2026-May-WI,2026,May,WI,5893718,11433812.92,4923,Vernon,True,30714,149270.04,,,Our Saviors Lutheran Church,,,,,,,,,Complete,PNP,No documents in folders,No documents in folders,Richard Chiarello,WI PDA - May 2026 - Table A.xlsx,True,Our Saviors Lutheran Church
2026-May-WI-0123,2026-May-WI,2026,May,WI,5893718,11433812.92,4923,Vernon,True,30714,149270.04,,,Township of Christiana,,,,,,,,,Complete,Municipality,No documents in folders,No documents in folders,Richard Chiarello,WI PDA - May 2026 - Table A.xlsx,True,Township of Christiana
2026-May-WI-0124,2026-May-WI,2026,May,WI,5893718,11433812.92,4923,Vernon,True,30714,149270.04,,,Vernon County,,,,,4500.0,,,4500.0,Complete,County,"Cat E: Estimated $64,036.68 Storm damage to 2 city police vechicles and 1 city handicap accessible vehicle. Reduced: $59,536.68 covered by insurance Validated $4,500.00: deductible applied, validated with applicant supplied estimate.","<b>Cat E: Estimated $64,036.68 </b>Storm damage to 2 city police vechicles and 1 city handicap accessible vehicle.<b> Reduced: $59,536.68 </b>covered by insurance <b>Validated $4,500.00</b>: deductible applied, validated with applicant supplied estimate.",Richard Chiarello,WI PDA - May 2026 - Table A.xlsx,True,Vernon County
2026-May-WI-0125,2026-May-WI,2026,May,WI,5893718,11433812.92,4923,Vernon,True,30714,149270.04,,,Vernon Eletrical Cooperative,,,,,5000.0,15756.0,,20756.0,Complete,Co Op,"Cat E: Estimated $718,205.89 Damage to Vernon Electric Building Roof, 32 windows, and 6 doors. Reduced: $713,205.89 covered by insurance. Validated $5,000.00 deductable applied, validated with applicant estimate.Cat F: Estimated: $32,213.89 Damage to Electrical poles, lines, and solar panels. Reduced $16,457.80 solar panals covered by insurance Validated: $15,756.29 damage to electrical poles and lines estimate provided by applicant.","<b>Cat E: Estimated $718,205.89</b> Damage to Vernon Electric Building Roof, 32 windows, and 6 doors. <b>Reduced: $713,205.89 </b>covered by insurance. <b>Validated $5,000.00 </b>deductable applied, validated with applicant estimate.<b>Cat F: Estimated: $32,213.89</b> Damage to Electrical poles, lines, and solar panels. <b>Reduced $16,457.80 </b>solar panals covered by insurance <b>Validated: $15,756.29 </b>damage to electrical poles and lines estimate provided by applicant.",Richard Chiarello,WI PDA - May 2026 - Table A.xlsx,True,Vernon Eletrical Cooperative
2026-May-WI-0126,2026-May-WI,2026,May,WI,5893718,11433812.92,4923,Vernon,True,30714,149270.04,,,Village of Chaseburg,,,,,,,,,Complete,Municipality,No documents in folders,No documents in folders,Richard Chiarello,WI PDA - May 2026 - Table A.xlsx,True,Village of Chaseburg
2026-May-WI-0127,2026-May-WI,2026,May,WI,5893718,11433812.92,4923,Vernon,True,30714,149270.04,,,Village of Coon Valley,,,,,,,,,Complete,Municipality,No documents in folders,No documents in folders,Richard Chiarello,WI PDA - May 2026 - Table A.xlsx,True,Village of Coon Valley
2026-May-WI-0128,2026-May-WI,2026,May,WI,5893718,11433812.92,4923,Vernon,True,30714,149270.04,,,Westby Schools,,,,,917726.0,,,917726.0,Complete,Other,"Cat E: Estimated $917,726.00 damage to school district facilities and grounds; 2 schools and outbuildings (roofs, electronic scoreboard and signs, bleachers, and windows) 8 vehicles Reduced: 0 Validated: $917,726.00 applicant claiming deductible; per policy 1% of assessed value of property and 1k deductible per vehicle (8)","Cat E: Estimated $917,726.00 damage to school district facilities and grounds; 2 schools and outbuildings (roofs, electronic scoreboard and signs, bleachers, and windows) 8 vehicles Reduced: 0 Validated: $917,726.00 applicant claiming deductible; per policy 1% of assessed value of property and 1k deductible per vehicle (8)",Richard Chiarello,WI PDA - May 2026 - Table A.xlsx,True,Westby Schools
2026-May-WI-0129,2026-May-WI,2026,May,WI,5893718,11433812.92,4923,Waupaca,True,51812,251806.32,,,City of Manawa,,,,,,,,,Complete,,"CAT B: Estimated: $3,000 for traffic control cost for road closure due to washout. Reduced: $3,000 for not meeting FY26 minimum project threshold of $4,100.","CAT B: <b>Estimated:</b> $3,000 for traffic control cost for road closure due to washout. <b>Reduced:</b> $3,000 for not meeting FY26 minimum project threshold of $4,100.",Javon Cotton,WI PDA - May 2026 - Table A.xlsx,True,City of Manawa
2026-May-WI-0130,2026-May-WI,2026,May,WI,5893718,11433812.92,4923,Waupaca,True,51812,251806.32,,,City of New London,13931.83,91434.63,,,,63011.69,16237.0,184615.15,Complete,,"Cat A: Estimated: $13,931.83 for debris and silt removal from park fences, sewers and dugouts. Validated: $13,931.83 from labor summary sheets.
Cat B: Estimated:$197,577.63  for the removal of flood waters in city building by the use of three 3"" pumps. Reduced:$106,142.99 ; for straight time labor ($73,587), donated labor ($18,141.46), donated equipment($4,600) and donated materials ($9,814.53). Validated: $91,434.63 using applicant provided summary sheets.
Cat C: Estimated:$675 for inspection of the North Water St Bridge. Reduced: $675 for inspection. Validated: $0, costs only related to inspections.
Cat F: Estimated: $63,011.69 for sewer damages and labor cost. Validated: $63,011.69 using applicant provided summary sheets.
Cat G: Estimated: $16,237 for park erosion of a ball diamond infield and playground wood chips. Validated: $16,237 using applicant provided summary sheets.","Cat A: <b>Estimated: </b>$13,931.83 for debris and silt removal from park fences, sewers and dugouts. <b>Validated:</b> $13,931.83 from labor summary sheets.<br>Cat B: <b>Estimated:</b>$197,577.63  for the removal of flood waters in city building by the use of three 3&quot; pumps. <b>Reduced:</b>$106,142.99 ; for straight time labor ($73,587), donated labor ($18,141.46), donated equipment($4,600) and donated materials ($9,814.53). <b>Validated:</b> $91,434.63 using applicant provided summary sheets.<br>Cat C: <b>Estimated:</b>$675 for inspection of the North Water St Bridge. <b>Reduced:</b> $675 for inspection. <b>Validated:</b> $0, costs only related to inspections.<br>Cat F: <b>Estimated: </b>$63,011.69 for sewer damages and labor cost. <b>Validated: </b>$63,011.69 using applicant provided summary sheets.<br>Cat G: <b>Estimated:</b> $16,237 for park erosion of a ball diamond infield and playground wood chips. <b>Validated</b>: $16,237 using applicant provided summary sheets.",Javon Cotton,WI PDA - May 2026 - Table A.xlsx,True,City of New London
2026-May-WI-0131,2026-May-WI,2026,May,WI,5893718,11433812.92,4923,Waupaca,True,51812,251806.32,,,Clintonville Fire,,,,,,,,,Complete,,"Cat B: Estimated: $0 for evacuation via water rescue and traffic control during road closures due to flooding. Reduced: $0 Validated: $0 RFI submitted May 11th, with no response. Applicant is complete.","Cat B: <b>Estimated:</b> $0 for evacuation via water rescue and traffic control during road closures due to flooding. <b>Reduced:</b> $0 <b>Validated:</b> $0 RFI submitted May 11th, with no response. Applicant is complete.<br>",Javon Cotton,WI PDA - May 2026 - Table A.xlsx,True,Clintonville Fire
2026-May-WI-0132,2026-May-WI,2026,May,WI,5893718,11433812.92,4923,Waupaca,True,51812,251806.32,,,Clintonville Police Dept,,9870.41,,,,,,9870.41,Complete,,"Cat B: Estimated: $9,870.41, applicant responded to RFI and provided description of work of emergency protective measures performed.  Validated: $9,870.41 with description of work and timesheet summary.","Cat B: <b>Estimated: </b>$9,870.41, applicant responded to RFI and provided description of work of emergency protective measures performed.  <b>Validated:</b> $9,870.41 with description of work and timesheet summary. <br><br>",Javon Cotton,WI PDA - May 2026 - Table A.xlsx,True,Clintonville Police Dept
2026-May-WI-0133,2026-May-WI,2026,May,WI,5893718,11433812.92,4923,Waupaca,True,51812,251806.32,,,Clintonville Public Works,,,297372.88,,,,,297372.88,Complete,,"Cat C: Estimated: $349,626.00 for flooding damages to repair in kind for three pedestrian bridges, collapsing shoreline of parking lot labor, and materials and equipment. Reduced: $52,253.12 due to applicant's updated cost estimates and FEMA updated estimate using WIsDOT weight average unit prices between 1/1/23 - 12/31/25. Validated: $297,372.88  utilizing applicant provided photos, cost estimates and FEMA updated cost estimate. 
Cat E: Estimated: $3,000 for replacement of water heaters in facilities due to flooding. Reduced: $3,000 for not meeting FY26 minimum project threshold of $4,100. Validated: $0","Cat C: <b>Estimated: </b>$349,626.00 for flooding damages to repair in kind for three pedestrian bridges, collapsing shoreline of parking lot labor, and materials and equipment. <b>Reduced: </b>$52,253.12 due to applicant&#x27;s updated cost estimates and FEMA updated estimate using WIsDOT weight average unit prices between 1/1/23 - 12/31/25. <b>Validated: </b>$297,372.88  utilizing applicant provided photos, cost estimates and FEMA updated cost estimate. <br>Cat E: <b>Estimated:</b> $3,000 for replacement of water heaters in facilities due to flooding. <b>Reduced</b>: $3,000 for not meeting FY26 minimum project threshold of $4,100. <b>Validated:</b> $0<br>",Javon Cotton,WI PDA - May 2026 - Table A.xlsx,True,Clintonville Public Works
2026-May-WI-0134,2026-May-WI,2026,May,WI,5893718,11433812.92,4923,Waupaca,True,51812,251806.32,,,Clintonville Utilities,,,,,,,,,Complete,,"Cat : Estimated: $907.20, documents provided supports Ice Storm. Reduced: $907.20 applicant is covered by insurance for the flood event, no cost submitted.","Cat : <b>Estimated: </b>$907.20, documents provided supports Ice Storm. <b>Reduced: </b>$907.20 applicant is covered by insurance for the flood event, no cost submitted.<b><br></b>",Javon Cotton,WI PDA - May 2026 - Table A.xlsx,True,Clintonville Utilities
2026-May-WI-0135,2026-May-WI,2026,May,WI,5893718,11433812.92,4923,Waupaca,True,51812,251806.32,,,Town of Scandinavia,,,,,,,,,Complete,,"Cat C: Estimated: $200 no damage descriptions or support documents provided. Reduced: $200 for not meeting FY26 minimum project threshold of $4,100.","Cat C: <b>Estimated</b>: $200 no damage descriptions or support documents provided. <b>Reduced:</b> $200 for not meeting FY26 minimum project threshold of $4,100.",Javon Cotton,WI PDA - May 2026 - Table A.xlsx,True,Town of Scandinavia 
2026-May-WI-0136,2026-May-WI,2026,May,WI,5893718,11433812.92,4923,Waupaca,True,51812,251806.32,,,Town of Wyoming,,,13000.0,,,,,13000.0,Complete,,"Cat C: Estimated: $13,000 for various road wash outs due to flooding. Validated: $13,000 based on applicant provided photos and cost estimate.","Cat C: <b>Estimated:</b> $13,000 for various road wash outs due to flooding. <b>Validated</b>: $13,000 based on applicant provided photos and cost estimate.",Javon Cotton,WI PDA - May 2026 - Table A.xlsx,True,Town of Wyoming 
2026-May-WI-0137,2026-May-WI,2026,May,WI,5893718,11433812.92,4923,Waupaca,True,51812,251806.32,,,Township of Fremont,4766.09,,,,,,,4766.09,Complete,,"CAT A: Estimated: $4,766.09 for rental of dumpster and debris removal from private property. Validated: $ $4,766.09 using applicant provided summary sheets.","CAT A: <b>Estimated: </b>$4,766.09 for rental of dumpster and debris removal from private property. <b>Validated: </b>$ $4,766.09 using applicant provided summary sheets.",Javon Cotton,WI PDA - May 2026 - Table A.xlsx,True,Township of Fremont
2026-May-WI-0138,2026-May-WI,2026,May,WI,5893718,11433812.92,4923,Waupaca,True,51812,251806.32,,,Township of Helvetia,,,,,,,,,Complete,,"CAT B: Estimated: $3,250.00 for road washout due to flooding. Reduced: $3,250 for not meeting FY26 minimum project threshold of $4,100.","CAT B:<b> Estimated</b>: $3,250.00 for road washout due to flooding. <b>Reduced</b>: $3,250 for not meeting FY26 minimum project threshold of $4,100.",Javon Cotton,WI PDA - May 2026 - Table A.xlsx,True,Township of Helvetia 
2026-May-WI-0139,2026-May-WI,2026,May,WI,5893718,11433812.92,4923,Waupaca,True,51812,251806.32,,,Village of Big Falls,,19613.0,,5500.0,,,,25113.0,Complete,,"CAT B: Estimated: $19,733.00  for sand bagging, labor and materials to prevent dam overflow due to flood waters. Reduced: $120.00 for postage for thank you cards and board meeting. Validated: $19,613.00 using applicant provided cost estimation.
CAT D: Estimated: $5,500.00  for equipment damaged during flooding, materials and labor.  Validated: $5,500.00  using applicant provided cost summary.","CAT B: <b>Estimated:</b> $19,733.00  for sand bagging, labor and materials to prevent dam overflow due to flood waters. <b>Reduced</b>: $120.00 for postage for thank you cards and board meeting. <b>Validated:</b> $19,613.00 using applicant provided cost estimation.<br>CAT D: <b>Estimated:</b> $5,500.00  for equipment damaged during flooding, materials and labor.  <b>Validated:</b> $5,500.00  using applicant provided cost summary.",Javon Cotton,WI PDA - May 2026 - Table A.xlsx,True,Village of Big Falls 
2026-May-WI-0140,2026-May-WI,2026,May,WI,5893718,11433812.92,4923,Waupaca,True,51812,251806.32,,,Village of Embarrass,,,10000.0,,,,,10000.0,Complete,,"CAT C: Estimated: $10,000 for road washout and storm basin replacement due to flooding. Validated: $10,000 using photos and cost estimates provided by the applicant. CAT E: Estimated: $3,626.00 for facility damage due to flooding. Reduced: $3,626 for not meeting FY26 minimum project threshold of $4,100. Validated: $0","CAT C: <b>Estimated:</b> $10,000 for road washout and storm basin replacement due to flooding. <b>Validated: </b>$10,000 using photos and cost estimates provided by the applicant. CAT E: <b>Estimated: </b>$3,626.00 for facility damage due to flooding. <b>Reduced: </b>$3,626 for not meeting FY26 minimum project threshold of $4,100. <b>Validated:</b> $0",Javon Cotton,WI PDA - May 2026 - Table A.xlsx,True,Village of Embarrass 
2026-May-WI-0141,2026-May-WI,2026,May,WI,5893718,11433812.92,4923,Waupaca,True,51812,251806.32,,,Village of Fremont,202004.67,26354.95,356218.0,,130701.83,118820.7,19000.0,853100.15,Complete,,"CAT A: Estimated: $202,004.67 for equipment and materials used to perform debris removal. Validated: $202,004.67 from applicant provided summary sheet for equipment materials and contract work. 
CAT B: Estimated: $26,354.95 labor, materials and contract work to address flooding in jurisdiction. Validated: $26,354.95 with applicant provided summary sheets for labor, materials and contracts used to perform protective measures.
CAT C: Estimated: $356,218.00 for contract work to address streets, storm drains and sidewalk damages. Validated: $356,218.00 with the use of applicant provided summary sheet for materials and contract estimate. 
CAT E: Estimated: $321,754.58 for materials and contract work used ot address building damages to Village Hall. Reduced:$191,052.75 using the mandatory NFIP reduction. Validated: $130,701.83  with summary sheet with materials and contract work for repairs to building. 
CAT F: Estimated: $118,820.70 for material and contract work to address sewer system functionality as well as repairs to pump. Validated: $118,820.70 with summary sheet with materials and contracts used to perform the work. 
CAT G: Estimated: $19,000 for repairs to their beach and park playground, sidwalks, benches, picnic tables and pavillion. Validated: $19,000 from summary sheet provided by applicant.","CAT A: <b>Estimated:</b> $202,004.67 for equipment and materials used to perform debris removal. <b>Validated:</b> $202,004.67 from applicant provided summary sheet for equipment materials and contract work. <br>CAT B: <b>Estimated:</b> $26,354.95 labor, materials and contract work to address flooding in jurisdiction. <b>Validated</b>: $26,354.95 with applicant provided summary sheets for labor, materials and contracts used to perform protective measures.<br>CAT C: <b>Estimated</b>: $356,218.00 for contract work to address streets, storm drains and sidewalk damages. <b>Validated: </b>$356,218.00 with the use of applicant provided summary sheet for materials and contract estimate. <br>CAT E:<b> Estimated</b>: $321,754.58 for materials and contract work used ot address building damages to Village Hall. <b>Reduced</b>:$191,052.75 using the mandatory NFIP reduction.<b> Validated</b>: $130,701.83  with summary sheet with materials and contract work for repairs to building. <br>CAT F: <b>Estimated:</b> $118,820.70 for material and contract work to address sewer system functionality as well as repairs to pump. <b>Validated:</b> $118,820.70 with summary sheet with materials and contracts used to perform the work. <br>CAT G: <b>Estimated</b>: $19,000 for repairs to their beach and park playground, sidwalks, benches, picnic tables and pavillion. <b>Validated:</b> $19,000 from summary sheet provided by applicant.",Javon Cotton,WI PDA - May 2026 - Table A.xlsx,True,Village of Fremont 
2026-May-WI-0142,2026-May-WI,2026,May,WI,5893718,11433812.92,4923,Waupaca,True,51812,251806.32,,,Village of Scandinavia,,,,18300.0,,,,18300.0,Complete,,"CAT D: Estimated: $18,300 removal of debris, and cost related to fixing damages to dam (replacing rip rap and installing geotextile in a few areas) due to flooding. Validated: $18,300 using estimates provided by applicant.","CAT D: <b>Estimated:</b> $18,300 removal of debris, and cost related to fixing damages to dam (replacing rip rap and installing geotextile in a few areas) due to flooding. <b>Validated</b>: $18,300 using estimates provided by applicant.",Javon Cotton,WI PDA - May 2026 - Table A.xlsx,True,Village of Scandinavia 
2026-May-WI-0143,2026-May-WI,2026,May,WI,5893718,11433812.92,4923,Waupaca,True,51812,251806.32,,,Waupaca County,,109628.39,165000.0,,,,260000.0,534628.39,Complete,,"CAT B: Estimated: $109,628.39 dispatched officers for flood response. Validated: $109,628.39 using applicant provided timesheets and equipment usage summaries.
CAT C: Estimated: $165,000 for shoulder material and equipment for road damages due to flooding. Validated:$165,000 from damage assessments summary sheet.
CAT G: Estimated: $260,000 for damages to concrete ramp of boat launch and significant park trail washout due to flooding. Validated: $260,000 from estimate and photos provided by applicant.","CAT B: <b>Estimated: </b>$109,628.39 dispatched officers for flood response. <b>Validated</b>: $109,628.39 using applicant provided timesheets and equipment usage summaries.<br>CAT C: <b>Estimated: </b>$165,000 for shoulder material and equipment for road damages due to flooding. <b>Validated:</b>$165,000 from damage assessments summary sheet.<br>CAT G: <b>Estimated</b>: $260,000 for damages to concrete ramp of boat launch and significant park trail washout due to flooding. <b>Validated:</b> $260,000 from estimate and photos provided by applicant.",Javon Cotton,WI PDA - May 2026 - Table A.xlsx,True,Waupaca County
2026-May-WI-0144,2026-May-WI,2026,May,WI,5893718,11433812.92,4923,Waupaca,True,51812,251806.32,,,Wisconsion Department of Transportation,,5000.0,,,,,,5000.0,Complete,Government,"Cat B: Estimated: $5, 000 for traffic control costs due to road closures from flooding. Validated: $5,000 using applicant provided summary sheets.","Cat B: <b>Estimated:</b> $5, 000 for traffic control costs due to road closures from flooding. <b>Validated:</b> $5,000 using applicant provided summary sheets.",Javon Cotton,WI PDA - May 2026 - Table A.xlsx,False,
