county,event_id,applicant,applicant_type,status_raw,status_norm,cat_a,cat_b,cat_c,cat_d,cat_e,cat_f,cat_g,total_calc,wb_row_total,comment,comment_html
Alcona,E1,Alcona County Road Commission,County,Complete,complete,0.0,78740.63,370322.78,0.0,0.0,0.0,0.0,449063.41,449063.41000000003,"Cat B - Estimated $78,740.63 for emergency work to primary and local roads in response to the flooding. Validated $78,740.63 based on applicant-supplied costs. 
Cat C - Estimated $630,894.93 for road washouts and culvert repairs. Reduced $260,572.15 due to ineligible costs for roads that are covered by the FHWA. Validated $370,322.78 based on applicant-supplied costs.","<b>Cat B - Estimated $78,740.63</b> for emergency work to primary and local roads in response to the flooding. <b>Validated $78,740.63</b> based on applicant-supplied costs. <br><b>Cat C - Estimated $630,894.93</b> for road washouts and culvert repairs. <b>Reduced $260,572.15</b> due to ineligible costs for roads that are covered by the FHWA. <b>Validated $370,322.78</b> based on applicant-supplied costs."
Alcona,E1,PIE&G,Co Op,Complete,complete,0.0,836.0,0.0,0.0,0.0,0.0,0.0,836.0,836.0,CAT B Estimated: $836 for EOC operations to monitor high risk areas. Validated  $836 utilizing Applicant activity description and cost summary.,<b>CAT B Estimated: $836 </b>for EOC operations to monitor high risk areas. <b>Validated  $836</b> utilizing Applicant activity description and cost summary.
Allegan,E1,City of Douglas,City,Complete,complete,0.0,0.0,89967.0,0.0,0.0,0.0,0.0,89967.0,89967.0,"Estimated: CAT C $605,000.00 for slope stabilization & road repairs; Reduced: $515,033.00, $98,033 to deduct for engineering costs, which are excluded from damage assessments, $117,000.00 deducted from the Union St. estimate-- these costs exceeded FEMA's engineer's estimate for this site and $300,000 was deducted for a FHWA Road; Validated $89,967.00 using applicant provided contract estimates, maps, photos, and FEMA engineering estimate for Union Street.","Estimated: CAT C $605,000.00 for slope stabilization &amp; road repairs; <b>Reduced: $515,033.00, </b>$98,033 to deduct for engineering costs, which are excluded from damage assessments, $117,000.00 deducted from the Union St. estimate-- these costs exceeded FEMA&#x27;s engineer&#x27;s estimate for this site and $300,000 was deducted for a FHWA Road;<b> Validated $89,967.00 </b>using applicant provided contract estimates, maps, photos, and FEMA engineering estimate for Union Street.<b><br></b>"
Allegan,E1,City of Plainwell,City,Complete,complete,33497.3,0.0,0.0,0.0,0.0,0.0,0.0,33497.3,33497.3,"Estimated: CAT A: $33,497.30 for contract costs, FA Equipment and Materials for debris removal from various roads due to tornados. Validated: $33,497.30 utilizing applicant provided summary sheets and maps.","Estimated: CAT A: $33,497.30 for contract costs, FA Equipment and Materials for debris removal from various roads due to tornados<b>. Validated: $33,497.30 </b>utilizing applicant provided summary sheets and maps."
Allegan,E1,Gun Plain Township,,Complete,complete,70650.0,0.0,0.0,20282.0,0.0,0.0,0.0,90932.0,90932.0,"Estimated: CAT A: $70,650.00 for contract costs for debris removal from downed trees throughout the cemetery. Validated: $70,650.00 using applicant provided invoices and photos.
Estimated: CAT D: $20,282 for three pump station replacements. Validated: $20,282 utilizing applicant provided cost estimates and photos.","<b>Estimated: </b>CAT A: $70,650.00<b> </b>for contract costs for debris removal from downed trees throughout the cemetery. <b>Validated</b>: $70,650.00 using applicant provided invoices and photos.<br><b>Estimated: </b>CAT D: $20,282 for three pump station replacements. <b>Validated</b>: $20,282 utilizing applicant provided cost estimates and photos.<br>"
Alpena,E1,Alpena Road Commission,Government,Complete,complete,0.0,0.0,147388.0,0.0,0.0,0.0,0.0,147388.0,147388.0,"Estimated: $211,360 county wide culvert and roadway repairs. Reduced $63,972 as Genschaw, Grand Lake, Lacomb, Bloom, Edmonds, and Salinas roads were classified as major collectors and ineligible for FEMA PA. Validated: $147,388 utilizing applicant supplied invoices, cost estimates, and photos.","<b>Estimated: $211,360</b> county wide culvert and roadway repairs.<b> Reduced $63,972</b> as Genschaw, Grand Lake, Lacomb, Bloom, Edmonds, and Salinas roads were classified as major collectors and ineligible for FEMA PA. <b>Validated: $147,388 </b>utilizing applicant supplied invoices, cost estimates, and photos."
Alpena,E1,"Alpena, City of",City,Complete,complete,0.0,0.0,0.0,73375.93,0.0,0.0,0.0,73375.93,73375.93,"Estimated: $73,375.93 pump that was destroyed due to overuse, repairs to grit chamber and sludge pumps. Validated: $73,375.93 utilizing applicant supplied invoices for repairs to the grit chamber and sludge pumps and cost estimate for replacement pump.  Applicant noted an interest in mitigation, but did not include mitigation costs in their cost estimate.","<b>Estimated: $73,375.93 </b>pump that was destroyed due to overuse, repairs to grit chamber and sludge pumps.<b> Validated: $73,375.93</b> utilizing applicant supplied invoices for repairs to the grit chamber and sludge pumps and cost estimate for replacement pump.  Applicant noted an interest in mitigation, but did not include mitigation costs in their cost estimate."
Antrim,E1,Village of Bellaire,City,Complete,complete,0.0,0.0,0.0,0.0,0.0,0.0,0.0,0.0,0.0,"Cat B: Estimated: $3,789.08 for emergency pumping activities including FAL, FAE, FAM. Reduced: $3,789.08 for being below FY 26 minimum threshold.","<b>Cat B: Estimated: $3,789.08</b> for emergency pumping activities including FAL, FAE, FAM. <b>Reduced: $3,789.08</b> for being below FY 26 minimum threshold. <br>"
Antrim,E1,Antrim County,County,Complete,complete,0.0,28062.99,0.0,20183.44,0.0,0.0,0.0,48246.43,48246.43,"Cat B: Estimated: $28,062.99 for sandbagging, engineering work to support the sandbagging efforts, and emergency response supplies. Validated: $28,062.99 using applicant provided invoices and photos
Cat D: Estimated: $20,183.44 for dam repairs using contractors and materials. Validated: $20,183.44 using applicant provided invoices and photos.","<b>Cat B: Estimated: $28,062.99 </b>for sandbagging, engineering work to support the sandbagging efforts, and emergency response supplies. <b>Validated: $28,062.99 </b>using applicant provided invoices and photos<br><b>Cat D: Estimated: $20,183.44</b> for dam repairs using contractors and materials.<b> Validated: $20,183.44</b> using applicant provided invoices and photos."
Benzie,E1,Benzie County Road Commission,County,Complete,complete,0.0,0.0,0.0,0.0,0.0,0.0,0.0,0.0,0.0,"CAT C: Maple City Hyw Estimated: $120, 935 high water damage to culverts Reduced: $120,935 The damages are ineligible for FEMA PA due to the road covered by the FHWA.
CAT C: Gorivan Rd Estimated: $175,559 water damage eroded asphalt Reduced: $175,559 Reviewed contractor estimate and photos, the damages are pre-existing.","CAT C: Maple City Hyw <b>Estimated: $120, 935</b> high water damage to culverts<b> Reduced: $120,935</b> The damages are ineligible for FEMA PA due to the road covered by the FHWA.<br>CAT C: Gorivan Rd <b>Estimated: $175,559</b> water damage eroded asphalt <b>Reduced</b>: <b>$175,559</b> Reviewed contractor estimate and photos, the damages are pre-existing."
Benzie,E1,Benzonia Township,Municipality,Complete,complete,0.0,0.0,0.0,0.0,0.0,0.0,7812.0,7812.0,7812.0,"CAT G: Estimated: $7,812 trail washout Validated: $7,812 with photos and invoices.","CAT G:<b> Estimated: $7,812</b> trail washout <b>Validated: $7,812</b> with photos and invoices."
Benzie,E1,Betsie Valley Trail,County,Complete,complete,0.0,0.0,0.0,0.0,0.0,0.0,0.0,0.0,0.0,"CAT G: Estimated: $3,315 trail washout Reduced: $3,315 for not meeting FY26 minimum project threshold of $4,100.Validated: 0","CAT G: <b>Estimated: $3,315</b> trail washout <b>Reduced: $3,315</b> for not meeting FY26 minimum project threshold of $4,100.<b>Validated: 0</b>"
Benzie,E1,Homstead Dam - Benzie Labor emergency protective measures,Government,Complete,complete,0.0,0.0,0.0,0.0,0.0,0.0,0.0,0.0,0.0,No documents supplied will coordinate with State to submit Sheriff Dept OT.,No documents supplied will coordinate with State to submit Sheriff Dept OT.
Benzie,E1,Village of Beulah,Municipality,Complete,complete,0.0,0.0,0.0,0.0,0.0,187982.0,0.0,187982.0,187982.0,"CAT F: Estimated: $187,982 lift station damaged, emergency pumping and replacement. Validated $187,982 with applicant supplied invoices and summaries. 
CAT C: Estimated $60,000 two roads for resurfacing. Reduced: $60,000 photos identified pre-existing damages. Validated: 0","CAT F: <b>Estimated: $187,982</b> lift station damaged, emergency pumping and replacement. <b>Validated $187,982</b> with applicant supplied invoices and summaries. <br>CAT C: <b>Estimated $60,000 </b>two roads for resurfacing. <b>Reduced: $60,000</b> photos identified pre-existing damages. <b>Validated: 0</b>"
Benzie,E1,MDNR- Benzie County,Government,Complete,complete,0.0,0.0,0.0,35892.619999999995,0.0,0.0,0.0,35892.62,35892.619999999995,"Cat. D: Estimated $35,893 provided photos, cost estimate to document repairs to the aubtements at Homestead Dam in Benzie County. Validated $35,893","Cat. D: <b>Estimated $35,893 </b>provided photos, cost estimate to document repairs to the aubtements at Homestead Dam in Benzie County. <b>Validated $35,893</b>"
Charlevoix,E1,Charlevoix County Road Commission,Other,Complete,complete,0.0,0.0,190676.5,0.0,0.0,0.0,0.0,190676.5,190676.5,"Cat C: Applicant Estimated $208,688 for road wash out from storm.  Reduced $18,011.50. Applicant included mitigation in their cost estimate, mitigation measures may be eligible during a DR but cannot be included a pda.  Validated:$190,676.50 utilizing repair work summary reports and Applicant RFI response for photos of damages to Bergmann and Ridge roads, .","Cat C: Applicant <b>Estimated $208,688</b> for road wash out from storm.  <b>Reduced $18,011.50</b>. Applicant included mitigation in their cost estimate, mitigation measures may be eligible during a DR but cannot be included a pda.<b> </b> <b>Validated:$190,676.50</b> utilizing repair work summary reports and Applicant RFI response for photos of damages to Bergmann and Ridge roads, ."
Charlevoix,E1,City of Charlevoix,City,Complete,complete,0.0,0.0,0.0,0.0,0.0,0.0,0.0,0.0,0.0,"Cat F: Estimated $2,168.96 for a wastewater lift station that was overwhelmed with ground water. Applicant requested reimbursement for OT and Equipment. Reduced: $2,168.96 for not meeting FY26 minimum threshold of $4,100.","Cat F: Estimated $2,168.96 for a wastewater lift station that was overwhelmed with ground water. Applicant requested reimbursement for OT and Equipment. <b>Reduced: $2,168.96</b> for not meeting FY26 minimum threshold of $4,100."
Charlevoix,E1,City of East Jordan,City,Complete,complete,0.0,0.0,0.0,0.0,0.0,7936.0,0.0,7936.0,7936.0,"Cat F: Estimated $7,936 for water main damage caused by washout of culvert due to flooding from an adjacent stream. Validated: $7,936 utilizing Applicant provided invoice and photos.","<b>Cat F: Estimated $7,936</b> for water main damage caused by washout of culvert due to flooding from an adjacent stream. <b>Validated: $7,936</b> utilizing Applicant provided invoice and photos."
Charlevoix,E1,St. James Township,Government,Complete,complete,0.0,0.0,0.0,26145.0,0.0,0.0,0.0,26145.0,26145.0,"Cat D: Applicant Estimated: $100,000.00 for slope repair along a natural shoreline Reduced: $100,000"" If a landslide or other slope instability is triggered by the incident and poses an immediate threat to life, public health and safety, or improved public or private property, emergency protective measures to stabilize the slope is eligible."" This is a natural shoreline there is no threat to improved property.  Validated: $0","Cat D: Applicant <b>Estimated: $100,000.00</b> for slope repair along a natural shoreline <b>Reduced: $100,000</b>&quot; If a landslide or other slope instability is triggered by the incident and poses an immediate threat to life, public health and safety, or improved public or private property, emergency protective measures to stabilize the slope is eligible.&quot; This is a natural shoreline there is no threat to improved property.  <b>Validated: $0</b>"
Cheboygan,E1,Cheboygan County Road Commission,County,Complete,complete,0.0,31621.0,905964.0,0.0,0.0,0.0,0.0,937585.0,937585.0,"Cat B: Estimated: $0 for road buildup to allow emergency vehicals to assist in sandbagging activities nearby a dam. Validated: $31,621 using applicant provided invoices, photos, and cost estimates. 
CAT C: Estimated: $1,558,615.30 For road washouts, culvert displacements, loss of rip rap at culverts and bridges, loss of surface gravel, grading gravel roads, resurfacing of roads. Reduced: $652,651.30 for FHWA roads and bridges, not in-kind replacements, and mitigation costs. Validated: $905,964 using applicant provided invoices, photos, cost estimates, and a representative sample of damaged roads.","<b>Cat B: Estimated: $0</b> for road buildup to allow emergency vehicals to assist in sandbagging activities nearby a dam. <b>Validated: $31,621</b> using applicant provided invoices, photos, and cost estimates. <b><br>CAT C: Estimated: $1,558,615.30</b> For road washouts, culvert displacements, loss of rip rap at culverts and bridges, loss of surface gravel, grading gravel roads, resurfacing of roads. <b>Reduced: $652,651.30 </b>for FHWA roads and bridges, not in-kind replacements, and mitigation costs. <b>Validated: $905,964</b> using applicant provided invoices, photos, cost estimates, and a representative sample of damaged roads."
Cheboygan,E1,Cheboygan EOC,County,Complete,complete,350000.0,48044.53,0.0,0.0,0.0,0.0,0.0,398044.53,398044.53,"Cat A: Estimated: $350,000.00 for 10,500 cubic yards of debris collection. Applicant estimated 30 CY of debris per flooded home, and is planning to hold several flood debris drop-off days, which will be monitored with waste original address documented. 30 CY roll-off dumpsters were quoted to be $1,000 apiece, and 350 homes were estimated to have flood damage. 350 x $1,000 = $350,000. Documented 216+ flooded primary residences in preliminary damage survey, and many not surveyed were secondary homes. Validated: $350,000 using applicant provided cost breakout. 
Cat B: Estimated: $48,044.53 for overtime related to emergency protective measures, road closures, distribution of drinking water, provision of supplies, assisting in evacuations, floodfighting supplies, assisting the DNR with the dam related evacuations, monitoring the dam flooding activity, a contract for flood level, and EOC supplies. Validated: $48,044.53 using applicant provided cost breakouts, and invoices.","<b>Cat A: Estimated: $350,000.00</b> for 10,500 cubic yards of debris collection. Applicant estimated 30 CY of debris per flooded home, and is planning to hold several flood debris drop-off days, which will be monitored with waste original address documented. 30 CY roll-off dumpsters were quoted to be $1,000 apiece, and 350 homes were estimated to have flood damage. 350 x $1,000 = $350,000. Documented 216+ flooded primary residences in preliminary damage survey, and many not surveyed were secondary homes. <b>Validated: $350,000</b> using applicant provided cost breakout. <br><b>Cat B: Estimated: $48,044.53 </b>for overtime related to emergency protective measures, road closures, distribution of drinking water, provision of supplies, assisting in evacuations, floodfighting supplies, assisting the DNR with the dam related evacuations, monitoring the dam flooding activity, a contract for flood level, and EOC supplies. <b>Validated: $48,044.53</b> using applicant provided cost breakouts, and invoices."
Cheboygan,E1,Tuscarora Township,Government,Complete,complete,0.0,24657.62,0.0,0.0,0.0,0.0,185467.0,210124.62,210124.62,"Cat A: Estimated: $100,000 for debris removal from multiple waterways. Applicant provided information to support 10 cubic yards of debris removed. Additional photographs from the site tour supports approximately 20 cubic yards of debris to remove from DeVoe beach. Reduced: $100,000 due to unsubstatiated debris quantities and costs.  
Cat B: Estimated: $24,657.62 Validated: $24,657.62 
- Estimated $900 for emergency pumping of two vault toilets filled with floodwaters. Validated: $900 using applicant provided invoices
- Estimated $18,795 for lift station operation by contractors. Validated: $18,795 using applicant provided invoices
- Estimated: $375 for emergency pumping at lift station. Validated: $375 using applicant provided invoices
- Estimated: $4,260.62 for pumping and disinfection of lift station. Validated: $4,260.62 using applicant provided invoices
- Estimated: $327 for operating pump at a lift station, contracted cost. Validated: $327 using applicant provided invoices
Cat C: Estimated: $50,000 for road washout at hideaway park. Reduced: $50,000 as the damage to the road was caused by non emergency traffic attempting to launch their boat. Damage to the road was some rutting. Facility is a roundabout and parking area.
Cat F: Estimated: $381.50 for electrical repairs to a lift station. Reduced: $381.50 as the costs are below the FY 26 project minimum
Cat G: Estimated: $4,400,000 Reduced: $4,214,533 Validated: $185,467 using fema engineer estimates 
- Devoe Beach: Estimated: $2,200,000 for replacement of two vault toilets at DeVoe beach, undercutting of veteran's pier breakwall, destruction of a concrete sidewalk, destruction of a masonry retaining wall, and loss of picnic tables. 
    - Site 1: Estimated $250,000 Reduced: $232,700 as the applicant explained that the original quote was to connect the toilets to their sewage system and not to repair in kind. Validated: $17,300 to replace two vault toilets engineer's estimate.
    - Site 2: $150,000 for 500 ft long 1 ft wide concrete portion of sidewalk that was displaced and unleveled by the floodwaters. Reduced $136,200 as the applicant estimate was not support with a calculated cost or dimensions. Validated: $13,800 using FEMA engineer produced estimate based on site visit.
    - Site 3: $50,000 for 8 ft wooden picnic table replacements for tables lost to the flood. Reduced: $48,893 as the applicant only lost 3 wooden tables.  Validated: $1,107 using publically available data for similar sized picnic tables. 
    - Site 4: $150,000 to replace 500 feet of the retaining wall in-kind. Reduced: $116,565 by FEMA engineer estimate. Validated: $33,435 using FEMA prepared cost estimate. 
    - Site 5: $1,500,000 to repair undercutting damages to veteran's pier breakwall. Reduced: $1,500,000 as the structure is under the authority of USACE. 

- Estimated: $0 for newly identified damage at Lower Marina Park. A 270 foot wooden retaining wall was washed away by the floodwaters. Validated: $65,000 using FEMA engineer prepared cost estimate to rebuild the retaining wall in-kind. 
- Estimated: $150,000 for breakwall and dock at Hideaway Park. Reduced: $118,300 using FEMA engineer prepared cost estimate. Validated: $31,700 using FEMA prepared cost estimate. 
- Estimated: $750,000 for undercutting damage at Green Dock. A wooden dock along the river settled unevenly after being submerged in the floodwaters and now slopes into the river. Reduced: $737,750 using FEMA engineer cost estimate. Validated: $12,250 using FEMA prepared cost estimate for using a jack to level out the deck. 
- Estimated: $0 for a newly identified damage to 170 feet of a boardwalk sloping into the river. Validated: $10,875 using FEMA engineer prepared cost estimate to repair the site. 
- Estimated: $250,000 for vault toilet replacement at Tuscarora Township Boat Launch. Reduced: $250,000 as the applicant stated it was not damaged. 
- Estimated: $1,000,000 for Tuscarora Township Boat Launch for replacement of facility destroyed by flooding. Reduced: $1,000,000 as the applicant stated facility was not damaged. 
-Estimated: $150,000 for kayak launch destroyed by the flooding. Reduced: $150,000 as the kayak launch was confirmed to be undamaged by the applicant.","<b>Cat A: Estimated: $100,000</b> for debris removal from multiple waterways. Applicant provided information to support 10 cubic yards of debris removed. Additional photographs from the site tour supports approximately 20 cubic yards of debris to remove from DeVoe beach. <b>Reduced: $100,000 </b>due to unsubstatiated debris quantities and costs.  <br><b>Cat B: Estimated: $24,657.62 Validated: $24,657.62 </b><br>- Estimated $900 for emergency pumping of two vault toilets filled with floodwaters. Validated: $900 using applicant provided invoices<br>- Estimated $18,795 for lift station operation by contractors. Validated: $18,795 using applicant provided invoices<br>- Estimated: $375 for emergency pumping at lift station. Validated: $375 using applicant provided invoices<br>- Estimated: $4,260.62 for pumping and disinfection of lift station. Validated: $4,260.62 using applicant provided invoices<br>- Estimated: $327 for operating pump at a lift station, contracted cost. Validated: $327 using applicant provided invoices<br><b>Cat C: Estimated: $50,000</b> for road washout at hideaway park.<b> Reduced: $50,000</b> as the damage to the road was caused by non emergency traffic attempting to launch their boat. Damage to the road was some rutting. Facility is a roundabout and parking area.<br><b>Cat F: Estimated: $381.50</b> for electrical repairs to a lift station.<b> Reduced: $381.50</b> as the costs are below the FY 26 project minimum<br><b>Cat G: Estimated: $4,400,000</b> <b>Reduced</b>: <b>$4,214,533</b> <b>Validated: $185,467 </b>using fema engineer estimates <b><br></b>- Devoe Beach: Estimated: $2,200,000 for replacement of two vault toilets at DeVoe beach, undercutting of veteran&#x27;s pier breakwall, destruction of a concrete sidewalk, destruction of a masonry retaining wall, and loss of picnic tables. <br>    - Site 1: Estimated $250,000 Reduced: $232,700 as the applicant explained that the original quote was to connect the toilets to their sewage system and not to repair in kind. Validated: $17,300 to replace two vault toilets engineer&#x27;s estimate.<br>    - Site 2: $150,000 for 500 ft long 1 ft wide concrete portion of sidewalk that was displaced and unleveled by the floodwaters. Reduced $136,200 as the applicant estimate was not support with a calculated cost or dimensions. Validated: $13,800 using FEMA engineer produced estimate based on site visit.<br>    - Site 3: $50,000 for 8 ft wooden picnic table replacements for tables lost to the flood. Reduced: $48,893 as the applicant only lost 3 wooden tables.  Validated: $1,107 using publically available data for similar sized picnic tables. <br>    - Site 4: $150,000 to replace 500 feet of the retaining wall in-kind. Reduced: $116,565 by FEMA engineer estimate. Validated: $33,435 using FEMA prepared cost estimate. <br>    - Site 5: $1,500,000 to repair undercutting damages to veteran&#x27;s pier breakwall. Reduced: $1,500,000 as the structure is under the authority of USACE. <br><br>- Estimated: $0 for newly identified damage at Lower Marina Park. A 270 foot wooden retaining wall was washed away by the floodwaters. Validated: $65,000 using FEMA engineer prepared cost estimate to rebuild the retaining wall in-kind. <br>- Estimated: $150,000 for breakwall and dock at Hideaway Park. Reduced: $118,300 using FEMA engineer prepared cost estimate. Validated: $31,700 using FEMA prepared cost estimate. <br>-<b> </b>Estimated: $750,000 for undercutting damage at Green Dock. A wooden dock along the river settled unevenly after being submerged in the floodwaters and now slopes into the river. Reduced: $737,750 using FEMA engineer cost estimate. Validated: $12,250 using FEMA prepared cost estimate for using a jack to level out the deck. <br>- Estimated: $0 for a newly identified damage to 170 feet of a boardwalk sloping into the river. Validated: $10,875 using FEMA engineer prepared cost estimate to repair the site. <br>- Estimated: $250,000 for vault toilet replacement at Tuscarora Township Boat Launch. Reduced: $250,000 as the applicant stated it was not damaged. <br>- Estimated: $1,000,000 for Tuscarora Township Boat Launch for replacement of facility destroyed by flooding. Reduced: $1,000,000 as the applicant stated facility was not damaged. <br>-Estimated: $150,000 for kayak launch destroyed by the flooding. Reduced: $150,000 as the kayak launch was confirmed to be undamaged by the applicant."
Cheboygan,E1,PIE&G - Cheboygan,Co Op,Complete,complete,0.0,0.0,0.0,0.0,0.0,66138.0,0.0,66138.0,66138.0,"CAT F Estimated: $66,138 for damages to underground gas mainline, gas meters and connections, and underground electric lines. Validated $66,138 utilizing Applicant provided damage descriptions and cost summary.","<b>CAT F Estimated: $66,138 </b>for damages to underground gas mainline, gas meters and connections, and underground electric lines. <b>Validated $66,138</b> utilizing Applicant provided damage descriptions and cost summary."
Cheboygan,E1,Michigan State Police - Cheboygan,Government,Complete,complete,0.0,66516.0,0.0,0.0,0.0,0.0,0.0,66516.0,66516.0,"Cat. B: Estimated $66,516 for mutual aid provided for search and rescue.  Validated $66,516 mutual aid agreement provided by MSP","Cat. B: Estimated $66,516 for mutual aid provided for search and rescue.  V<b>alidated $66,516</b> mutual aid agreement provided by MSP"
Cheboygan,E1,MDNR - Cheboygan County,Government,Complete,complete,470369.85,5084849.45,0.0,624844.77,0.0,0.0,604436.0,6784500.07,6784500.07,"Cat A: Estimated: $470,369.85 for debris removal from the dam grates and for an upstream debris operation that was catching debris before it reached the dam.  Validated: $470,369.85 utilizing applicant invoices, labor records, and FEMA site inspection.
Cat B: Estimated: $5,084,849.45 emergency pumping operations, monitoring, inspections- ongoing for over 3 weeks; created a temporary staging area for heavy equipment, utilized the adjacent lock structure to help manage water levels.  Validated: $5,084,849.45: utilizing applicant invoices ($3.3M for contracted pumping services, work completed w/ final invoices), labor records, photos, drone footage, and FEMA inspection.  
Cat D: Estimated $624,884.77: repairs to bridge connecting lock and dam, replacement of dam wing wall damaged in flood, resetting gabion baskets dislodged by fast moving water, reapiring parking lots damaged by temporary staging area (cranes, heavy equipment staged during emergency response) Validated: $624,884.77 utilizing estimates from FEMA engineer, applicant, and FEMA site inspection.
Cat G: Estimated: $604,436.00 for repairs for park storage building, shoreline erosion, culverts, seawall, railbank, roadway and emergency vault pumping. Validated: $604,436.00 using applicant supplied cost estimate.","<b>Cat A: Estimated: $470,369.85 </b>for debris removal from the dam grates and for an upstream debris operation that was catching debris before it reached the dam.  <b>Validated: $470,369.85</b> utilizing applicant invoices, labor records, and FEMA site inspection.<br><b>Cat B: Estimated: $5,084,849.45</b> emergency pumping operations, monitoring, inspections- ongoing for over 3 weeks; created a temporary staging area for heavy equipment, utilized the adjacent lock structure to help manage water levels.  <b>Validated:</b> <b>$5,084,849.45:</b> utilizing applicant invoices ($3.3M for contracted pumping services, work completed w/ final invoices), labor records, photos, drone footage, and FEMA inspection.  <br><b>Cat D: Estimated $624,884.77:</b> repairs to bridge connecting lock and dam, replacement of dam wing wall damaged in flood, resetting gabion baskets dislodged by fast moving water, reapiring parking lots damaged by temporary staging area (cranes, heavy equipment staged during emergency response) <b>Validated: $624,884.77</b> utilizing estimates from FEMA engineer, applicant, and FEMA site inspection.<b><br>Cat G: Estimated: $604,436.00 </b>for repairs for park storage building, shoreline erosion, culverts, seawall, railbank, roadway and emergency vault pumping. <b>Validated: $604,436.00</b> using applicant supplied cost estimate."
Clare,E1,Clare County Road Commission,County,Complete,complete,0.0,0.0,38906.37,0.0,0.0,0.0,0.0,38906.37,38906.37,"CAT C:  Estimated:  $38,906.37 for damages emergency repairs to washed-out culverts and roads.  Validated:  $38,906.37 utilizing applicant provided descriptions and cost estimates","<b>CAT C: </b> <b>Estimated:  $38,906.37 </b>for damages emergency repairs to washed-out culverts and roads. <b> Validated:  $38,906.37 </b>utilizing applicant provided descriptions and cost estimates"
Clare,E1,Great Lakes Energy Co-Op,,Complete,complete,0.0,0.0,0.0,0.0,0.0,4075.0,0.0,4075.0,4075.0,"CAT F:  Estimated: $4,075 for power outage and restoration due to flooding.  Validated: $4,075 costs will be a part of a larger Great Lake Engergy Project","<b>CAT F: </b> <b>Estimated: </b>$4,075 for power outage and restoration due to flooding. <b> Validated:</b> $4,075 costs will be a part of a larger Great Lake Engergy Project"
Crawford,E1,Crawford County,County,Complete,complete,0.0,5500.0,0.0,0.0,0.0,0.0,0.0,5500.0,5500.0,"CAT B: Estimated $5,500 cost for staffing and equipping the Emergency Operations Center within the incident period Validated: $5,500 utilizing cost summary documentation","CAT B: <b>Estimated $5,500</b> cost for staffing and equipping the Emergency Operations Center within the incident period <b>Validated: $5,500 </b>utilizing cost summary documentation"
Crawford,E1,Crawford Road Commission,County,Complete,complete,0.0,0.0,29208.0,0.0,0.0,0.0,0.0,29208.0,29208.0,"CAT C; Estimated $29,208 for 4 Roads 5 sites, replace 3 culverts and road washouts. Validated $29,208 with applicant cost summary photos and appliant provided scope of work.","CAT C; <b>Estimated $29,208</b> for 4 Roads 5 sites, replace 3 culverts and road washouts.<b> Validated $29,208</b> with applicant cost summary photos and appliant provided scope of work."
Crawford,E1,South Branch Fire Dept,Government,Complete,complete,0.0,11923.0,0.0,0.0,0.0,0.0,0.0,11923.0,11923.0,"CAT B: Estimated: $11,923.01 emergency search, rescue and flood water pumping. Validated $11,923.01 with summary sheets for labor and equipment utilizing FEMA equipment costs codes.","CAT B: <b>Estimated: $11,923.01</b> emergency search, rescue and flood water pumping. <b>Validated $11,923.01</b> with summary sheets for labor and equipment utilizing FEMA equipment costs codes."
Crawford,E1,Au Sable Woods Association,Government,Complete,complete,0.0,0.0,20080.0,0.0,0.0,0.0,0.0,20080.0,20080.0,"CAT C: Estimated $20,080 emergency road and culvert repairs to pre-disaster condition. Validated $20,080 contractor invoices","CAT C: <b>Estimated $20,080</b> emergency road and culvert repairs to pre-disaster condition. <b>Validated $20,080 </b>contractor invoices"
Crawford,E1,MDNR- Crawford County,Government,Complete,complete,0.0,0.0,0.0,0.0,0.0,0.0,804.0,804.0,804.0,Cat. G: Estimated $804.28 Validated $804.28 in repairs for trail repairs applicant supplied cost estimate.,Cat. G: <b>Estimated $804.28 Validated $804.28</b> in repairs for trail repairs applicant supplied cost estimate.
Eaton,E1,Eaton County Drain Commission,County,Complete,complete,0.0,0.0,0.0,0.0,0.0,0.0,0.0,0.0,0.0,"Cat D - Estimated $2,670 for work on drain systems after the storm. Reduced $2,670 for work not being conducted and not meeting the FY26 minimum project threshold of $4,100.","<b>Cat D - Estimated $2,670</b> for work on drain systems after the storm. <b>Reduced $2,670</b> for work not being conducted and not meeting the FY26 minimum project threshold of $4,100."
Eaton,E1,Eaton County Road Commission,County,Complete,complete,0.0,8565.56,503921.9,0.0,0.0,0.0,0.0,512487.46,512487.46,"Cat B - Estimated $8,565.57 for emergency response measures including placing and retreiving barricades and flagging for shoulder washout repairs. Reduced $8,281.15 due to ineligible labor costs outside of the incident period and also being straight time labor. Remaining $284.42 from applicant documents does not meet threshold. Validated: $0 due to the $4,100 FY26 minimum project threshold not being met.
Cat C - Estimated $620,271 for repairs to jurisdiction-wide road washouts, erosion to road embankment, and culvert damages. Costs include force account labor and equipment. Reduced: $116,349.10 for ineligible costs that are outside of the incident period. Validated: $503,921.90 based on applicant documents.","<b>Cat B - Estimated $8,565.57</b> for emergency response measures including placing and retreiving barricades and flagging for shoulder washout repairs. <b>Reduced $8,281.15 </b>due to ineligible labor costs<b> </b>outside of the incident period and also being straight time labor. Remaining<b> </b>$284.42 from applicant documents does not meet threshold. <b>Validated: $0 </b>due to the $4,100 FY26 minimum project threshold not being met.<br><b>Cat C - Estimated $620,271</b> for repairs to jurisdiction-wide road washouts, erosion to road embankment, and culvert damages. Costs include force account labor and equipment. <b>Reduced: $116,349.10 </b>for ineligible costs that are outside of the incident period. <b>Validated: $503,921.90</b> based on applicant documents."
Eaton,E1,Village of Mulliken,City,Complete,complete,0.0,0.0,0.0,124264.1,0.0,0.0,0.0,124264.1,124264.1,"Cat D - Estimated $124,264.10 for repairs on a sewage system after the storms.Validated $124.264.10 based on applicant documentation","<b>Cat D - Estimated $124,264.10</b> for repairs on a sewage system after the storms.<b>Validated $124.264.10</b> based on applicant documentation"
Eaton,E1,Michigan State Police- EOC,Government,Complete,complete,0.0,172059.0,0.0,0.0,0.0,0.0,0.0,172059.0,172059.0,"Cat. B- Estimated $172,059  State Emergency Operation Center costs Validated $172,059 applicant provided cost summaries detailing expenses","<b>Cat. B- Estimated $172,059 </b> State Emergency Operation Center costs <b>Validated $172,059 </b>applicant provided cost summaries detailing expenses"
Eaton,E1,EGLE,Government,Complete,complete,0.0,15666.48,0.0,0.0,0.0,0.0,0.0,15666.48,15666.48,"Cat. B- Estimated $15,668 EGLE provided technical support to the State Emergency Operation Center costs Validated $15,668 applicant provided cost summaries detailing expenses","<b>Cat. B- Estimated $15,668</b> EGLE provided technical support to the State Emergency Operation Center costs <b>Validated $15,668 </b>applicant provided cost summaries detailing expenses"
Emmet,E1,Pellston Regional Airport,Other,Complete,complete,0.0,191373.9,0.0,0.0,6000.0,0.0,0.0,197373.9,197373.9,"CAT B: Estimated $191,373.90 for 30 days of emergency pumping, trenching and sandbagging to redirect floodwaters and minimize runway water damage. Runway closure signs were purchased to prevent aircraft from using the runway. Taxiway edge material was lost from floodwater erosion. Reduced: $0.00. Validated: $191,373.90 with Applicant provided estimates, FEMA equipment cost codes, and photos.
CAT E: Estimated $6,000 for water corrosion to airfield signs due to flooding. Reduced: $0.00. Validated: $6,000 utilizing Applicant provided damage inventory report.","<b>CAT B: Estimated</b><b> $191,373.90</b><b> </b>for 30 days of emergency pumping, trenching and sandbagging to redirect floodwaters and minimize runway water damage. Runway closure signs were purchased to prevent aircraft from using the runway. Taxiway edge material was lost from floodwater erosion. <b>Reduced: $0.00</b>. <b>Validated: $191,373.90</b> with Applicant provided estimates, FEMA equipment cost codes, and photos.<b><br>CAT E: Estimated</b> <b>$6,000</b> for water corrosion to airfield signs due to flooding.<b> Reduced: $0.00. Validated: $6,000</b> utilizing Applicant provided damage inventory report."
Emmet,E1,Emmet County Park & Recreation Department,County,Complete,complete,0.0,0.0,0.0,0.0,0.0,0.0,75175.76,75175.76,75175.76,"CAT G:  Estimate $791,141.76 for damages to a regularly maintained camp beach washout, a walking bridge washout, gravel campsite washouts, a parking lot sink hole, six boardwalk washouts, and a vehicular bridge. Reduced:  $715,966.00 claimed vehicle bridge was still under flood water and damages could not be assessed, remaining costs were provided in a lump sum for the walking bridge, which had washed away during the flood, FEMA's engineer created a cost estimate for replacement of bridge using dimmensions and pre-disaster photos . Validated:  $75,175.76 camp beach washout, campsite, parking lot sink hole, pedestrian bridge and boardwalk using applicant photos, estimates, invoices, and FEMA's engineer estimate for the walking bridge.","CAT G:  Estimate $791,141.76 for damages to a regularly maintained camp beach washout, a walking bridge washout, gravel campsite washouts, a parking lot sink hole, six boardwalk washouts, and a vehicular bridge. <b>Reduced:  $715,966.00</b> claimed vehicle bridge was still under flood water and damages could not be assessed, remaining costs were provided in a lump sum for the walking bridge, which had washed away during the flood, FEMA&#x27;s engineer created a cost estimate for replacement of bridge using dimmensions and pre-disaster photos . <b>Validated:  $75,175.76</b> camp beach washout, campsite, parking lot sink hole, pedestrian bridge and boardwalk using applicant photos, estimates, invoices, and FEMA&#x27;s engineer estimate for the walking bridge."
Emmet,E1,MDNR - Emmet County,Government,Complete,complete,0.0,0.0,0.0,0.0,0.0,0.0,5468.0,5468.0,5468.0,"CAT G: Estimate $5,468 for flood damages to a gravel boat launch, Sturgeon Bay trail, and to conduct emergency vault pumping. Reduced: $0.00. Validated $5,468 for repairs to gravel launch, Sturgeon Bay trail, and emergency vault pumping utilizing applicant provided estimates.","<b>CAT G: Estimate $5,468 </b>for flood damages to a gravel boat launch, Sturgeon Bay trail, and to conduct emergency vault pumping.<b> Reduced: $0.00. Validated $5,468</b> for repairs to gravel launch, Sturgeon Bay trail, and emergency vault pumping utilizing applicant provided estimates."
Grand Traverse,E1,Garfield Township,Government,Complete,complete,0.0,0.0,0.0,0.0,73925.12,0.0,60346.27,134271.39,134271.38999999998,"Cat E: Estimated: $184,312.80 ($175,967.80 and $8,345 contracts) to clean, sanitize, and remove indoor flooring at the YMCA South location. Validated with photos, invoices, and insurance denial letter. Validated: $73,925.12 Reduced: $110,387.68 because located in a floodplain for estimated NFIP proceeds Applicant would have received had been covered coverage. See attached spreadsheet for calculations. Applicant indicates lease agreement does not put costs onto lesee entity.
Cat G: Estimated: $60,346.27 Validated: $60,346.27  Reduced: $0
  - TC Commons Garfield Trail: FEMA eng. estimated 200 FT x 3 FT x 2 FT deep trail (45 CY x 60.33 per CY = $2,715) washout repair based on photos. 
  - Boardman River Trail, provided lump sum of $50,000 for mud on trails, 2 displaced bridges. Validated reasonable sum based on photos/GPS coordinates.
  - Staff costs to clean flooded pickleball court: $7,631.27
Note: Initial spreadsheet included $65,000 several items that ended up not being damaged by the incident or will fall under Grand Traverse Parks. 
Note: Trail/Pickleball restoration will likely include both Cat A and B work, not split out.","<b><br>Cat E: Estimated: $184,312.80</b> ($175,967.80 and $8,345 contracts) to clean, sanitize, and remove indoor flooring at the YMCA South location. Validated with photos, invoices, and insurance denial letter. <b>Validated: $73,925.12 Reduced: $110,387.68 </b>because located in a floodplain for estimated NFIP proceeds Applicant would have received had been covered coverage. See attached spreadsheet for calculations.<b> </b>Applicant indicates lease agreement does not put costs onto lesee entity.<br><b>Cat G</b>: <b>Estimated:</b> <b>$60,346.27</b> <b>Validated: $60,346.27  Reduced: $0</b><br>  - TC Commons Garfield Trail: FEMA eng. estimated 200 FT x 3 FT x 2 FT deep trail (45 CY x 60.33 per CY = $2,715) washout repair based on photos.<b> <br>  </b>-<b> </b>Boardman River Trail, provided lump sum of $50,000 for mud on trails, 2 displaced bridges. Validated reasonable sum based on photos/GPS coordinates.<br>  - Staff costs to clean flooded pickleball court: $7,631.27<br>Note:<b> </b>Initial spreadsheet included $65,000 several items that ended up not being damaged by the incident or will fall under Grand Traverse Parks. <br>Note: Trail/Pickleball restoration will likely include both Cat A and B work, not split out. <br>"
Grand Traverse,E1,Traverse City,City,Complete,complete,0.0,0.0,35750.0,0.0,0.0,0.0,294071.0,329821.0,329821.0,"Cat A: Estimated: $2,066.02 for tree removal, removal of debris from creeks. Reduced: $2,066.02 for being below the FY 26 minimum project threshold
Cat B: Estimated: $1,385.72 for barricading, sandbagging, temporary emergency repairs, emergency response activities. Reduced $1,385.72 for being below the FR 26 minimum project threshold. 
Cat C: Estimated: $35,750 for damaged sidewalk underneath N Union St. Bridge. Validated: $35,750 using applicant provided pictures, invoices, and documents. 
Cat G: Estimated: $294,071 for a destroyed wooden footpath bridge, sink hole in parking lot, replacement of destroyed sidewalk in parking lot sink hole, and erosions of parking lot. Validated: $294,071 using applicant provided pictures, invoices, and documents. 
-Site 1 Estimated: $135,108, Grasshopper pedestrian bridge. Validated: $135,108 using applicant provided pictures and invoices
-Site 2 Estimated: $96,463 Lot A sidewalk that fell into the adjacent stream after a sinkhole formed underneath the pavement. Validated: $96,463 using applicant provided pictures and invoices, cost updated to include additional replacement of lost sidewalk that was not included in initial estimates. 
-Site 3 Estimated: $62,500 Lot K, erosion of embankment and retaining wall adjacent to a parking lot by the stream, the erosion resulted in a loss of retaining wall and fill material. Validated: $62,500 using applicant provided invoices and pictures","<b>Cat A: Estimated: $2,066.02</b> for tree removal, removal of debris from creeks. <b>Reduced: $2,066.02</b> for being below the FY 26 minimum project threshold<br><b>Cat B: Estimated: $1,385.72</b> for barricading, sandbagging, temporary emergency repairs, emergency response activities. <b>Reduced $1,385.72</b> for being below the FR 26 minimum project threshold. <br><b>Cat C: Estimated: $35,750</b> for damaged sidewalk underneath N Union St. Bridge. <b>Validated: $35,750</b> using applicant provided pictures, invoices, and documents. <br><b>Cat G: Estimated: $294,071</b> for a destroyed wooden footpath bridge, sink hole in parking lot, replacement of destroyed sidewalk in parking lot sink hole, and erosions of parking lot. <b>Validated: $294,071</b> using applicant provided pictures, invoices, and documents. <br>-Site 1 Estimated: $135,108, Grasshopper pedestrian bridge. Validated: $135,108 using applicant provided pictures and invoices<br>-Site 2 Estimated: $96,463<b> </b>Lot A sidewalk that fell into the adjacent stream after a sinkhole formed underneath the pavement. Validated: $96,463 using applicant provided pictures and invoices, cost updated to include additional replacement of lost sidewalk that was not included in initial estimates. <br>-Site 3 Estimated: $62,500 Lot K, erosion of embankment and retaining wall adjacent to a parking lot by the stream, the erosion resulted in a loss of retaining wall and fill material.<b> </b>Validated: $62,500<b> </b>using applicant provided invoices and pictures"
Grand Traverse,E1,Grand Traverse County Roads,County,Complete,complete,198000.0,138929.52,1657333.52,0.0,0.0,0.0,0.0,1994263.04,1994263.04,"Cat A: Estimated $198,000 for debris removal on roads at 13 sites.  Validated: $198,000, pending RFI for additional $21,000. Potential to add less than $100,000 from 1 more site.
Cat B: Estimated: $0 initially. Validated: $138,929.52 with contract invoices for emergency pumping, barricades and traffic control for FHWA roads and other facilities.
Cat C: Estimated: $12,738,000 for WC/WTBC road repairs at 173 sites. Validated: $1,657,333.52 with a sampling of cost estimates, provided invoices, F/A Labor/Equipment Summaries, and photos showing damage with reasonable lump sums. Reduced: $11,080,666.48 for repairs to FHWA roads and clarifying certain estimated costs were not in-kind. See ""Grand Traverse Roads Commission Validation Sheet"" for detailed information by WO.
Top-line notes:
   - Reduced $6,771,899.98 for 35 repair sites located on federal-aid roads
   - Reduced $3,855,628.50 on Brown Bridge Rd originally estimated full replacement including upgrade to spanned bridge ($4m), actual repair involves unearthing and repacking two large culverts, not bridge replacement. Applicant provided a contract quote for repairs and emergency repairs totaling $144,371.50.
   - Reduced $381,000 for other estimated repairs which are not in-kind (e.g., adding new culverts, upsizing culverts) at 9 sites
   - Reduced $72,138 after Applicant clarified SOW and provided in-kind costs for 2 sites - some of these costs were captured in the EPMs.
   - For approx 78 sites, FEMA validated either with photos with reasonable lump sum linked work orders, site visits, or cost documentation. Validated remaining 73 sites where photos were not provided or unclear which photos due to large sample. (approx. $538,000)","<b>Cat A: Estimated $198,000</b> for debris removal on roads at 13 sites.  <b>Validated:</b> <b>$198,000</b>, pending RFI for additional $21,000. Potential to add less than $100,000 from 1 more site.<br><b>Cat B: Estimated: $0 </b>initially. <b>Validated: $138,929.52</b> with contract invoices for emergency pumping, barricades and traffic control for FHWA roads and other facilities.<br><b>Cat C: Estimated: $12,738,000</b> for WC/WTBC road repairs at 173 sites. <b>Validated: $1,657,333.52 </b>with a sampling of cost estimates, provided invoices, F/A Labor/Equipment Summaries, and photos showing damage with reasonable lump sums. <b>Reduced: $11,080,666.48 </b>for repairs to FHWA roads and clarifying certain estimated costs were not in-kind. See &quot;Grand Traverse Roads Commission Validation Sheet&quot; for detailed information by WO.<br>Top-line notes:<br>   - Reduced $6,771,899.98 for 35 repair sites located on federal-aid roads<br>   - Reduced $3,855,628.50 on Brown Bridge Rd originally estimated full replacement including upgrade to spanned bridge ($4m), actual repair involves unearthing and repacking two large culverts, not bridge replacement. Applicant provided a contract quote for repairs and emergency repairs totaling $144,371.50.<br>   - Reduced $381,000 for other estimated repairs which are not in-kind (e.g., adding new culverts, upsizing culverts) at 9 sites<br>   - Reduced $72,138 after Applicant clarified SOW and provided in-kind costs for 2 sites - some of these costs were captured in the EPMs.<br>   - For approx 78 sites, FEMA validated either with photos with reasonable lump sum linked work orders, site visits, or cost documentation. Validated remaining 73 sites where photos were not provided or unclear which photos due to large sample. (approx. $538,000)"
Grand Traverse,E1,Grand Traverse County Parks,County,Complete,complete,0.0,4500.0,0.0,0.0,0.0,0.0,226075.57,230575.57,230575.57,"Cat A: Estimated: $0, for debris removal contract labor from park facilities and pathways. Validated: $4,500 using applicant provided invoices and activity descriptions
Cat G: Estimated: $2,255,000 for washed out trail restoration at several sites, replacement of a pedestrian bridge, repairs to a service road, and replacement of a scenic overlook. See more details at ""Grand Traverse Extra Notes."" Reduced: $2,028,924.43 - unable to validate most lump sums based on site visits or provided documentation. Revised $13m cost estimate did not tie to the observed damage. Validated: $226,075.57 using applicant provided estimate and pictures. 
- Oleson Bridge: Estimated: $800,000 to replace a footbridge. Reduced: $797,500 Photos show a tree that fell on one end of the bridge and limited washout around one abutment. Validated: $2,500 using FEMA engineer estimate for the removal of a tree and the repair/stabilization of the bridge abutment.
- Beaver Pond Trail: Estimated: $175,000, lump sum estimate provided. Reduced: $169,356.82 Validated $5,643.18 based on FEMA estimate of damaged dimensions to the trail.
- BRT service road: Estimated: $80,000 BRT service road washed out by the flood. Validated: $80,000 using applicant provided pictures and cost estimate
- Oleson trail washout: Estimated $500,000 with lump sum cost. Reduced: $ because unable to tie cost to work to restore the trail to pre-disaster conditions. Validated: $12,124.27 with FEMA eng. cost estimate to repair the trail. 
- Keystone Overlook: Estimated: $200,000.00 lump sum. Validated: $105,883.22 based on FEMA engineer estimate. Reduced. $94,116.78 - unable to tie lump sum to lump sum.
- Keystone Rapids Trail: Estimated: $500,000 with lump sum cost. Reduced: $180,075.10 due to lump sums provided not tied to trail restoration. Validated: $19,924.90 with FEMA engineer estimate to restore to predisaster conditions.","<b>Cat A: Estimated</b>: <b>$0</b>, for debris removal contract labor from park facilities and pathways. <b>Validated: $4,500 </b>using applicant provided invoices and activity descriptions<br><b>Cat G: Estimated: $2,255,000</b> for washed out trail restoration at several sites, replacement of a pedestrian bridge, repairs to a service road, and replacement of a scenic overlook. See more details at &quot;Grand Traverse Extra Notes.&quot;<b> Reduced:</b> $2,028,924.43 - unable to validate most lump sums based on site visits or provided documentation. Revised $13m cost estimate did not tie to the observed damage. <b>Validated: $226,075.57</b> using applicant provided estimate and pictures. <br>- Oleson Bridge: Estimated: $800,000 to replace a footbridge. Reduced: $797,500<b> </b>Photos show a tree that fell on one end of the bridge and limited washout around one abutment.<b> </b>Validated: $2,500 using FEMA engineer estimate for the removal of a tree and the repair/stabilization of the bridge abutment.<br>- Beaver Pond Trail: Estimated: $175,000, lump sum estimate provided. Reduced: $169,356.82 Validated $5,643.18 based on FEMA estimate of damaged dimensions to the trail.<br>- BRT service road: Estimated: $80,000 BRT service road washed out by the flood. Validated: $80,000 using applicant provided pictures and cost estimate<br>- Oleson trail washout: Estimated $500,000 with lump sum cost. Reduced: $ because unable to tie cost to work to restore the trail to pre-disaster conditions. Validated: $12,124.27 with FEMA eng. cost estimate to repair the trail. <br>- Keystone Overlook: Estimated: $200,000.00 lump sum. Validated: $105,883.22 based on FEMA engineer estimate. Reduced. $94,116.78 - unable to tie lump sum to lump sum.<br>- Keystone Rapids Trail: Estimated: $500,000 with lump sum cost. Reduced: $180,075.10 due to lump sums provided not tied to trail restoration. Validated: $19,924.90 with FEMA engineer estimate to restore to predisaster conditions.<br>"
Grand Traverse,E1,MDNR - Grand Traverse County,Government,Complete,complete,0.0,0.0,0.0,0.0,0.0,0.0,1400.0,1400.0,1400.0,"Cat G: Estimated: $1,400 for repairs to parking lot, bathrooms, and roadways/access site. Validated: $1,400 using applicant provided cost estimates","<b>Cat G: Estimated: $1,400</b> for repairs to parking lot, bathrooms, and roadways/access site. <b>Validated: $1,400</b> using applicant provided cost estimates"
Gratiot,E1,Alma College,Other,Complete,complete,0.0,0.0,15580.0,0.0,0.0,0.0,0.0,15580.0,15580.0,"Cat C: Estimated: $13,930 for contract work to repair parking lot and road catch basins (two) in the facility parking lot and road due to flooding. Validated: $13,5930 using applicant-provided contract estimates and photos.","<b>Cat C: Estimated:</b> $13,930 for contract work to repair parking lot and road catch basins (two) in the facility parking lot and road due to flooding. <b>Validated: $13,5930 </b>using applicant-provided contract estimates and photos.<b> </b>"
Gratiot,E1,City of Alma,City,Complete,complete,0.0,0.0,0.0,0.0,8591.26,0.0,0.0,8591.26,8591.26,"Cat C: Estimated: $8,591.26 for force account labor, materials, and equipment used to repair a sewer lateral connection and storm line. Validated: $8,591.26 from maintenance cost reports provided by the applicant, documenting repairs to the sewer lateral connection and storm line. Work included adding gravel to repair a road washout, hydroexcavation to repair the storm pipe, and replacement of sidewalk.","<b>Cat C: Estimated: </b>$8,591.26 for force account labor, materials, and equipment used to repair a sewer lateral connection and storm line. <b>Validated:</b> $8,591.26 from maintenance cost reports provided by the applicant, documenting repairs to the sewer lateral connection and storm line. Work included adding gravel to repair a road washout, hydroexcavation to repair the storm pipe, and replacement of sidewalk."
Gratiot,E1,City of St. Louis,City,Complete,complete,0.0,0.0,44730.0,0.0,0.0,0.0,0.0,44730.0,44730.0,"Cat C: Estimated: $44,730 for labor, materials, and equipment used to repair storm drains, street shoulder washouts, sinkholes, and sewer. Validated: $44,730 using applicant-provided street flooding repair estimates for work to restore storm drains, street damage, and sewer structure failure. The applicant also provided photos and descriptions of work at each site.","<b>Cat C: Estimated: </b>$44,730 for labor, materials, and equipment used to repair storm drains, street shoulder washouts, sinkholes, and sewer. <b>Validated:</b> $44,730 using applicant-provided street flooding repair estimates for work to restore storm drains, street damage, and sewer structure failure. The applicant also provided photos and descriptions of work at each site."
Gratiot,E1,Fulton Township,Municipality,Complete,complete,0.0,19284.33,0.0,0.0,0.0,4683.93,0.0,23968.26,23968.260000000002,"Cat B: Estimated: $19,284.33 for overtime force account labor, equipment, and materials used for emergency protective measures to keep the bypass pump functioning.
Validated: $19,284.33 using applicant-provided estimate summary sheets and photos. Cat F: Estimated: $4,683.93 for regular time force account labor for permanent work to restore the lift station board and phone dialer. Validated: $4,683.93 from summary sheets and photos provided by the applicant.","<b>Cat B: Estimated: </b>$19,284.33 for overtime force account labor, equipment, and materials used for emergency protective measures to keep the bypass pump functioning.<br><b>Validated</b>: $19,284.33 using applicant-provided estimate summary sheets and photos. <b>Cat F: Estimated</b>: $4,683.93 for regular time force account labor for permanent work to restore the lift station board and phone dialer. <b>Validated: </b>$4,683.93 from summary sheets and photos provided by the applicant.<br>"
Gratiot,E1,Gratiot Co Drain Commission,County,Complete,complete,5750.0,0.0,0.0,95900.0,0.0,0.0,0.0,101650.0,101650.0,"CAT A: Estimated: $5,750 for contracted removal of debris from grates and sediment removal to unclog the drain. Validated: $5,750 using applicant-provided estimates, cost breakdowns, and photos documenting the completed debris removal work. CAT D: Estimated: $132,783.06 for construction repairs to drainage systems #66 and #93, including labor, equipment, and materials. Reduced: $36,883.06 for soft costs such as engineering, legal, and construction services, as well as Flexamat material, which was excluded because it was not present before the disaster and was purchased prior to the event-- appears to be mitigation. These reductions were evaluated and confirmed by the Region 5 FEMA Engineer based on the estimates provided. Validated: $95,900 using applicant-provided photos, detailed descriptions of drainage repairs, and estimates for contracts, equipment, and materials used to complete the work. The Region 5 FEMA Engineer also reviewed and validated these costs and repairs.","<b>CAT A: Estimated</b>: $5,750 for contracted removal of debris from grates and sediment removal to unclog the drain.<b> Validated:</b> $5,750 using applicant-provided estimates, cost breakdowns, and photos documenting the completed debris removal work. <b>CAT D:</b> <b>Estimated:</b> $132,783.06 for construction repairs to drainage systems #66 and #93, including labor, equipment, and materials. <b>Reduced:</b> $36,883.06 for soft costs such as engineering, legal, and construction services, as well as Flexamat material, which was excluded because it was not present before the disaster and was purchased prior to the event-- appears to be mitigation. These reductions were evaluated and confirmed by the Region 5 FEMA Engineer based on the estimates provided. <b>Validated: </b>$95,900 using applicant-provided photos, detailed descriptions of drainage repairs, and estimates for contracts, equipment, and materials used to complete the work. The Region 5 FEMA Engineer also reviewed and validated these costs and repairs."
Gratiot,E1,Village of Perrinton,Municipality,Complete,complete,6337.22,0.0,0.0,0.0,0.0,5324.17,0.0,11661.39,11661.39,"Cat A: Estimated: $6,337.22 for force account labor, equipment, and fuel to perform debris removal from public roadways.Validated: $6,337.22 with applicant provided cost estimate breakdown of debris removal work performed and photos. Cat F: Estimated: $5,324.17 for force account labor, equipment, and materials used to repair the stand-by generator. Validated: $5,324.17 from estimates provided by the applicant and photos of the repaired generator.","<b>Cat A: Estimated: </b>$6,337.22 for force account labor, equipment, and fuel to perform debris removal from public roadways.<b>Validated: </b>$6,337.22 with applicant provided cost estimate breakdown of debris removal work performed and photos. <b>Cat F: Estimated:</b> $5,324.17 for force account labor, equipment, and materials used to repair the stand-by generator.<b> Validated:</b> $5,324.17 from estimates provided by the applicant and photos of the repaired generator."
Iron,E1,Iron County Road Commission,County,Complete,complete,0.0,0.0,383314.33,0.0,0.0,0.0,0.0,383314.33,383314.33,"Cat C: Estimated: $383,314.33 for contracted repairs and force account labor to restore roads, bridges, culverts, and drainage structures at 23 sites due to flooding. Validated: $383,314.33 using applicant-provided contract summaries, force account labor summary sheets, and photos documenting completed work at all 23 sites.","<b>Cat C: Estimated:</b> $383,314.33 for contracted repairs and force account labor to restore roads, bridges, culverts, and drainage structures at 23 sites due to flooding. <b>Validated:</b> $383,314.33 using applicant-provided contract summaries, force account labor summary sheets, and photos documenting completed work at all 23 sites."
Jackson,E1,Jackson County Road Commission,County,Complete,complete,0.0,0.0,117700.0,0.0,0.0,0.0,0.0,117700.0,117700.0,"CAT C: Estimated: $221,200 for storm drain failure and sink hole. Reduced: $103,500 for FHWA Road - $80K for FHWA road and $23,500 for contingency cost. Validated: $117,700 utilizing applicant provided cost summary and photos.","CAT C: <b>Estimated:</b> $221,200 for storm drain failure and sink hole. <b>Reduced:</b> $103,500 for FHWA Road - $80K for FHWA road and $23,500 for contingency cost. <b>Validated:</b> $117,700 utilizing applicant provided cost summary and photos.<br>"
Jackson,E1,Titler Farm Barn,,Complete,complete,0.0,0.0,0.0,0.0,0.0,0.0,0.0,0.0,0.0,"CAT E: Estimated: $170,000 for collapsed pole barn. Reduced: $170,000 facility is a private residence.","<b>CAT E: Estimated:</b> $170,000 for collapsed pole barn. Reduced: $170,000 facility is a private residence. <br>"
Jackson,E1,Village of Parm,,Complete,complete,0.0,0.0,0.0,123738.0,0.0,0.0,0.0,123738.0,123738.0,"CAT D: Estimated: $553,738 for repair costs to catch basins, clay pipes, and culverts under homeowner driveways. Reduced: $430,000 for costs estimated for clay pipe repair, to date these pipes have not been assessed for damages FEMA can not validate costs for damages that have not been confirmed, reduction also includes costs estimated for upgrading culverts in a neighborhood with undersized culverts under driveways, upgrading these culverts would be considered a mitigation measure and this cannot be included in the PDA. Validated: $123,738 cleaning of storm sewers and catch basins the applicant confirmed were clogged in their narrative cost description.","<b>CAT D: Estimated: </b>$553,738 for repair costs to catch basins, clay pipes, and culverts under homeowner driveways. <b>Reduced:</b> $430,000 for costs estimated for clay pipe repair, to date these pipes have not been assessed for damages FEMA can not validate costs for damages that have not been confirmed, reduction also includes costs estimated for upgrading culverts in a neighborhood with undersized culverts under driveways, upgrading these culverts would be considered a mitigation measure and this cannot be included in the PDA. <b>Validated:</b> $123,738 cleaning of storm sewers and catch basins the applicant confirmed were clogged in their narrative cost description."
Kalamazoo,E1,"Kalamazoo, City of",City,Complete,complete,6742.0,0.0,0.0,0.0,11795.0,0.0,0.0,18537.0,18537.0,"CAT B: Estimated $16,710 for flood cleaning kits, and contractor/FAL OT for flood response. Reduced: $9,968 for ineligible flood cleaning kits. Validated: $6,742 utilizing Applicant provided cost summaries, emergency response descriptions.
CAT E: Estimated: $11,795 for damaged water pumps, fittings, and hoses, and FAE for utility repairs and traffic control. Validated: $11,795 utilizing Applicant provided cost estimate and damage descriptions.","<b>CAT B: Estimated $16,710</b> for flood cleaning kits, and contractor/FAL OT for flood response. <b>Reduced: $9,968</b> for ineligible flood cleaning kits. <b>Validated: $6,742</b> utilizing Applicant provided cost summaries, emergency response descriptions.<br><b>CAT E: Estimated: $11,795</b> for damaged water pumps, fittings, and hoses, and FAE for utility repairs and traffic control. <b>Validated: $11,795 </b>utilizing Applicant provided cost estimate and damage descriptions."
Kalkaska,E1,Boardman Township,Municipality,Complete,complete,0.0,0.0,0.0,91670.0,0.0,0.0,0.0,91670.0,91670.0,"CAT D: Estimated: $99,170 for stabilization of the hydroelectric dam, culvert installation, and pump setup, as well as pump operation during construction in response to flooding. Reduced: $7,500 for ineligible engineering (soft) costs. Validated: $91,670 using applicant-provided summary estimates and photos documenting the completed work.","<b>CAT D: Estimated:</b> $99,170 for stabilization of the hydroelectric dam, culvert installation, and pump setup, as well as pump operation during construction in response to flooding. Reduced: $7,500 for ineligible engineering (soft) costs. <b>Validated</b>: $91,670 using applicant-provided summary estimates and photos documenting the completed work.<br>"
Kalkaska,E1,Kalkaska Library,County,Complete,complete,0.0,0.0,0.0,0.0,0.0,0.0,0.0,0.0,0.0,"CAT B: Estimated: $2,281.40 for emergency protective measures, including removal of floodwater from the library building and elevator, as well as itemized materials and equipment used to salvage damaged contents and prevent further water intrusion. Reduced: $2,281.40 for emergency protective measures, materials, and equipment costs claimed, as these do not meet the FY2026 eligibility threshold. Validated: $0. CAT E: Estimated: $54,364.86 for permanent repairs to the library basement, including installation of a drainage system, epoxy flooring, and wall cove to enhance facility water resistance. Reduced: $54,364.86 for permanent work to upgrade the library building’s drainage system and flooring to improve water resistance, as permanent facility upgrades are not eligible. Validated: $0.","<b>CAT B: Estimated:</b> $2,281.40 for emergency protective measures, including removal of floodwater from the library building and elevator, as well as itemized materials and equipment used to salvage damaged contents and prevent further water intrusion. <b>Reduced:</b> $2,281.40 for emergency protective measures, materials, and equipment costs claimed, as these do not meet the FY2026 eligibility threshold. <b>Validated:</b> $0. <b>CAT E: Estimated: </b>$54,364.86 for permanent repairs to the library basement, including installation of a drainage system, epoxy flooring, and wall cove to enhance facility water resistance. <b>Reduced:</b> $54,364.86 for permanent work to upgrade the library building’s drainage system and flooring to improve water resistance, as permanent facility upgrades are not eligible. <b>Validated:</b> $0.<br>"
Kalkaska,E1,Kalkaska Road Commission,County,Complete,complete,0.0,0.0,178470.59,0.0,0.0,0.0,0.0,178470.59,178470.59,"CAT C: Estimated: $206,105.22 for labor, equipment, contract, and materials used to perform permanent repairs to culverts and roadways within the applicant’s jurisdiction due to flooding. Validated: $178,470.59 from applicant provided estimates and photos.","<b>CAT C: Estimated:</b> $206,105.22 for labor, equipment, contract, and materials used to perform permanent repairs to culverts and roadways within the applicant’s jurisdiction due to flooding. <b>Validated: $178,470.59 </b>from applicant provided estimates and photos.  <br>"
Kalkaska,E1,Kalkaska Public Works,,Complete,complete,0.0,0.0,0.0,41889.27,0.0,0.0,0.0,41889.27,41889.27,"CAT D: Estimated: $41,889.27 for labor, materials, and equipment used to repair the dam in-kind with riprap and boulders to contain the pond water following flooding. Validated: $41,889.27 using the applicant-provided invoice and photos documenting both the damages and the completed repair work.","<b>CAT D: Estimated</b>: $41,889.27 for labor, materials, and equipment used to repair the dam in-kind with riprap and boulders to contain the pond water following flooding. <b>Validated</b>: $41,889.27 using the applicant-provided invoice and photos documenting both the damages and the completed repair work.<br>"
Kalkaska,E1,Village of Kalkaska,Municipality,Complete,complete,0.0,0.0,0.0,0.0,60035.0,0.0,0.0,60035.0,60035.0,"CAT E: Estimated: $110,035 for labor, materials, and equipment used to repair building walls, pump, water heater, and to install a power supply. Reduced: $50,000 for inclusion of engineering (soft) costs. Validated: $60,035 using applicant-provided estimates and photos.","<b>CAT E: Estimated:</b> $110,035 for labor, materials, and equipment used to repair building walls, pump, water heater, and to install a power supply. <b>Reduced:</b> $50,000 for inclusion of engineering (soft) costs. <b>Validated:</b> $60,035 using applicant-provided estimates and photos."
Lake,E1,Newkirk,Municipality,Complete,complete,0.0,0.0,123782.58,0.0,0.0,0.0,0.0,123782.58,123782.58,"Category C: Estimated:$123,782.58 for gravel crew labor, gravel installation, and materials used to repair all 13 culverts damaged by flooding. Validated: $123,782.58, based on applicant-provided photos and cost estimates.","Category C: Estimated:$123,782.58 for gravel crew labor, gravel installation, and materials used to repair all 13 culverts damaged by flooding. <b>Validated:</b> $123,782.58, based on applicant-provided photos and cost estimates."
Lake,E1,MDNR- Lake County,Government,Complete,complete,0.0,0.0,0.0,0.0,0.0,0.0,13554.29,13554.29,13554.29,"Category G: Estimated $13,554.29 Validated $13,554.29 for repairs to entire campground to address erosion, damaged roads, and campsites using applicant provided estimates.","<b>Category G: Estimated $13,554.29 Validated $13,554.29</b> for repairs to entire campground to address erosion, damaged roads, and campsites using applicant provided estimates."
Leelanau,E1,Leelanau County,County,Complete,complete,0.0,0.0,5458.15,0.0,0.0,0.0,0.0,5458.15,5458.15,"CAT C Estimated: $5,458.15 for road washout and culvert replacement. Validated: $5,458.15 utilizing Applicant provided cost estimate and damage description.","<b>CAT C Estimated: $5,458.15</b> for road washout and culvert replacement. <b>Validated: $5,458.15</b> utilizing Applicant provided cost estimate and damage description."
Leelanau,E1,MDNR - Leelanau County,Government,Complete,complete,0.0,0.0,0.0,0.0,0.0,0.0,400.0,400.0,400.0,CAT G Estimated: $400 Validated $400.00 for repairs roadway/access site and grading done using applicant provided estimates.,<b>CAT G Estimated: $400 Validated $400.00</b> for repairs roadway/access site and grading done using applicant provided estimates.
Manistee,E1,Manistee City WWTP,City,Complete,complete,0.0,8275.0,0.0,0.0,0.0,0.0,0.0,8275.0,8275.0,"CAT B:  Estimated: $8,789.56 for emergency operations and repairs to the WWTP pump to prevent back pressure within the sewer system. Reduced: $513.76 for regular time hours performing emergency work.  Validated $8,275.80","<b>CAT B:  Estimated: $8,789.56</b> for emergency operations and repairs to the WWTP pump to prevent back pressure within the sewer system.<b> Reduced: $513.76 </b>for regular time hours performing emergency work<b>.</b> <b> Validated $8,275.80</b>"
Manistee,E1,Manistee County Road Commission,County,Complete,complete,4202.0,0.0,1932750.0,0.0,0.0,0.0,0.0,1936952.0,1936952.0,"CAT A: Estimated: $4202.00 for debris removal and road closure for a pond over-flowing county road.  Reduced: $0.00 Validated $4,202.00 debris removal and road closures using invoices & estimates provided.  
CAT C: Estimated: $3,187,287.00 for 3 countywide culverts, 2 bridges, and 17 roads that were washed out due to overland flooding.  Reduced: $1,254,537.00 for two bridges (Johnson & Potter Rd) bridge estimates provided included improvements to the pre-disaster condition which cannot be included in PDA, contingency costs, and engineering costs. Applicant provided adjusted estimates and limited their costs to ""in-kind"" bridge repairs. Terpak Rd had contingency and engineering costs that were removed from the engineer's estimate. Validated: $1,932,750.00 using applicant provided costs, engineer's estimates, photos,and site inspections.","<b>CAT A: Estimated: $4202.00 </b>for debris removal and road closure for a pond over-flowing county road.  <b>Reduced: $0.00 Validated $4,202.00</b> debris removal and road closures using invoices &amp; estimates provided.  <br><b>CAT C: Estimated: $3,187,287.00</b> for 3 countywide culverts, 2 bridges, and 17 roads that were washed out due to overland flooding.  <b>Reduced: $1,254,537.00 for</b> two bridges (Johnson &amp; Potter Rd) bridge estimates provided included improvements to the pre-disaster condition which cannot be included in PDA, contingency costs, and engineering costs. Applicant provided adjusted estimates and limited their costs to &quot;in-kind&quot; bridge repairs. Terpak Rd had contingency and engineering costs that were removed from the engineer&#x27;s estimate. <b>Validated: $1,932,750.00</b> using applicant provided costs, engineer&#x27;s estimates, photos,and site inspections."
Manistee,E1,MDNR - Manistee County,Government,Complete,complete,0.0,0.0,0.0,0.0,0.0,0.0,7744.61,7744.61,7744.61,"CAT G:  Estimated:  $7744.61 for repairs riverbanks, trials and access areas due to flooding. Reduced:  $0.00 Validated $7,744.61 for repairs riverbanks, trials and access areas due to flooding using applicant provided estimates.","<b>CAT G:  Estimated:  $7744.61 </b>for repairs riverbanks, trials and access areas due to flooding. <b>Reduced:  $0.00 Validated $7,744.61</b> for repairs riverbanks, trials and access areas due to flooding using applicant provided estimates."
Marquette,E1,Marquette County Road Commission,County,Complete,complete,0.0,7619.0,380617.0,0.0,0.0,0.0,0.0,388236.0,388236.0,"CAT B: Estimated: $7,619 for emergency protective measures (water diversion and temporary gravel) and emergency cut and toss debris removal. Validated: $7,619 utilizing Applicant provided cost estimates and photos.
CAT C: Estimated: $584,729 for asphalt and gravel road damages (eight sites), culvert repairs (four sites), and stabilization at one site. Reduced: $204,112 for FHWA roads, contingency costs, and on CR LG (River Road) - pre-existing damage to the road. Validated: $380,617 utilizing Applicant provided photos, cost estimate, and FEMA Engineer review.","<b>CAT B: Estimated: $7,619</b> for emergency protective measures (water diversion and temporary gravel) and emergency cut and toss debris removal. <b>Validated: $7,619 </b>utilizing Applicant provided cost estimates and photos.<br><b>CAT C: Estimated: $584,729</b> for asphalt and gravel road damages (eight sites), culvert repairs (four sites), and stabilization at one site. <b>Reduced: $204,112</b> for FHWA roads, contingency costs, and on CR LG (River Road) - pre-existing damage to the road. <b>Validated: $380,617</b> utilizing Applicant provided photos, cost estimate, and FEMA Engineer review."
Marquette,E1,"Ishpeming, City of",City,Complete,complete,0.0,12326.0,0.0,0.0,0.0,0.0,0.0,12326.0,12326.0,"CAT B: Estimated: $13,936 for Emergency Protective Measures including baricading and temporart sinkhole repair. Reduced: $1609.91 for FA straight time. Validated: $12,326.82 utilizing work log and FAL summaries.","<b>CAT B: Estimated: $13,936</b> for Emergency Protective Measures including baricading and temporart sinkhole repair. <b>Reduced: $1609.91</b> for FA straight time. <b>Validated: $12,326.82</b> utilizing work log and FAL summaries."
Mecosta,E1,Mecosta County Parks Commission,County,Complete,complete,0.0,0.0,0.0,0.0,0.0,0.0,632000.0,632000.0,632000.0,"Cat G: Estimated $835,245.00 for trail repairs to site. Reduced $172,945.00 ($14,000 for geotextile fabric, $50,000 for contingency costs, and $108,945.00 for engineering fees) Validated $632,000.00 based off site inspection showing measurements are consistent with estimates, observation that the trail system had boulder retaining walls in place prior to the disaster to support the trail sidleslopes, and review of photos and costs estimates provided by the applicant. FEMA engineer advised that steel Sheetpiles are appropriate as a method of repair to restore the damages to this site that were caused by the event.","<b>Cat G: Estimated $835,245.00</b> for trail repairs to site.<b> Reduced $172,945.00</b> ($14,000 for geotextile fabric, $50,000 for contingency costs, and $108,945.00 for engineering fees) <b>Validated $632,000.00 </b>based off site inspection showing measurements are consistent with estimates, observation that the trail system had boulder retaining walls in place prior to the disaster to support the trail sidleslopes, and review of photos and costs estimates provided by the applicant. FEMA engineer advised that steel Sheetpiles are appropriate as a method of repair to restore the damages to this site that were caused by the event."
Menominee,E1,Menominee County,County,Complete,complete,0.0,0.0,403474.0,0.0,0.0,0.0,0.0,403474.0,403474.0,"Cat C:  Estimated:  $470,574.00  Reduced:  $67,100.00 for being FHWA roads not eligible for FEMA PA  Validated:  $403,474.00 using applicant provided descriptions, maps/photos, and cost estimates.  Original photos supplied showed #5 Lane submerged under water. Photos provided 5/26/2026 show the water has  receded  and damages were confirmed.","<b>Cat C</b>:  <b>Estimated: </b> $470,574.00  <b>Reduced:</b>  $67,100.00 for being FHWA roads not eligible for FEMA PA  <b>Validated:</b>  $403,474.00 using applicant provided descriptions, maps/photos, and cost estimates.  Original photos supplied showed #5 Lane submerged under water. Photos provided 5/26/2026 show the water has  receded  and damages were confirmed."
Missaukee,E1,Missaukee County Road Commission,County,Complete,complete,0.0,0.0,286453.0,0.0,0.0,0.0,0.0,286453.0,286453.0,"CAT C: Estimated $306,064 for damages to 20 roads and culverts county wide. Reduced $19,611 for FHWA roads. Validated $286,453 utilizing Applicant provided photos, damages descriptions and detailed cost estimates/summaries.","<b>CAT C: Estimated $306,064</b> for damages to 20 roads and culverts county wide. <b>Reduced $19,611</b> for FHWA roads. <b>Validated $286,453</b> utilizing Applicant provided photos, damages descriptions and detailed cost estimates/summaries."
Montcalm,E1,Sheridan Fire Department,Municipality,Complete,complete,0.0,12521.62,0.0,0.0,0.0,0.0,0.0,12521.62,12521.62,"CAT B: Estimated $12,521.62 for emergency protective measures and calls directly related to the disaster. Validated $12,521.62 utilizing Applicant provided cost summary and EMP descriptions.","<b>CAT B: Estimated $12,521.62</b> for emergency protective measures and calls directly related to the disaster. <b>Validated $12,521.62 </b>utilizing Applicant provided cost summary and EMP descriptions."
Montcalm,E1,"Stanton, City of",City,Complete,complete,0.0,0.0,0.0,0.0,0.0,0.0,0.0,0.0,0.0,"CAT B: Estimated $2,183.88 for emergency protective measures city wide inculding barricading off roads, clearing debris, and clearing gravel/sand from drains. Reduced: $2,183.88  for not meeting FY26 minimum project threshold of $4,100.","<b>CAT B: Estimated $2,183.88</b> for emergency protective measures city wide inculding barricading off roads, clearing debris, and clearing gravel/sand from drains. <b>Reduced: $2,183.88</b>  for not meeting FY26 minimum project threshold of $4,100."
Montcalm,E1,Montcalm County Road Commission,County,Complete,complete,23413.01,16029.02,0.0,0.0,0.0,0.0,0.0,39442.03,39442.03,"CAT A: Estimated $23,413.01 for woody debris removal activities on county roads. Validated: $23,413.01 utilizing Applicant provided cost summary and work logs. 
CAT B: Estimated $16,029.02 for closing county roads damaged by the disaster. Validated: $16,029.02 utilizing Applicant provided cost summary and work logs.
CAT C: Estimated $120,404.88 for damage to county roads caused by the disaster. Reduced: $120,404.88 Unable to validate any of the Applicant permanent work claims - Applicant did not provide locations for claimed damages or dimensions.","CAT A: Estimated $23,413.01 for woody debris removal activities on county roads. <b>Validated: $23,413.01</b> utilizing Applicant provided cost summary and work logs. <br><b>CAT B: Estimated $16,029.02 </b>for closing county roads damaged by the disaster. <b>Validated: $16,029.02 </b>utilizing Applicant provided cost summary and work logs.<br><b>CAT C: Estimated $120,404.88 </b>for damage to county roads caused by the disaster. <b>Reduced: $120,404.88 </b>Unable to validate any of the Applicant permanent work claims - Applicant did not provide locations for claimed damages or dimensions."
Montmorency,E1,PIE&G,Co Op,Complete,complete,0.0,2852.51,0.0,0.0,0.0,0.0,0.0,2852.51,2852.51,"CAT B Estimated: $2,852.51 for EOC operations to monitor high risk areas. Validated $2,852.510 utilizing Applicant activity description and cost summary.","<b>CAT B Estimated: $2,852.51 </b>for EOC operations to monitor high risk areas. <b>Validated $2,852.510</b> utilizing Applicant activity description and cost summary."
Montmorency,E1,Montmorency County Road Commission,Government,Complete,complete,0.0,0.0,57128.0,0.0,0.0,0.0,0.0,57128.0,57128.0,"CAT C Estimated: $69,097 gravel road repairs on local and primary roads. Reduced: $11,969 for major collector and primary roads, these road classifications are ineligible for assistance under FEMA's PA program. Validated: $57,128 utilizing applicant supplied invoices and labor records.","<b>CAT C Estimated: $69,097</b> gravel road repairs on local and primary roads. <b>Reduced: $11,969</b> for major collector and primary roads, these road classifications are ineligible for assistance under FEMA&#x27;s PA program. <b>Validated: $57,128 </b>utilizing applicant supplied invoices and labor records."
Muskegon,E1,Emergency Operations Center (EOC),County,Complete,complete,0.0,28154.28,109000.0,0.0,0.0,0.0,168313.65,305467.93,305467.93,"Cat B: Estimated: $28,154.28 for emergency protective measures at the cities of Whitehall, and North Muskegon. After RFI, Applicant provided clarification on its utilization of various agencies to assist with emergency operations. Validated: $28,154.28 utilizing Applicant provided cost summary report.
Cat C: Estimated: $60,000 for washout of city-owned pedestrian bridge, a corresponding road and culvert was also washed out near Baldwin Rd. After RFI, Applicant sent updated documentation increasing requested costs to $136,250.00. Reduced: $27,250.00 for engineering costs included in estimate. Validated $109,000.00 utilizing Applicant photos and cost estimate provided in RFI response.
Cat G: Estimated: $457,853.46 for total roadway and culvert repairs at Meinert Park and Moore Park. Reduced: $289,539.81 for estimated costs exceeded FEMA engineer's estimate after cost reductions for mitigation.  Validated: $168,313.65 utilizing Applicant photos and cost summary reports provided in RFI response and FEMA engineer's estimated costs.","<b>Cat B: Estimated: $28,154.28</b> for emergency protective measures at the cities of Whitehall, and North Muskegon. After RFI, Applicant provided clarification on its utilization of various agencies to assist with emergency operations. <b>Validated: $28,154.28 </b>utilizing Applicant provided cost summary report.<br><b>Cat C: Estimated: $60,000 </b>for washout of city-owned pedestrian bridge, a corresponding road and culvert was also washed out near Baldwin Rd. After RFI, Applicant sent <b>updated documentation increasing requested costs to $136,250.00</b>. <b>Reduced: $27,250.00</b> for engineering costs included in estimate.<b> Validated $109,000.00</b> utilizing Applicant photos and cost estimate provided in RFI response.<br><b>Cat G: Estimated: $457,853.46 </b>for total roadway and culvert repairs at Meinert Park and Moore Park. <b>Reduced: $289,539.81 </b>for<b> </b>estimated costs exceeded FEMA engineer&#x27;s estimate after cost reductions for mitigation.  <b>Validated: $168,313.65</b> utilizing Applicant photos and cost summary reports provided in RFI response and FEMA engineer&#x27;s estimated costs."
Newaygo,E1,Bridgeton Township,Government,Complete,complete,0.0,0.0,0.0,0.0,0.0,0.0,0.0,0.0,0.0,"Cat A: Estimated: $1,842.00 for debris removal (mud) from boat launch drive. Reduced: $1,842.00 for not meeting FY26 minimum threshold of $4,100.
Cat B: Estimated: $54.00 for damaged warning sign. Reduced: $54.00 for not meeting FY26 minimum threshold of $4,100.
Cat C: Estimated: $342.00 for boat launch drive washed out from flood. Reduced: $342.00 for not meeting FY26 minimum threshold of $4,100.","<b>Cat A: Estimated: $1,842.00</b> for debris removal (mud) from boat launch drive. <b>Reduced: $1,842.00</b> for not meeting FY26 minimum threshold of $4,100.<br><b>Cat B: Estimated: $54.00</b> for damaged warning sign. <b>Reduced: $54.00 </b>for not meeting FY26 minimum threshold of $4,100.<br><b>Cat C: Estimated: $342.00 </b>for boat launch drive washed out from flood. <b>Reduced: $342.00</b> for not meeting FY26 minimum threshold of $4,100."
Newaygo,E1,City of Grant,Government,Complete,complete,0.0,0.0,0.0,0.0,0.0,0.0,0.0,0.0,0.0,"Cat B: Estimated: $3,159.00 for emergency protective measures. Ashland Grant Fire Department conducted emergency response operations due to flooding conditions. Reduced: $3,159.00 for not meeting FY26 minimum threshold of $4,100.","<b>Cat B: Estimated: $3,159.00 </b>for emergency protective measures. Ashland Grant Fire Department conducted emergency response operations due to flooding conditions. <b>Reduced: $3,159.00</b> for not meeting FY26 minimum threshold of $4,100."
Newaygo,E1,City of Newaygo,Government,Complete,complete,0.0,5422.4,0.0,0.0,0.0,0.0,0.0,5422.4,5422.4,"Cat B: Estimated: $5,422.40 for emergency protective measures. Newaygo Fire Department conducted emergency response operations due to flooding conditions. Validated: $5,422.40 utilizing Applicant provided cost summary.","<b>Cat B: Estimated: $5,422.40</b> for emergency protective measures. Newaygo Fire Department conducted emergency response operations due to flooding conditions. <b>Validated: $5,422.40 </b>utilizing Applicant provided cost summary."
Newaygo,E1,County of Newaygo,County,Complete,complete,0.0,11142.0,248373.84,0.0,0.0,0.0,0.0,259515.84,259515.84,"Cat A: Estimated: $879.00 for debris removal from 5 drains. Reduced: $879.00 for not meeting FY26 minimum threshold of $4,100.
Cat B: Estimated: $11,142.00 for emergency protective measures. Due to flooding conditions, the Emergency Operations Center was activated and Newaygo County Sheriff's office performed evacuations and hazard remediation. Validated: $11,142.00 utilizing Applicant provided damage inventory and cost summary reports.
Cat C: Estimated: 254,395.78 for culvert wash out and riprap replacement. Reduced: $6,021.94 for including FHWA road. (Spruce north of 1 Mile).Validated: $248,373.84 utilizing applicant provided estimates and invoices provided. 
Cat G: Estimated: $230.00 for 12' footbridge at White Cloud County Park Trail washed out downstream. Reduced: $230.00 for not meeting FY26 minimum threshold of $4,100.","<b>Cat A: Estimated: $879.00</b> for debris removal from 5 drains.<b> Reduced: $879.00</b> for not meeting FY26 minimum threshold of $4,100.<br><b>Cat B: Estimated: $11,142.00</b> for emergency protective measures. Due to flooding conditions, the Emergency Operations Center was activated and Newaygo County Sheriff&#x27;s office performed evacuations and hazard remediation. <b>Validated: $11,142.00</b> utilizing Applicant provided damage inventory and cost summary reports.<br><b>Cat C: Estimated: 254,395.78</b> for culvert wash out and riprap replacement. <b>Reduced: $6,021.94</b> for including FHWA road. (Spruce north of 1 Mile).Validated: <b>$248,373.84 </b>utilizing applicant provided estimates and invoices provided. <br><b>Cat G: Estimated: $230.00</b> for 12&#x27; footbridge at White Cloud County Park Trail washed out downstream. <b>Reduced: $230.00</b> for not meeting FY26 minimum threshold of $4,100.  <br><br>"
Newaygo,E1,Village of Hesperia,Government,Complete,complete,0.0,32534.0,0.0,0.0,0.0,0.0,0.0,32534.0,32534.0,"Cat B: Estimated: $32,534 for emergency protective measures at Hesperia Dam, including sandbagging and excavation operations necessary to mitigate immediate threats due to flooding. Validated: $32,534.25 utilizing Applicant provide cost summary and photos.","Cat B: Estimated: $32,534 for emergency protective measures at Hesperia Dam, including sandbagging and excavation operations necessary to mitigate immediate threats due to flooding. <b>Validated: $32,534.25</b> utilizing Applicant provide cost summary and photos."
Newaygo,E1,Great Lakes Energy Co-Op,PNP,Complete,complete,0.0,0.0,0.0,0.0,0.0,11697.359999999999,0.0,11697.36,11697.359999999999,"CAT F:  Estimated: $11,697.36   for power outage and restoration due to flooding.  Validated: $11,697.36  utilizing applicant provided cost summaries.","CAT F:  <b>Estimated: </b>$11,697.36   for power outage and restoration due to flooding. <b> Validated:</b> $11,697.36  utilizing applicant provided cost summaries."
Newaygo,E1,MDNR - Newaygo County,Government,Complete,complete,0.0,0.0,0.0,0.0,0.0,0.0,4515.0,4515.0,4515.0,"CAT G: Estimated $4,515  Validated $4,515 to repair washout around vault, and pumping vault using applicant provided estimates.","<b>CAT G: Estimated $4,515  Validated $4,515</b> to repair washout around vault, and pumping vault using applicant provided estimates."
Ogemaw,E1,Ogemaw County Road Commission,County,Complete,complete,0.0,0.0,106500.0,0.0,0.0,0.0,0.0,106500.0,106500.0,"Cat C - Estimated $130,500 for road damages and repairs to culvert failures after storm. Reduced $24,000 for ineligible FHWA roads (Sage Lake at Boat Launt and Sage Lake E of Dump). Validated $106,500 based on applicant documentation","<b>Cat C - Estimated $130,500</b> for road damages and repairs to culvert failures after storm. <b>Reduced </b>$24,000 for ineligible FHWA roads (Sage Lake at Boat Launt and Sage Lake E of Dump). <b>Validated $106,500</b> based on applicant documentation"
Ogemaw,E1,Ogemaw District Library,Government,Complete,complete,0.0,0.0,0.0,0.0,10405.0,0.0,0.0,10405.0,10405.0,"Cat. E- Estimated $10,405 for furnace replacement, basement was flooded and furnace was damaged in flood.  Validated $10.405 applicant provided a letter from insurance company validating that their deductible was $25,000.  The costs to replace the furnace were less than the deductible.","<b>Cat. E- Estimated $10,405</b> for furnace replacement, basement was flooded and furnace was damaged in flood.  <b>Validated $10.405</b> applicant provided a letter from insurance company validating that their deductible was $25,000.  The costs to replace the furnace were less than the deductible."
Ogemaw,E1,MDNR - Ogemaw County,Government,Complete,complete,0.0,0.0,0.0,0.0,0.0,0.0,6000.0,6000.0,6000.0,"Cat. G- Estimated $6,000 Validated $6,000 to repair roads from washouts using applicant provided estimates.","Cat. G- Estimated $6,000 Validated $6,000 to repair roads from washouts using applicant provided estimates."
Osceola,E1,Evart Area Fire Department,Government,Complete,complete,0.0,166516.06,0.0,0.0,0.0,0.0,0.0,166516.06,166516.06,,
Osceola,E1,Lincoln Township Fire Department,Government,Complete,complete,0.0,10048.0,0.0,0.0,0.0,0.0,0.0,10048.0,10048.0,,
Osceola,E1,Osceola County Road Commission,Government,Complete,complete,0.0,95000.0,861500.0,0.0,0.0,0.0,0.0,956500.0,956500.0,,
Osceola,E1,Osceola County Emergency Management,Government,Complete,complete,12073.6,8976.97,0.0,0.0,0.0,0.0,0.0,21050.57,21050.57,,
Osceola,E1,Evart City,Government,Complete,complete,5940.665,0.0,24790.0,0.0,0.0,0.0,7259.0,37989.67,37989.665,,
Osceola,E1,Hersey Township,Government,Complete,complete,5474.8,7087.32,0.0,0.0,0.0,0.0,0.0,12562.12,12562.119999999999,,
Osceola,E1,Great Lakes Energy Co-Op - Osceola,PNP,Complete,complete,0.0,0.0,0.0,0.0,0.0,25385.76,0.0,25385.76,25385.76,,
Osceola,E1,MDNR - Osceola County,Government,Complete,complete,0.0,0.0,0.0,0.0,0.0,0.0,27500.0,27500.0,27500.0,,
Oscoda,E1,Oscoda County Road Commission,County,Complete,complete,0.0,7058.07,82348.05,0.0,0.0,0.0,0.0,89406.12,89406.12,"Cat B - Estimated $7,058.07 for emergency response measures and emergency signage. Validated: $7,058.07 from applicant documentation. 
Cat C - Estimated $97,537.24 for road repairs including labor, materials and equipment. RFI sent to applicant verify the name of the claimed facility Reduced: $15,189.19 for claimed damages that are on FHWA roads. Validated: $82,348.05 based on applicant documentation","<b>Cat B - Estimated $7,058.07</b> for emergency response measures and emergency signage.<b> Validated: $7,058.07</b> from applicant documentation. <br><b>Cat C - Estimated $97,537.24</b> for road repairs including labor, materials and equipment. RFI sent to applicant verify the name of the claimed facility <b>Reduced: $15,189.19</b> for claimed damages that are on FHWA roads. <b>Validated: $82,348.05</b> based on applicant documentation"
Oscoda,E1,MDNR - Oscoda County,Government,Complete,complete,0.0,0.0,0.0,0.0,0.0,0.0,1036.0,1036.0,1036.0,"Cat G - Estimated $1,036 Validated $1,036 for gravel road washout repairs applicant provided estimates","Cat G - Estimated $1,036 Validated $1,036 for gravel road washout repairs applicant provided estimates"
Presque Isle,E1,PIE&G - Presque Isle,Co Op,Complete,complete,0.0,0.0,0.0,0.0,0.0,14620.0,0.0,14620.0,14620.0,"CAT F Estimated: $14,620 for damages to underground gas mainline, gas meters and connections. Validated $14,620 utilizing Applicant provided damage descriptions and cost summary.","<b>CAT F Estimated: $14,620 </b>for damages to underground gas mainline, gas meters and connections. <b>Validated $14,620</b> utilizing Applicant provided damage descriptions and cost summary."
Presque Isle,E1,Presque Isle County Rd Commission,County,Complete,complete,0.0,0.0,105000.0,0.0,0.0,0.0,0.0,105000.0,105000.0,"Estimated: $320,000 for damages to 12 roads, sholders, and culverts. Reduced: $215,000 for FHWA roads. Validated $105,000 utilizing applicant provided damage descriptions and cost estimates.","<b>Estimated: $320,000</b> for damages to 12 roads, sholders, and culverts. <b>Reduced: $215,000</b> for FHWA roads. <b>Validated $105,000</b> utilizing applicant provided damage descriptions and cost estimates."
Presque Isle,E1,MDNR - Presque Isle County,Government,Complete,complete,0.0,0.0,0.0,0.0,0.0,0.0,93750.0,93750.0,93750.0,"CAT G Estimated: $93,750 Validated $93,750.00 for repairs to shoreline erosions and road washouts using applicant provided estimates.","CAT G <b>Estimated: $93,750 Validated $93,750.00</b> for repairs to shoreline erosions and road washouts using applicant provided estimates."
Roscommon,E1,Beacon Assembly of God,Other,Complete,complete,0.0,0.0,0.0,0.0,0.0,0.0,0.0,0.0,0.0,"Cat E: Estimated $2,500 for insurance deductible to repair damages to church building. Reduced: $2,500 for not meeting FY26 minimum threshold of $4,100.","<b>Cat E: Estimated $2,500</b> for insurance deductible to repair damages to church building. <b>Reduced: $2,500 </b>for not meeting FY26 minimum threshold of $4,100."
Roscommon,E1,Road Commission,Government,Complete,complete,0.0,0.0,44948.27,0.0,0.0,0.0,0.0,44948.27,44948.27,"Cat C: Estimated: $47,713.27 for damage to the roadway and associated drainage infrastructure. Flood debris plugged the culvert, resulting in water overtopping the road and leading to culvert failure and a washout of the road surface in 5 locations. Reduced: $2,765.00 for engineering costs included in estimate. Validated: $44,948.27 utilizing Applicant provided estimates and detailed photos.","Cat C: Estimated: $47,713.27 for damage to the roadway and associated drainage infrastructure. Flood debris plugged the culvert, resulting in water overtopping the road and leading to culvert failure and a washout of the road surface in 5 locations. <b>Reduced: $2,765.00</b> for engineering costs included in estimate. <b>Validated: $44,948.27</b> utilizing Applicant provided estimates and detailed photos."
Roscommon,E1,Roscommon Township -Sperry Park,Other,Complete,complete,0.0,0.0,0.0,0.0,0.0,0.0,8500.0,8500.0,8500.0,"Cat G: Estimated: $8,500.00 for the replacement of 200 yards of beach sand, installation of a weed barrier, and damage repair to seawall caused by the flooding event. Validated: $8,500.00 utilizing Applicant provided cost estimate.","Cat G: Estimated: $8,500.00 for the replacement of 200 yards of beach sand, installation of a weed barrier, and damage repair to seawall caused by the flooding event. <b>Validated: $8,500.00</b> utilizing Applicant provided cost estimate."
Roscommon,E1,Village of Roscommon,Municipality,Complete,complete,0.0,0.0,0.0,0.0,0.0,0.0,0.0,0.0,0.0,"Cat A: Estimated: $2,100 for dumpsters used to clear debris from flooded homes. Reduced: $2,100 for not meeting FY26 minimum threshold of $4,100, work is also not eligible under PA.
Cat B: Estimated: $600.00 for field inspections of 3 culverts on Robinson creek. Reduced: $600.00 for not meeting FY26 minimum threshold of $4,100.","Cat A: Estimated: $2,100 for dumpsters used to clear debris from flooded homes. <b>Reduced: $2,100</b> for not meeting FY26 minimum threshold of $4,100, work is also not eligible under PA.<b><br>Cat B: Estimated: $600.00 </b>for field inspections of 3 culverts on Robinson creek.<b> Reduced: $600.00</b> for not meeting FY26 minimum threshold of $4,100."
Roscommon,E1,MDNR - Roscommon,Government,Complete,complete,0.0,0.0,0.0,0.0,0.0,0.0,25124.81,25124.81,25124.81,"Cat. G Estimated: $25,124.81 Validated $25,124.81 for repairs to campground and clogged draines, seawall, ramps ,dock, and canoe/kayak infrastructure using applicant provided estimates.","Cat. G Estimated: $25,124.81 Validated $25,124.81 for repairs to campground and clogged draines, seawall, ramps ,dock, and canoe/kayak infrastructure using applicant provided estimates."
Saginaw,E1,Saginaw County Road Commission,,Complete,complete,0.0,0.0,56799.0,0.0,0.0,0.0,0.0,56799.0,56799.0,"CAT C: Estimated: $56,799 for FA labor, Equipment and supplies to repair erosion of culvert base, slope and roadbed due to flooding. Validated: $56,799 with applicant provided summary sheets and estimates","CAT C:<b> Estimated:</b> $56,799 for FA labor, Equipment and supplies to repair erosion of culvert base, slope and roadbed due to flooding. <b>Validated:</b> $56,799 with applicant provided summary sheets and estimates"
Saginaw,E1,Saginaw County Parks & Recreation,,Complete,complete,0.0,0.0,0.0,0.0,0.0,0.0,20000.0,20000.0,20000.0,"CAT G: Estimated: $21,500 for contract cost to repair washout of asphalt parking lot and subbase due to flooding. Reduced: $1,500 for donated resources Validated: $20,000 with applicant provided summary sheets and photos","CAT G: <b>Estimated:</b> $21,500 for contract cost to repair washout of asphalt parking lot and subbase due to flooding. <b>Reduced</b>: $1,500 for donated resources <b>Validated:</b> $20,000 with applicant provided summary sheets and photos"
Saginaw,E1,Saginaw Township Community Schools,,Complete,complete,0.0,0.0,0.0,0.0,5000.0,0.0,0.0,5000.0,5000.0,"CAT E: Estimated: $898,555 for contract costs to replace classroom carpets and building contents due to flooding. Reduced: $893,555 for insurance coverage. Validated: $5,000 applicant's insurance deductible, photos and invoices.","CAT E:<b> Estimated: </b>$898,555 for contract costs to replace classroom carpets and building contents due to flooding. <b>Reduced:</b> $893,555 for insurance coverage.<b> Validated:</b> $5,000 applicant&#x27;s insurance deductible, photos and invoices. <br>"
Saginaw,E1,City of Frankenmuth,,Complete,complete,5000.0,0.0,5000.0,0.0,0.0,6500.0,11550.0,28050.0,28050.0,"CAT A: Estimated: $ 5,000 for debris removal. Validated: $5,000 utilizing applicant provided photos and estimates.
CAT C: Estimated: $$5,000 for riverbank and erosion collapse due to flooding. Validated: $$5,000 utilizing applicant provided photos and estimates.
CAT F: Estimated: $6,500 for undermining of the grit chamber at the Water Resource Recovery Facility due to flooding. Validated: $6,500 utilizing applicant provided photos and cost estimates
CAT G: Estimated: $11,550 for replacement of picnic tables due to flooding. Validated: $11,550 with applicant provided summary sheets","CAT A:<b> Estimated: </b>$ 5,000 for debris removal. <b>Validated:</b> $5,000 utilizing applicant provided photos and estimates.<br>CAT C: <b>Estimated:</b> $$5,000 for riverbank and erosion collapse due to flooding. <b>Validated:</b> $$5,000 utilizing applicant provided photos and estimates.<br>CAT F: <b>Estimated:</b> $6,500 for undermining of the grit chamber at the Water Resource Recovery Facility due to flooding. <b>Validated:</b> $6,500 utilizing applicant provided photos and cost estimates<br>CAT G:<b> Estimated</b>: $11,550 for replacement of picnic tables due to flooding. <b>Validated</b>: $11,550 with applicant provided summary sheets"
Saginaw,E1,Nouvel Catholic Central Elementary School,,Complete,complete,0.0,0.0,0.0,0.0,5000.0,0.0,0.0,5000.0,5000.0,"CAT E: Estimated: $44,100 for contract costs to replace carpets, area rugs, felt pads and cabinets, along with stripping floors and remediate water damage due to flooding. Reduced: $39,100 pending insurance coverage from the applicant’s claim. Validated: $5,000 utilizing applicant's insurance deductible, photos and invoices.","CAT E:<b> Estimated: </b>$44,100 for contract costs to replace carpets, area rugs, felt pads and cabinets, along with stripping floors and remediate water damage due to flooding. <b>Reduced:</b> $39,100 pending insurance coverage from the applicant’s claim.<b> Validated:</b> $5,000 utilizing applicant&#x27;s insurance deductible, photos and invoices. <br>"
Shiawassee,E1,Shiawassee Twp Fire Department,Municipality,Complete,complete,0.0,0.0,0.0,0.0,21962.0,0.0,0.0,21962.0,21962.0,"CAT E: Estimate $21,962.00 for damages to Township Fire Station. Validated: $21,962.00 utilizing Applicant provided photos, damages descriptions, and cost estimate. Damage cost is currently under the TWP's incurance deductible.","<b>CAT E: Estimate $21,962.00</b> for damages to Township Fire Station. <b>Validated: $21,962.00</b> utilizing Applicant provided photos, damages descriptions, and cost estimate. Damage cost is currently under the TWP&#x27;s incurance deductible."
Shiawassee,E1,Shiawassee County Road Comission,County,Complete,complete,26540.02,0.0,5483.63,0.0,0.0,0.0,0.0,32023.65,32023.65,"CAT A: Estimated $42,103.18 for debris removal operations county wide. Reduced: $15,563.16 for costs assiciagted with debris removal operations prior to the incident period. Validated: $26,540.02 utilizing Applicant provided damage description and cost summary. 
CAT C: Estimated $5483.82 for damage to one road and two signs. Validated $5483.82 utilizing Applicant provided damage description and cost summary.","<b>CAT A: Estimated $42,103.18 </b>for debris removal operations county wide.<b> Reduced: $15,563.16</b> for costs assiciagted with debris removal operations prior to the incident period.<b> Validated: $26,540.02 </b>utilizing Applicant provided damage description and cost summary. <b><br>CAT C: Estimated $5483.82 </b>for damage to one road and two signs. <b>Validated $5483.82 </b>utilizing Applicant provided damage description and cost summary."
Tuscola,E1,Tuscalo County Road Commission,County,Complete,complete,9000.0,0.0,294150.0,0.0,0.0,0.0,0.0,303150.0,303150.0,"CAT A Estimated: $9000 for removing log jams and debris from three bridges. Validated: $9000 utilizing Applicant provided damage description and cost estimate. 
CAT C: Estimated $320,000 for culvert, road, and headwall damage at six different sites county wide. Reduced: $25,850 for mitigation included in cost estimates. Validated: $294,150 utilizing Applicant provided damage description, photos, and cost estimate.","CAT A Estimated: $9000 for removing log jams and debris from three bridges. Validated: $9000 utilizing Applicant provided damage description and cost estimate. <br>CAT C: Estimated $320,000 for culvert, road, and headwall damage at six different sites county wide. Reduced: $25,850 for mitigation included in cost estimates. Validated: $294,150 utilizing Applicant provided damage description, photos, and cost estimate."
Wexford,E1,City of Cadillac,City,Complete,complete,5749.0,0.0,12000.0,0.0,0.0,458131.0,320320.0,796200.0,796200.0,"Cat A: Estimated $5,749 for debris removal. Reduced $0.00. Validated $5,749 for debris removal costs based on Applicant provided backup FA Labor documentation.
Cat C: Estimated $ 12,011,200 for 25 roads damaged by flood. Reduced $11,999,200 ($8,561,920 for 9 identified FHWA roads that are not eligible for FEMA PA, and $3,437,280 for Submerged roads).  Validated $12,000 for repairs to1 site/road based on costing conducted by FEMA for observed damages.
Cat F: Estimated $498,131 Cost for lift station repair.  Reduced $40,000 contingency cost.  Validated: $458,131 with applicant supplied invoices, contractor estimates, and labor costs summary reports.
Cat G: Estimated $1,814.520.00 for park, dock and sidewalk/walkway repairs. Reduced $1,494,200 ($1000 for Kenwod Park Pavillion, $61,900 for Kenwood Park Beach House and Sidewalk, $50,000 for Rotary Perfomring Arts Pavllion, $308,970 for city dock, $15,000 for Lakefront Veterans Memorial, and $1,057,330 for the McKellop Walkway). Validated $320,320 based on applicant provided invoices and costing conducted by FEMA engineer.","<b>Cat A: Estimated $5,749 </b>for debris removal. <b>Reduced $0.00.</b> <b>Validated $5,749</b> for debris removal costs based on Applicant provided backup FA Labor documentation.<br><b>Cat C: Estimated $ 12,011,200 </b>for 25 roads damaged by flood.<b> Reduced $11,999,200 </b>($8,561,920 for 9 identified FHWA roads that are not eligible for FEMA PA, and $3,437,280 for Submerged roads).<b>  Validated $12,000 </b>for repairs to1 site/road based on costing conducted by FEMA for observed damages.<b><br>Cat F: Estimated $498,131 </b>Cost for lift station repair.  <b>Reduced $40,000</b> contingency cost.  <b>Validated: $458,131</b> with applicant supplied invoices, contractor estimates, and labor costs summary reports.<br><b>Cat G: Estimated $1,814.520.00 </b>for park, dock and sidewalk/walkway repairs. <b>Reduced $1,494,200 </b>($1000 for Kenwod Park Pavillion, $61,900 for Kenwood Park Beach House and Sidewalk, $50,000 for Rotary Perfomring Arts Pavllion, $308,970 for city dock, $15,000 for Lakefront Veterans Memorial, and $1,057,330 for the McKellop Walkway). <b>Validated $320,320</b> based on applicant provided invoices and costing conducted by FEMA engineer.<br>"
Wexford,E1,County Road Comm,Government,Complete,complete,0.0,0.0,1759814.0,0.0,0.0,0.0,0.0,1759814.0,1759814.0,"Cat C: Estimated $1,759,814 for numerous county wide road damage sites, slope faulure at one site, and several damaged culvert. Reduced $0. Validated $1,759,814 using applicant provided invoices, estimates of costs to complete remaining work, site visits with measurements / observation of damages, and FEMA engineer review / validation of damages at multiple township sites in the county.","Cat C: Estimated $1,759,814 for numerous county wide road damage sites, slope faulure at one site, and several damaged culvert. <b>Reduced $0. Validated $1,759,814 </b>using<b> </b>applicant provided invoices, estimates of costs to complete remaining work, site visits with measurements / observation of damages, and FEMA engineer review / validation of damages at multiple township sites in the county."
Wexford,E1,Lake Mitchell Sewer Authority,Government,Complete,complete,0.0,231128.0,0.0,0.0,0.0,0.0,0.0,231128.0,231128.0,"Cat B: Estimated $272,954 for emergency wastewater pumping cost. Reduced $41,826 to reflect the actual differences in increased operational costs for electricity and wastewater treatment between 2025 and 2026 incident period. Validated $231,128 using applicant supplied invoices for contract work, staff overtime, water treatment costs, and increased electrical expenses.","<b>Cat B: Estimated $272,954</b> for emergency wastewater pumping cost<b>. Reduced $41,826 </b>to reflect the actual differences in increased operational costs for electricity and wastewater treatment between 2025 and 2026 incident period.<b> Validated $231,128 </b>using applicant supplied invoices for contract work, staff overtime, water treatment costs, and increased electrical expenses."
Wexford,E1,MDNR - Wexford County,Government,Complete,complete,0.0,0.0,0.0,0.0,0.0,0.0,43000.0,43000.0,43000.0,"Cat G: Estimated $43,000 for park damages. Reduced $0. Validated $43,000 for repairs to shoreline erosion, damages to fishing pier, parking lot and access roadways using applicant provided estimates.","<b>Cat G: Estimated $43,000</b> for park damages. <b>Reduced $0. Validated $43,000</b> for repairs to shoreline erosion, damages to fishing pier, parking lot and access roadways using applicant provided estimates."
