table_catalog,table_schema,table_name,column_name,ordinal_position,column_default,is_nullable,full_data_type,data_type,character_maximum_length,character_octet_length,numeric_precision,numeric_precision_radix,numeric_scale,datetime_precision,interval_type,interval_precision,maximum_cardinality,is_identity,identity_generation,identity_start,identity_increment,identity_maximum,identity_minimum,identity_cycle,is_generated,generation_expression,is_system_time_period_start,is_system_time_period_end,system_time_period_timestamp_generation,is_updatable,partition_index,comment
openfema,data_products,consolidateddisasterdataset,disasterNumber,0,null,YES,bigint,LONG,null,null,null,null,null,null,null,null,null,NO,null,null,null,null,null,null,NO,null,NO,NO,null,YES,null,null
openfema,data_products,consolidateddisasterdataset,state,1,null,YES,string,STRING,0,0,null,null,null,null,null,null,null,NO,null,null,null,null,null,null,NO,null,NO,NO,null,YES,null,null
openfema,data_products,consolidateddisasterdataset,declarationType,2,null,YES,string,STRING,0,0,null,null,null,null,null,null,null,NO,null,null,null,null,null,null,NO,null,NO,NO,null,YES,null,null
openfema,data_products,consolidateddisasterdataset,fyDeclared,3,null,YES,bigint,LONG,null,null,null,null,null,null,null,null,null,NO,null,null,null,null,null,null,NO,null,NO,NO,null,YES,null,null
openfema,data_products,consolidateddisasterdataset,incidentType,4,null,YES,string,STRING,0,0,null,null,null,null,null,null,null,NO,null,null,null,null,null,null,NO,null,NO,NO,null,YES,null,null
openfema,data_products,consolidateddisasterdataset,fema_region,5,null,YES,string,STRING,0,0,null,null,null,null,null,null,null,NO,null,null,null,null,null,null,NO,null,NO,NO,null,YES,null,null
openfema,data_products,consolidateddisasterdataset,longitude,6,null,YES,double,DOUBLE,null,null,null,2,null,null,null,null,null,NO,null,null,null,null,null,null,NO,null,NO,NO,null,YES,null,null
openfema,data_products,consolidateddisasterdataset,latitude,7,null,YES,double,DOUBLE,null,null,null,2,null,null,null,null,null,NO,null,null,null,null,null,null,NO,null,NO,NO,null,YES,null,null
openfema,data_products,consolidateddisasterdataset,totalDeclarations,8,null,YES,bigint,LONG,null,null,null,null,null,null,null,null,null,NO,null,null,null,null,null,null,NO,null,NO,NO,null,YES,null,null
openfema,data_products,consolidateddisasterdataset,totalIAProgramsDeclared,9,null,YES,bigint,LONG,null,null,null,null,null,null,null,null,null,NO,null,null,null,null,null,null,NO,null,NO,NO,null,YES,null,null
openfema,data_products,consolidateddisasterdataset,totalPAProgramsDeclared,10,null,YES,bigint,LONG,null,null,null,null,null,null,null,null,null,NO,null,null,null,null,null,null,NO,null,NO,NO,null,YES,null,null
openfema,data_products,consolidateddisasterdataset,PANumberOfProjects,11,null,NO,bigint,LONG,null,null,null,null,null,null,null,null,null,NO,null,null,null,null,null,null,NO,null,NO,NO,null,YES,null,null
openfema,data_products,consolidateddisasterdataset,PAFederalShareObligated,12,null,YES,double,DOUBLE,null,null,null,2,null,null,null,null,null,NO,null,null,null,null,null,null,NO,null,NO,NO,null,YES,null,null
openfema,data_products,consolidateddisasterdataset,PATotalObligated,13,null,YES,double,DOUBLE,null,null,null,2,null,null,null,null,null,NO,null,null,null,null,null,null,NO,null,NO,NO,null,YES,null,null
openfema,data_products,consolidateddisasterdataset,PAProjectAmount,14,null,YES,double,DOUBLE,null,null,null,2,null,null,null,null,null,NO,null,null,null,null,null,null,NO,null,NO,NO,null,YES,null,null
openfema,data_products,consolidateddisasterdataset,IATotalIADollars,15,null,YES,double,DOUBLE,null,null,null,2,null,null,null,null,null,NO,null,null,null,null,null,null,NO,null,NO,NO,null,YES,null,null
openfema,data_products,consolidateddisasterdataset,IATotalValidRegistrations,16,null,YES,bigint,LONG,null,null,null,null,null,null,null,null,null,NO,null,null,null,null,null,null,NO,null,NO,NO,null,YES,null,null
openfema,data_products,consolidateddisasterdataset,IAhaReferrals,17,null,YES,bigint,LONG,null,null,null,null,null,null,null,null,null,NO,null,null,null,null,null,null,NO,null,NO,NO,null,YES,null,null
openfema,data_products,consolidateddisasterdataset,IAHaEligible,18,null,YES,bigint,LONG,null,null,null,null,null,null,null,null,null,NO,null,null,null,null,null,null,NO,null,NO,NO,null,YES,null,null
openfema,data_products,consolidateddisasterdataset,IAhaAmount,19,null,YES,double,DOUBLE,null,null,null,2,null,null,null,null,null,NO,null,null,null,null,null,null,NO,null,NO,NO,null,YES,null,null
openfema,data_products,consolidateddisasterdataset,IAOnaReferrals,20,null,YES,bigint,LONG,null,null,null,null,null,null,null,null,null,NO,null,null,null,null,null,null,NO,null,NO,NO,null,YES,null,null
openfema,data_products,consolidateddisasterdataset,IAOnaEligible,21,null,YES,bigint,LONG,null,null,null,null,null,null,null,null,null,NO,null,null,null,null,null,null,NO,null,NO,NO,null,YES,null,null
openfema,data_products,consolidateddisasterdataset,IAOnaAmount,22,null,YES,double,DOUBLE,null,null,null,2,null,null,null,null,null,NO,null,null,null,null,null,null,NO,null,NO,NO,null,YES,null,null
openfema,data_products,declaration_denials,declarationRequestNumber,0,null,YES,bigint,LONG,null,null,null,null,null,null,null,null,null,NO,null,null,null,null,null,null,NO,null,NO,NO,null,YES,null,null
openfema,data_products,declaration_denials,region,1,null,YES,bigint,LONG,null,null,null,null,null,null,null,null,null,NO,null,null,null,null,null,null,NO,null,NO,NO,null,YES,null,null
openfema,data_products,declaration_denials,stateAbbreviation,2,null,YES,string,STRING,0,0,null,null,null,null,null,null,null,NO,null,null,null,null,null,null,NO,null,NO,NO,null,YES,null,null
openfema,data_products,declaration_denials,state,3,null,YES,string,STRING,0,0,null,null,null,null,null,null,null,NO,null,null,null,null,null,null,NO,null,NO,NO,null,YES,null,null
openfema,data_products,declaration_denials,tribalRequest,4,null,YES,boolean,BOOLEAN,null,null,null,null,null,null,null,null,null,NO,null,null,null,null,null,null,NO,null,NO,NO,null,YES,null,null
openfema,data_products,declaration_denials,declarationRequestDate,5,null,YES,string,STRING,0,0,null,null,null,null,null,null,null,NO,null,null,null,null,null,null,NO,null,NO,NO,null,YES,null,null
openfema,data_products,declaration_denials,declarationRequestType,6,null,YES,string,STRING,0,0,null,null,null,null,null,null,null,NO,null,null,null,null,null,null,NO,null,NO,NO,null,YES,null,null
openfema,data_products,declaration_denials,incidentName,7,null,YES,string,STRING,0,0,null,null,null,null,null,null,null,NO,null,null,null,null,null,null,NO,null,NO,NO,null,YES,null,null
openfema,data_products,declaration_denials,requestedIncidentTypes,8,null,YES,string,STRING,0,0,null,null,null,null,null,null,null,NO,null,null,null,null,null,null,NO,null,NO,NO,null,YES,null,null
openfema,data_products,declaration_denials,requestedIncidentBeginDate,9,null,YES,string,STRING,0,0,null,null,null,null,null,null,null,NO,null,null,null,null,null,null,NO,null,NO,NO,null,YES,null,null
openfema,data_products,declaration_denials,requestedIncidentEndDate,10,null,YES,string,STRING,0,0,null,null,null,null,null,null,null,NO,null,null,null,null,null,null,NO,null,NO,NO,null,YES,null,null
openfema,data_products,declaration_denials,currentRequestStatus,11,null,YES,string,STRING,0,0,null,null,null,null,null,null,null,NO,null,null,null,null,null,null,NO,null,NO,NO,null,YES,null,null
openfema,data_products,declaration_denials,requestStatusDate,12,null,YES,string,STRING,0,0,null,null,null,null,null,null,null,NO,null,null,null,null,null,null,NO,null,NO,NO,null,YES,null,null
openfema,data_products,declaration_denials,ihProgramRequested,13,null,YES,boolean,BOOLEAN,null,null,null,null,null,null,null,null,null,NO,null,null,null,null,null,null,NO,null,NO,NO,null,YES,null,null
openfema,data_products,declaration_denials,iaProgramRequested,14,null,YES,boolean,BOOLEAN,null,null,null,null,null,null,null,null,null,NO,null,null,null,null,null,null,NO,null,NO,NO,null,YES,null,null
openfema,data_products,declaration_denials,paProgramRequested,15,null,YES,boolean,BOOLEAN,null,null,null,null,null,null,null,null,null,NO,null,null,null,null,null,null,NO,null,NO,NO,null,YES,null,null
openfema,data_products,declaration_denials,hmProgramRequested,16,null,YES,boolean,BOOLEAN,null,null,null,null,null,null,null,null,null,NO,null,null,null,null,null,null,NO,null,NO,NO,null,YES,null,null
openfema,data_products,declaration_denials,incidentId,17,null,YES,bigint,LONG,null,null,null,null,null,null,null,null,null,NO,null,null,null,null,null,null,NO,null,NO,NO,null,YES,null,null
openfema,data_products,declaration_denials,incidentBeginDate,18,null,YES,string,STRING,0,0,null,null,null,null,null,null,null,NO,null,null,null,null,null,null,NO,null,NO,NO,null,YES,null,null
openfema,data_products,declaration_denials,id,19,null,YES,string,STRING,0,0,null,null,null,null,null,null,null,NO,null,null,null,null,null,null,NO,null,NO,NO,null,YES,null,null
openfema,data_products,declaration_denials,femadexLastRefresh,20,null,YES,timestamp,TIMESTAMP,null,null,null,null,null,3,null,null,null,NO,null,null,null,null,null,null,NO,null,NO,NO,null,YES,null,null
openfema,data_products,disaster_declarations_summaries,femaDeclarationString,0,null,YES,string,STRING,0,0,null,null,null,null,null,null,null,NO,null,null,null,null,null,null,NO,null,NO,NO,null,YES,null,Unique identifier for FEMA declaration
openfema,data_products,disaster_declarations_summaries,disasterNumber,1,null,YES,bigint,LONG,null,null,null,null,null,null,null,null,null,NO,null,null,null,null,null,null,NO,null,NO,NO,null,YES,null,Unique identifier for disaster event
openfema,data_products,disaster_declarations_summaries,state,2,null,YES,string,STRING,0,0,null,null,null,null,null,null,null,NO,null,null,null,null,null,null,NO,null,NO,NO,null,YES,null,State where the disaster occurred
openfema,data_products,disaster_declarations_summaries,declarationType,3,null,YES,string,STRING,0,0,null,null,null,null,null,null,null,NO,null,null,null,null,null,null,NO,null,NO,NO,null,YES,null,Type of declaration issued by FEMA
openfema,data_products,disaster_declarations_summaries,declarationDate,4,null,YES,string,STRING,0,0,null,null,null,null,null,null,null,NO,null,null,null,null,null,null,NO,null,NO,NO,null,YES,null,Date when the declaration was made
openfema,data_products,disaster_declarations_summaries,fyDeclared,5,null,YES,bigint,LONG,null,null,null,null,null,null,null,null,null,NO,null,null,null,null,null,null,NO,null,NO,NO,null,YES,null,Fiscal year in which the declaration was made
openfema,data_products,disaster_declarations_summaries,incidentType,6,null,YES,string,STRING,0,0,null,null,null,null,null,null,null,NO,null,null,null,null,null,null,NO,null,NO,NO,null,YES,null,Type of disaster incident
openfema,data_products,disaster_declarations_summaries,declarationTitle,7,null,YES,string,STRING,0,0,null,null,null,null,null,null,null,NO,null,null,null,null,null,null,NO,null,NO,NO,null,YES,null,Title or name given to the declaration
openfema,data_products,disaster_declarations_summaries,ihProgramDeclared,8,null,YES,boolean,BOOLEAN,null,null,null,null,null,null,null,null,null,NO,null,null,null,null,null,null,NO,null,NO,NO,null,YES,null,Indicates if Individual Housing Program was declared
openfema,data_products,disaster_declarations_summaries,iaProgramDeclared,9,null,YES,boolean,BOOLEAN,null,null,null,null,null,null,null,null,null,NO,null,null,null,null,null,null,NO,null,NO,NO,null,YES,null,Indicates if Individual Assistance Program was declared
openfema,data_products,disaster_declarations_summaries,paProgramDeclared,10,null,YES,boolean,BOOLEAN,null,null,null,null,null,null,null,null,null,NO,null,null,null,null,null,null,NO,null,NO,NO,null,YES,null,Indicates if Public Assistance Program was declared
openfema,data_products,disaster_declarations_summaries,hmProgramDeclared,11,null,YES,boolean,BOOLEAN,null,null,null,null,null,null,null,null,null,NO,null,null,null,null,null,null,NO,null,NO,NO,null,YES,null,Indicates if Hazard Mitigation Program was declared
openfema,data_products,disaster_declarations_summaries,incidentBeginDate,12,null,YES,string,STRING,0,0,null,null,null,null,null,null,null,NO,null,null,null,null,null,null,NO,null,NO,NO,null,YES,null,Start date of the disaster incident
openfema,data_products,disaster_declarations_summaries,incidentEndDate,13,null,YES,string,STRING,0,0,null,null,null,null,null,null,null,NO,null,null,null,null,null,null,NO,null,NO,NO,null,YES,null,End date of the disaster incident
openfema,data_products,disaster_declarations_summaries,disasterCloseoutDate,14,null,YES,string,STRING,0,0,null,null,null,null,null,null,null,NO,null,null,null,null,null,null,NO,null,NO,NO,null,YES,null,Date when the disaster declaration was closed out
openfema,data_products,disaster_declarations_summaries,tribalRequest,15,null,YES,boolean,BOOLEAN,null,null,null,null,null,null,null,null,null,NO,null,null,null,null,null,null,NO,null,NO,NO,null,YES,null,Indicates if the declaration was requested by a tribal entity
openfema,data_products,disaster_declarations_summaries,fipsStateCode,16,null,YES,string,STRING,0,0,null,null,null,null,null,null,null,NO,null,null,null,null,null,null,NO,null,NO,NO,null,YES,null,Federal Information Processing Standards code for state
openfema,data_products,disaster_declarations_summaries,fipsCountyCode,17,null,YES,string,STRING,0,0,null,null,null,null,null,null,null,NO,null,null,null,null,null,null,NO,null,NO,NO,null,YES,null,Federal Information Processing Standards code for county
openfema,data_products,disaster_declarations_summaries,placeCode,18,null,YES,string,STRING,0,0,null,null,null,null,null,null,null,NO,null,null,null,null,null,null,NO,null,NO,NO,null,YES,null,Code representing a specific place or area
openfema,data_products,disaster_declarations_summaries,designatedArea,19,null,YES,string,STRING,0,0,null,null,null,null,null,null,null,NO,null,null,null,null,null,null,NO,null,NO,NO,null,YES,null,Area designated for federal assistance
openfema,data_products,disaster_declarations_summaries,declarationRequestNumber,20,null,YES,string,STRING,0,0,null,null,null,null,null,null,null,NO,null,null,null,null,null,null,NO,null,NO,NO,null,YES,null,Unique identifier for the declaration request
openfema,data_products,disaster_declarations_summaries,lastIAFilingDate,21,null,YES,string,STRING,0,0,null,null,null,null,null,null,null,NO,null,null,null,null,null,null,NO,null,NO,NO,null,YES,null,Date of the last filing for Individual Assistance
openfema,data_products,disaster_declarations_summaries,incidentId,22,null,YES,string,STRING,0,0,null,null,null,null,null,null,null,NO,null,null,null,null,null,null,NO,null,NO,NO,null,YES,null,Unique identifier for the incident
openfema,data_products,disaster_declarations_summaries,region,23,null,YES,bigint,LONG,null,null,null,null,null,null,null,null,null,NO,null,null,null,null,null,null,NO,null,NO,NO,null,YES,null,Region where the disaster incident occurred
openfema,data_products,disaster_declarations_summaries,designatedIncidentTypes,24,null,YES,string,STRING,0,0,null,null,null,null,null,null,null,NO,null,null,null,null,null,null,NO,null,NO,NO,null,YES,null,Types of incidents designated in the disaster declaration
openfema,data_products,disaster_declarations_summaries,lastRefresh,25,null,YES,string,STRING,0,0,null,null,null,null,null,null,null,NO,null,null,null,null,null,null,NO,null,NO,NO,null,YES,null,Date of the last data refresh
openfema,data_products,disaster_declarations_summaries,hash,26,null,YES,string,STRING,0,0,null,null,null,null,null,null,null,NO,null,null,null,null,null,null,NO,null,NO,NO,null,YES,null,Hash value for data integrity
openfema,data_products,disaster_declarations_summaries,id,27,null,YES,string,STRING,0,0,null,null,null,null,null,null,null,NO,null,null,null,null,null,null,NO,null,NO,NO,null,YES,null,Unique identifier for the record
openfema,data_products,disaster_declarations_summaries,femadexLastRefresh,28,null,YES,timestamp,TIMESTAMP,null,null,null,null,null,3,null,null,null,NO,null,null,null,null,null,null,NO,null,NO,NO,null,YES,null,Date of the last refresh for FEMA data exchange
openfema,data_products,disaster_individual_assistance,disasterNumber,0,null,YES,bigint,LONG,null,null,null,null,null,null,null,null,null,NO,null,null,null,null,null,null,NO,null,NO,NO,null,YES,null,Identifier for the disaster event
openfema,data_products,disaster_individual_assistance,IAtotalValidRegistrations,1,null,YES,int,INT,null,null,null,null,null,null,null,null,null,NO,null,null,null,null,null,null,NO,null,NO,NO,null,YES,null,null
openfema,data_products,disaster_individual_assistance,IAvalidCallCenterRegistrations,2,null,YES,int,INT,null,null,null,null,null,null,null,null,null,NO,null,null,null,null,null,null,NO,null,NO,NO,null,YES,null,null
openfema,data_products,disaster_individual_assistance,IAvalidMobileRegistrations,3,null,YES,int,INT,null,null,null,null,null,null,null,null,null,NO,null,null,null,null,null,null,NO,null,NO,NO,null,YES,null,null
openfema,data_products,disaster_individual_assistance,IAhaReferrals,4,null,YES,int,INT,null,null,null,null,null,null,null,null,null,NO,null,null,null,null,null,null,NO,null,NO,NO,null,YES,null,null
openfema,data_products,disaster_individual_assistance,IAhaEligible,5,null,YES,int,INT,null,null,null,null,null,null,null,null,null,NO,null,null,null,null,null,null,NO,null,NO,NO,null,YES,null,null
openfema,data_products,disaster_individual_assistance,IAhaAmount,6,null,YES,double,DOUBLE,null,null,null,2,null,null,null,null,null,NO,null,null,null,null,null,null,NO,null,NO,NO,null,YES,null,null
openfema,data_products,disaster_individual_assistance,IAonaReferrals,7,null,YES,int,INT,null,null,null,null,null,null,null,null,null,NO,null,null,null,null,null,null,NO,null,NO,NO,null,YES,null,null
openfema,data_products,disaster_individual_assistance,IAonaEligible,8,null,YES,int,INT,null,null,null,null,null,null,null,null,null,NO,null,null,null,null,null,null,NO,null,NO,NO,null,YES,null,null
openfema,data_products,disaster_individual_assistance,IAonaAmount,9,null,YES,int,INT,null,null,null,null,null,null,null,null,null,NO,null,null,null,null,null,null,NO,null,NO,NO,null,YES,null,null
openfema,data_products,disaster_individual_assistance,IAtotalIADollars,10,null,YES,double,DOUBLE,null,null,null,2,null,null,null,null,null,NO,null,null,null,null,null,null,NO,null,NO,NO,null,YES,null,null
openfema,data_products,disaster_info,disasterNumber,0,null,YES,bigint,LONG,null,null,null,null,null,null,null,null,null,NO,null,null,null,null,null,null,NO,null,NO,NO,null,YES,null,Unique identifier for disaster event
openfema,data_products,disaster_info,countiesDeclared,1,null,NO,int,INT,null,null,null,null,null,null,null,null,null,NO,null,null,null,null,null,null,NO,null,NO,NO,null,YES,null,null
openfema,data_products,disaster_info,state,2,null,YES,string,STRING,0,0,null,null,null,null,null,null,null,NO,null,null,null,null,null,null,NO,null,NO,NO,null,YES,null,State where the disaster occurred
openfema,data_products,disaster_info,declarationType,3,null,YES,string,STRING,0,0,null,null,null,null,null,null,null,NO,null,null,null,null,null,null,NO,null,NO,NO,null,YES,null,Type of declaration issued by FEMA
openfema,data_products,disaster_info,fyDeclared,4,null,YES,bigint,LONG,null,null,null,null,null,null,null,null,null,NO,null,null,null,null,null,null,NO,null,NO,NO,null,YES,null,Fiscal year in which the declaration was made
openfema,data_products,disaster_info,incidentType,5,null,YES,string,STRING,0,0,null,null,null,null,null,null,null,NO,null,null,null,null,null,null,NO,null,NO,NO,null,YES,null,Type of disaster incident
openfema,data_products,disaster_info,ihProgramDeclared,6,null,YES,boolean,BOOLEAN,null,null,null,null,null,null,null,null,null,NO,null,null,null,null,null,null,NO,null,NO,NO,null,YES,null,null
openfema,data_products,disaster_info,iaProgramDeclared,7,null,YES,boolean,BOOLEAN,null,null,null,null,null,null,null,null,null,NO,null,null,null,null,null,null,NO,null,NO,NO,null,YES,null,null
openfema,data_products,disaster_info,paProgramDeclared,8,null,YES,boolean,BOOLEAN,null,null,null,null,null,null,null,null,null,NO,null,null,null,null,null,null,NO,null,NO,NO,null,YES,null,null
openfema,data_products,disaster_info,hmProgramDeclared,9,null,YES,boolean,BOOLEAN,null,null,null,null,null,null,null,null,null,NO,null,null,null,null,null,null,NO,null,NO,NO,null,YES,null,null
openfema,data_products,disaster_public_assistance,disasterNumber,0,null,YES,bigint,LONG,null,null,null,null,null,null,null,null,null,NO,null,null,null,null,null,null,NO,null,NO,NO,null,YES,null,Unique identifier for each disaster event
openfema,data_products,disaster_public_assistance,PAnumberOfProjects,1,null,NO,bigint,LONG,null,null,null,null,null,null,null,null,null,NO,null,null,null,null,null,null,NO,null,NO,NO,null,YES,null,null
openfema,data_products,disaster_public_assistance,PAfederalShareObligated,2,null,YES,double,DOUBLE,null,null,null,2,null,null,null,null,null,NO,null,null,null,null,null,null,NO,null,NO,NO,null,YES,null,null
openfema,data_products,disaster_public_assistance,PAtotalObligated,3,null,YES,double,DOUBLE,null,null,null,2,null,null,null,null,null,NO,null,null,null,null,null,null,NO,null,NO,NO,null,YES,null,null
openfema,data_products,disaster_public_assistance,PAprojectAmount,4,null,YES,double,DOUBLE,null,null,null,2,null,null,null,null,null,NO,null,null,null,null,null,null,NO,null,NO,NO,null,YES,null,null
openfema,data_products,emergency_management_performance_grants,id,0,null,YES,string,STRING,0,0,null,null,null,null,null,null,null,NO,null,null,null,null,null,null,NO,null,NO,NO,null,YES,null,Unique identifier for each grant project
openfema,data_products,emergency_management_performance_grants,reportingPeriod,1,null,YES,string,STRING,0,0,null,null,null,null,null,null,null,NO,null,null,null,null,null,null,NO,null,NO,NO,null,YES,null,Time period during which the grant project report is submitted
openfema,data_products,emergency_management_performance_grants,state,2,null,YES,string,STRING,0,0,null,null,null,null,null,null,null,NO,null,null,null,null,null,null,NO,null,NO,NO,null,YES,null,The state where the grant project is located
openfema,data_products,emergency_management_performance_grants,legalAgencyName,3,null,YES,string,STRING,0,0,null,null,null,null,null,null,null,NO,null,null,null,null,null,null,NO,null,NO,NO,null,YES,null,Name of the legal agency responsible for the grant project
openfema,data_products,emergency_management_performance_grants,projectType,4,null,YES,string,STRING,0,0,null,null,null,null,null,null,null,NO,null,null,null,null,null,null,NO,null,NO,NO,null,YES,null,Type or category of the grant project
openfema,data_products,emergency_management_performance_grants,projectStartDate,5,null,YES,string,STRING,0,0,null,null,null,null,null,null,null,NO,null,null,null,null,null,null,NO,null,NO,NO,null,YES,null,Date when the grant project officially starts
openfema,data_products,emergency_management_performance_grants,projectEndDate,6,null,YES,string,STRING,0,0,null,null,null,null,null,null,null,NO,null,null,null,null,null,null,NO,null,NO,NO,null,YES,null,Date when the grant project officially ends
openfema,data_products,emergency_management_performance_grants,nameOfProgram,7,null,YES,string,STRING,0,0,null,null,null,null,null,null,null,NO,null,null,null,null,null,null,NO,null,NO,NO,null,YES,null,Name of the program associated with the grant project
openfema,data_products,emergency_management_performance_grants,fundingAmount,8,null,YES,double,DOUBLE,null,null,null,2,null,null,null,null,null,NO,null,null,null,null,null,null,NO,null,NO,NO,null,YES,null,Amount of funding awarded for the grant project
openfema,data_products,emergency_management_performance_grants,femadexLastRefresh,9,null,YES,timestamp,TIMESTAMP,null,null,null,null,null,3,null,null,null,NO,null,null,null,null,null,null,NO,null,NO,NO,null,YES,null,Timestamp indicating when the FEMADEX data was last updated
openfema,data_products,fema_regions,name,0,null,YES,string,STRING,0,0,null,null,null,null,null,null,null,NO,null,null,null,null,null,null,NO,null,NO,NO,null,YES,null,The name of the FEMA region
openfema,data_products,fema_regions,region,1,null,YES,string,STRING,0,0,null,null,null,null,null,null,null,NO,null,null,null,null,null,null,NO,null,NO,NO,null,YES,null,The region code or identifier
openfema,data_products,fema_regions,address,2,null,YES,string,STRING,0,0,null,null,null,null,null,null,null,NO,null,null,null,null,null,null,NO,null,NO,NO,null,YES,null,The street address of the FEMA region
openfema,data_products,fema_regions,city,3,null,YES,string,STRING,0,0,null,null,null,null,null,null,null,NO,null,null,null,null,null,null,NO,null,NO,NO,null,YES,null,The city where the FEMA region is located
openfema,data_products,fema_regions,state,4,null,YES,string,STRING,0,0,null,null,null,null,null,null,null,NO,null,null,null,null,null,null,NO,null,NO,NO,null,YES,null,The state where the FEMA region is located
openfema,data_products,fema_regions,zipCode,5,null,YES,string,STRING,0,0,null,null,null,null,null,null,null,NO,null,null,null,null,null,null,NO,null,NO,NO,null,YES,null,The ZIP code of the FEMA region
openfema,data_products,fema_regions,states,6,null,YES,string,STRING,0,0,null,null,null,null,null,null,null,NO,null,null,null,null,null,null,NO,null,NO,NO,null,YES,null,The states covered by the FEMA region
openfema,data_products,fema_regions,lastRefresh,7,null,YES,string,STRING,0,0,null,null,null,null,null,null,null,NO,null,null,null,null,null,null,NO,null,NO,NO,null,YES,null,Timestamp of the last data refresh for the FEMA region
openfema,data_products,fema_regions,hash,8,null,YES,string,STRING,0,0,null,null,null,null,null,null,null,NO,null,null,null,null,null,null,NO,null,NO,NO,null,YES,null,Unique hash value for the FEMA region
openfema,data_products,fema_regions,id,9,null,YES,string,STRING,0,0,null,null,null,null,null,null,null,NO,null,null,null,null,null,null,NO,null,NO,NO,null,YES,null,Unique identifier for the FEMA region
openfema,data_products,fema_regions,loc.type,10,null,YES,string,STRING,0,0,null,null,null,null,null,null,null,NO,null,null,null,null,null,null,NO,null,NO,NO,null,YES,null,Type of geographic location data
openfema,data_products,fema_regions,loc.coordinates,11,null,YES,string,STRING,0,0,null,null,null,null,null,null,null,NO,null,null,null,null,null,null,NO,null,NO,NO,null,YES,null,Geographic coordinates of the FEMA region
openfema,data_products,fema_regions,regionGeometry.type,12,null,YES,string,STRING,0,0,null,null,null,null,null,null,null,NO,null,null,null,null,null,null,NO,null,NO,NO,null,YES,null,Type of geometry data for the region
openfema,data_products,fema_regions,regionGeometry.coordinates,13,null,YES,string,STRING,0,0,null,null,null,null,null,null,null,NO,null,null,null,null,null,null,NO,null,NO,NO,null,YES,null,Geographic coordinates defining the region's geometry
openfema,data_products,fema_regions,regionGeometry,14,null,YES,string,STRING,0,0,null,null,null,null,null,null,null,NO,null,null,null,null,null,null,NO,null,NO,NO,null,YES,null,Additional information about the region's geometry
openfema,data_products,fema_regions,femadexLastRefresh,15,null,YES,timestamp,TIMESTAMP,null,null,null,null,null,3,null,null,null,NO,null,null,null,null,null,null,NO,null,NO,NO,null,YES,null,Timestamp of the last data refresh for FEMA index
openfema,data_products,femaweb_declaration_areas,id,0,null,YES,string,STRING,0,0,null,null,null,null,null,null,null,NO,null,null,null,null,null,null,NO,null,NO,NO,null,YES,null,Unique identifier for each record in the table
openfema,data_products,femaweb_declaration_areas,disasterNumber,1,null,YES,bigint,LONG,null,null,null,null,null,null,null,null,null,NO,null,null,null,null,null,null,NO,null,NO,NO,null,YES,null,Identifier for each disaster declaration
openfema,data_products,femaweb_declaration_areas,programTypeCode,2,null,YES,string,STRING,0,0,null,null,null,null,null,null,null,NO,null,null,null,null,null,null,NO,null,NO,NO,null,YES,null,Code representing the type of program related to the disaster
openfema,data_products,femaweb_declaration_areas,programTypeDescription,3,null,YES,string,STRING,0,0,null,null,null,null,null,null,null,NO,null,null,null,null,null,null,NO,null,NO,NO,null,YES,null,Description of the program type related to the disaster
openfema,data_products,femaweb_declaration_areas,stateCode,4,null,YES,string,STRING,0,0,null,null,null,null,null,null,null,NO,null,null,null,null,null,null,NO,null,NO,NO,null,YES,null,Code representing the state affected by the disaster
openfema,data_products,femaweb_declaration_areas,stateName,5,null,YES,string,STRING,0,0,null,null,null,null,null,null,null,NO,null,null,null,null,null,null,NO,null,NO,NO,null,YES,null,Name of the state affected by the disaster
openfema,data_products,femaweb_declaration_areas,placeCode,6,null,YES,string,STRING,0,0,null,null,null,null,null,null,null,NO,null,null,null,null,null,null,NO,null,NO,NO,null,YES,null,Code representing the specific place affected by the disaster
openfema,data_products,femaweb_declaration_areas,placeName,7,null,YES,string,STRING,0,0,null,null,null,null,null,null,null,NO,null,null,null,null,null,null,NO,null,NO,NO,null,YES,null,Name of the specific place affected by the disaster
openfema,data_products,femaweb_declaration_areas,designatedDate,8,null,YES,string,STRING,0,0,null,null,null,null,null,null,null,NO,null,null,null,null,null,null,NO,null,NO,NO,null,YES,null,Date when the disaster was designated
openfema,data_products,femaweb_declaration_areas,entryDate,9,null,YES,string,STRING,0,0,null,null,null,null,null,null,null,NO,null,null,null,null,null,null,NO,null,NO,NO,null,YES,null,Date when the record was entered into the system
openfema,data_products,femaweb_declaration_areas,updateDate,10,null,YES,string,STRING,0,0,null,null,null,null,null,null,null,NO,null,null,null,null,null,null,NO,null,NO,NO,null,YES,null,Date when the record was last updated
openfema,data_products,femaweb_declaration_areas,closeoutDate,11,null,YES,string,STRING,0,0,null,null,null,null,null,null,null,NO,null,null,null,null,null,null,NO,null,NO,NO,null,YES,null,Date when the disaster declaration was closed out
openfema,data_products,femaweb_declaration_areas,hash,12,null,YES,string,STRING,0,0,null,null,null,null,null,null,null,NO,null,null,null,null,null,null,NO,null,NO,NO,null,YES,null,Hash value for data integrity checks
openfema,data_products,femaweb_declaration_areas,lastRefresh,13,null,YES,string,STRING,0,0,null,null,null,null,null,null,null,NO,null,null,null,null,null,null,NO,null,NO,NO,null,YES,null,Date of the last data refresh
openfema,data_products,femaweb_declaration_areas,femadexLastRefresh,14,null,YES,timestamp,TIMESTAMP,null,null,null,null,null,3,null,null,null,NO,null,null,null,null,null,null,NO,null,NO,NO,null,YES,null,Timestamp of the last refresh from FEMA's data exchange platform
openfema,data_products,femaweb_disaster_declarations,disasterNumber,0,null,YES,bigint,LONG,null,null,null,null,null,null,null,null,null,NO,null,null,null,null,null,null,NO,null,NO,NO,null,YES,null,Unique identifier for each declared disaster
openfema,data_products,femaweb_disaster_declarations,declarationDate,1,null,YES,string,STRING,0,0,null,null,null,null,null,null,null,NO,null,null,null,null,null,null,NO,null,NO,NO,null,YES,null,Date when the disaster was officially declared by FEMA
openfema,data_products,femaweb_disaster_declarations,disasterName,2,null,YES,string,STRING,0,0,null,null,null,null,null,null,null,NO,null,null,null,null,null,null,NO,null,NO,NO,null,YES,null,Name or title of the declared disaster
openfema,data_products,femaweb_disaster_declarations,incidentBeginDate,3,null,YES,string,STRING,0,0,null,null,null,null,null,null,null,NO,null,null,null,null,null,null,NO,null,NO,NO,null,YES,null,Start date of the disaster incident
openfema,data_products,femaweb_disaster_declarations,incidentEndDate,4,null,YES,string,STRING,0,0,null,null,null,null,null,null,null,NO,null,null,null,null,null,null,NO,null,NO,NO,null,YES,null,End date of the disaster incident
openfema,data_products,femaweb_disaster_declarations,declarationType,5,null,YES,string,STRING,0,0,null,null,null,null,null,null,null,NO,null,null,null,null,null,null,NO,null,NO,NO,null,YES,null,"Type of declaration made by FEMA (e.g., emergency, major disaster)"
openfema,data_products,femaweb_disaster_declarations,stateCode,6,null,YES,string,STRING,0,0,null,null,null,null,null,null,null,NO,null,null,null,null,null,null,NO,null,NO,NO,null,YES,null,Code representing the state where the disaster occurred
openfema,data_products,femaweb_disaster_declarations,stateName,7,null,YES,string,STRING,0,0,null,null,null,null,null,null,null,NO,null,null,null,null,null,null,NO,null,NO,NO,null,YES,null,Name of the state where the disaster occurred
openfema,data_products,femaweb_disaster_declarations,incidentType,8,null,YES,string,STRING,0,0,null,null,null,null,null,null,null,NO,null,null,null,null,null,null,NO,null,NO,NO,null,YES,null,"Type of disaster incident (e.g., hurricane, wildfire)"
openfema,data_products,femaweb_disaster_declarations,entryDate,9,null,YES,string,STRING,0,0,null,null,null,null,null,null,null,NO,null,null,null,null,null,null,NO,null,NO,NO,null,YES,null,Date when the disaster information was entered into the system
openfema,data_products,femaweb_disaster_declarations,updateDate,10,null,YES,string,STRING,0,0,null,null,null,null,null,null,null,NO,null,null,null,null,null,null,NO,null,NO,NO,null,YES,null,Date when the disaster information was last updated
openfema,data_products,femaweb_disaster_declarations,closeoutDate,11,null,YES,string,STRING,0,0,null,null,null,null,null,null,null,NO,null,null,null,null,null,null,NO,null,NO,NO,null,YES,null,Date when the disaster declaration was closed out
openfema,data_products,femaweb_disaster_declarations,region,12,null,YES,bigint,LONG,null,null,null,null,null,null,null,null,null,NO,null,null,null,null,null,null,NO,null,NO,NO,null,YES,null,Region code where the disaster occurred
openfema,data_products,femaweb_disaster_declarations,ihProgramDeclared,13,null,YES,boolean,BOOLEAN,null,null,null,null,null,null,null,null,null,NO,null,null,null,null,null,null,NO,null,NO,NO,null,YES,null,Indicator if Individual Housing Program was declared for the disaster
openfema,data_products,femaweb_disaster_declarations,iaProgramDeclared,14,null,YES,boolean,BOOLEAN,null,null,null,null,null,null,null,null,null,NO,null,null,null,null,null,null,NO,null,NO,NO,null,YES,null,Indicator if Individual Assistance Program was declared for the disaster
openfema,data_products,femaweb_disaster_declarations,paProgramDeclared,15,null,YES,boolean,BOOLEAN,null,null,null,null,null,null,null,null,null,NO,null,null,null,null,null,null,NO,null,NO,NO,null,YES,null,Indicator if Public Assistance Program was declared for the disaster
openfema,data_products,femaweb_disaster_declarations,hmProgramDeclared,16,null,YES,boolean,BOOLEAN,null,null,null,null,null,null,null,null,null,NO,null,null,null,null,null,null,NO,null,NO,NO,null,YES,null,Indicator if Hazard Mitigation Program was declared for the disaster
openfema,data_products,femaweb_disaster_declarations,designatedIncidentTypes,17,null,YES,string,STRING,0,0,null,null,null,null,null,null,null,NO,null,null,null,null,null,null,NO,null,NO,NO,null,YES,null,Types of incidents designated for the disaster declaration
openfema,data_products,femaweb_disaster_declarations,declarationRequestDate,18,null,YES,string,STRING,0,0,null,null,null,null,null,null,null,NO,null,null,null,null,null,null,NO,null,NO,NO,null,YES,null,Date when the disaster declaration request was made
openfema,data_products,femaweb_disaster_declarations,disasterPageUrl,19,null,YES,string,STRING,0,0,null,null,null,null,null,null,null,NO,null,null,null,null,null,null,NO,null,NO,NO,null,YES,null,URL link to the FEMA page providing details about the disaster
openfema,data_products,femaweb_disaster_declarations,shapefileUrl,20,null,YES,string,STRING,0,0,null,null,null,null,null,null,null,NO,null,null,null,null,null,null,NO,null,NO,NO,null,YES,null,URL link to the shapefile data for the declared disaster
openfema,data_products,femaweb_disaster_declarations,kmzfileUrl,21,null,YES,string,STRING,0,0,null,null,null,null,null,null,null,NO,null,null,null,null,null,null,NO,null,NO,NO,null,YES,null,URL link to the KMZ file data for the declared disaster
openfema,data_products,femaweb_disaster_declarations,geoJsonUrl,22,null,YES,string,STRING,0,0,null,null,null,null,null,null,null,NO,null,null,null,null,null,null,NO,null,NO,NO,null,YES,null,URL link to the GeoJSON file data for the declared disaster
openfema,data_products,femaweb_disaster_declarations,id,23,null,YES,string,STRING,0,0,null,null,null,null,null,null,null,NO,null,null,null,null,null,null,NO,null,NO,NO,null,YES,null,Unique identifier for each record in the table
openfema,data_products,femaweb_disaster_declarations,hash,24,null,YES,string,STRING,0,0,null,null,null,null,null,null,null,NO,null,null,null,null,null,null,NO,null,NO,NO,null,YES,null,Hash value for data integrity verification
openfema,data_products,femaweb_disaster_declarations,lastRefresh,25,null,YES,string,STRING,0,0,null,null,null,null,null,null,null,NO,null,null,null,null,null,null,NO,null,NO,NO,null,YES,null,Date of the last data refresh/update
openfema,data_products,femaweb_disaster_declarations,femadexLastRefresh,26,null,YES,timestamp,TIMESTAMP,null,null,null,null,null,3,null,null,null,NO,null,null,null,null,null,null,NO,null,NO,NO,null,YES,null,Date of the last FEMADEX data refresh/update
openfema,data_products,femaweb_disaster_summaries,disasterNumber,0,null,YES,bigint,LONG,null,null,null,null,null,null,null,null,null,NO,null,null,null,null,null,null,NO,null,NO,NO,null,YES,null,Unique identifier for each disaster event
openfema,data_products,femaweb_disaster_summaries,totalNumberIaApproved,1,null,YES,string,STRING,0,0,null,null,null,null,null,null,null,NO,null,null,null,null,null,null,NO,null,NO,NO,null,YES,null,Total number of approved Individual Assistance applications
openfema,data_products,femaweb_disaster_summaries,totalAmountIhpApproved,2,null,YES,string,STRING,0,0,null,null,null,null,null,null,null,NO,null,null,null,null,null,null,NO,null,NO,NO,null,YES,null,Total amount approved for Housing Assistance
openfema,data_products,femaweb_disaster_summaries,totalAmountHaApproved,3,null,YES,string,STRING,0,0,null,null,null,null,null,null,null,NO,null,null,null,null,null,null,NO,null,NO,NO,null,YES,null,Total amount approved for Other Needs Assistance
openfema,data_products,femaweb_disaster_summaries,totalAmountOnaApproved,4,null,YES,string,STRING,0,0,null,null,null,null,null,null,null,NO,null,null,null,null,null,null,NO,null,NO,NO,null,YES,null,Total amount approved for Public Assistance
openfema,data_products,femaweb_disaster_summaries,totalObligatedAmountPa,5,null,YES,double,DOUBLE,null,null,null,2,null,null,null,null,null,NO,null,null,null,null,null,null,NO,null,NO,NO,null,YES,null,Total obligated amount for Public Assistance
openfema,data_products,femaweb_disaster_summaries,totalObligatedAmountCatAb,6,null,YES,double,DOUBLE,null,null,null,2,null,null,null,null,null,NO,null,null,null,null,null,null,NO,null,NO,NO,null,YES,null,Total obligated amount for Category A and B assistance
openfema,data_products,femaweb_disaster_summaries,totalObligatedAmountCatC2g,7,null,YES,double,DOUBLE,null,null,null,2,null,null,null,null,null,NO,null,null,null,null,null,null,NO,null,NO,NO,null,YES,null,Total obligated amount for Category C to G assistance
openfema,data_products,femaweb_disaster_summaries,paLoadDate,8,null,YES,string,STRING,0,0,null,null,null,null,null,null,null,NO,null,null,null,null,null,null,NO,null,NO,NO,null,YES,null,Timestamp for loading Public Assistance data
openfema,data_products,femaweb_disaster_summaries,iaLoadDate,9,null,YES,string,STRING,0,0,null,null,null,null,null,null,null,NO,null,null,null,null,null,null,NO,null,NO,NO,null,YES,null,Timestamp for loading Individual Assistance data
openfema,data_products,femaweb_disaster_summaries,totalObligatedAmountHmgp,10,null,YES,double,DOUBLE,null,null,null,2,null,null,null,null,null,NO,null,null,null,null,null,null,NO,null,NO,NO,null,YES,null,Total obligated amount for Hazard Mitigation Grant Program
openfema,data_products,femaweb_disaster_summaries,hash,11,null,YES,string,STRING,0,0,null,null,null,null,null,null,null,NO,null,null,null,null,null,null,NO,null,NO,NO,null,YES,null,Unique identifier hash for each record
openfema,data_products,femaweb_disaster_summaries,lastRefresh,12,null,YES,string,STRING,0,0,null,null,null,null,null,null,null,NO,null,null,null,null,null,null,NO,null,NO,NO,null,YES,null,Timestamp for last data refresh
openfema,data_products,femaweb_disaster_summaries,id,13,null,YES,string,STRING,0,0,null,null,null,null,null,null,null,NO,null,null,null,null,null,null,NO,null,NO,NO,null,YES,null,Unique identifier for each record
openfema,data_products,femaweb_disaster_summaries,femadexLastRefresh,14,null,YES,timestamp,TIMESTAMP,null,null,null,null,null,3,null,null,null,NO,null,null,null,null,null,null,NO,null,NO,NO,null,YES,null,Timestamp for last refresh in FEMADEX system
openfema,data_products,fima_nfip_claims,agricultureStructureIndicator,0,null,YES,string,STRING,0,0,null,null,null,null,null,null,null,NO,null,null,null,null,null,null,NO,null,NO,NO,null,YES,null,Indicates if the structure is related to agriculture
openfema,data_products,fima_nfip_claims,asOfDate,1,null,YES,string,STRING,0,0,null,null,null,null,null,null,null,NO,null,null,null,null,null,null,NO,null,NO,NO,null,YES,null,Date when the data was last updated
openfema,data_products,fima_nfip_claims,basementEnclosureCrawlspaceType,2,null,YES,string,STRING,0,0,null,null,null,null,null,null,null,NO,null,null,null,null,null,null,NO,null,NO,NO,null,YES,null,"Type of basement, enclosure, or crawlspace"
openfema,data_products,fima_nfip_claims,policyCount,3,null,YES,string,STRING,0,0,null,null,null,null,null,null,null,NO,null,null,null,null,null,null,NO,null,NO,NO,null,YES,null,Number of insurance policies associated with the claim
openfema,data_products,fima_nfip_claims,crsClassificationCode,4,null,YES,string,STRING,0,0,null,null,null,null,null,null,null,NO,null,null,null,null,null,null,NO,null,NO,NO,null,YES,null,Code indicating the Community Rating System classification
openfema,data_products,fima_nfip_claims,dateOfLoss,5,null,YES,string,STRING,0,0,null,null,null,null,null,null,null,NO,null,null,null,null,null,null,NO,null,NO,NO,null,YES,null,Date when the loss occurred
openfema,data_products,fima_nfip_claims,elevatedBuildingIndicator,6,null,YES,string,STRING,0,0,null,null,null,null,null,null,null,NO,null,null,null,null,null,null,NO,null,NO,NO,null,YES,null,Indicates if the building is elevated above ground level
openfema,data_products,fima_nfip_claims,elevationCertificateIndicator,7,null,YES,string,STRING,0,0,null,null,null,null,null,null,null,NO,null,null,null,null,null,null,NO,null,NO,NO,null,YES,null,Indicates if an elevation certificate is available
openfema,data_products,fima_nfip_claims,elevationDifference,8,null,YES,string,STRING,0,0,null,null,null,null,null,null,null,NO,null,null,null,null,null,null,NO,null,NO,NO,null,YES,null,Difference in elevation from base flood level
openfema,data_products,fima_nfip_claims,baseFloodElevation,9,null,YES,string,STRING,0,0,null,null,null,null,null,null,null,NO,null,null,null,null,null,null,NO,null,NO,NO,null,YES,null,Elevation of the base flood level
openfema,data_products,fima_nfip_claims,ratedFloodZone,10,null,YES,string,STRING,0,0,null,null,null,null,null,null,null,NO,null,null,null,null,null,null,NO,null,NO,NO,null,YES,null,Zone rating for flood risk
openfema,data_products,fima_nfip_claims,houseWorship,11,null,YES,string,STRING,0,0,null,null,null,null,null,null,null,NO,null,null,null,null,null,null,NO,null,NO,NO,null,YES,null,Indicates if the structure is used for worship purposes
openfema,data_products,fima_nfip_claims,locationOfContents,12,null,YES,string,STRING,0,0,null,null,null,null,null,null,null,NO,null,null,null,null,null,null,NO,null,NO,NO,null,YES,null,Location of contents within the structure
openfema,data_products,fima_nfip_claims,lowestAdjacentGrade,13,null,YES,string,STRING,0,0,null,null,null,null,null,null,null,NO,null,null,null,null,null,null,NO,null,NO,NO,null,YES,null,Lowest grade level adjacent to the building
openfema,data_products,fima_nfip_claims,lowestFloorElevation,14,null,YES,string,STRING,0,0,null,null,null,null,null,null,null,NO,null,null,null,null,null,null,NO,null,NO,NO,null,YES,null,Elevation of the lowest floor in the building
openfema,data_products,fima_nfip_claims,numberOfFloorsInTheInsuredBuilding,15,null,YES,string,STRING,0,0,null,null,null,null,null,null,null,NO,null,null,null,null,null,null,NO,null,NO,NO,null,YES,null,Number of floors in the insured building
openfema,data_products,fima_nfip_claims,nonProfitIndicator,16,null,YES,string,STRING,0,0,null,null,null,null,null,null,null,NO,null,null,null,null,null,null,NO,null,NO,NO,null,YES,null,Indicates if the structure is owned by a non-profit organization
openfema,data_products,fima_nfip_claims,obstructionType,17,null,YES,string,STRING,0,0,null,null,null,null,null,null,null,NO,null,null,null,null,null,null,NO,null,NO,NO,null,YES,null,Type of obstruction present in or around the structure
openfema,data_products,fima_nfip_claims,occupancyType,18,null,YES,string,STRING,0,0,null,null,null,null,null,null,null,NO,null,null,null,null,null,null,NO,null,NO,NO,null,YES,null,Type of occupancy within the structure
openfema,data_products,fima_nfip_claims,originalConstructionDate,19,null,YES,string,STRING,0,0,null,null,null,null,null,null,null,NO,null,null,null,null,null,null,NO,null,NO,NO,null,YES,null,Date when the structure was originally constructed
openfema,data_products,fima_nfip_claims,originalNBDate,20,null,YES,string,STRING,0,0,null,null,null,null,null,null,null,NO,null,null,null,null,null,null,NO,null,NO,NO,null,YES,null,Date when the National Flood Insurance Program policy was originally bound
openfema,data_products,fima_nfip_claims,amountPaidOnBuildingClaim,21,null,YES,string,STRING,0,0,null,null,null,null,null,null,null,NO,null,null,null,null,null,null,NO,null,NO,NO,null,YES,null,Total amount paid on building claim
openfema,data_products,fima_nfip_claims,amountPaidOnContentsClaim,22,null,YES,string,STRING,0,0,null,null,null,null,null,null,null,NO,null,null,null,null,null,null,NO,null,NO,NO,null,YES,null,Total amount paid on contents claim
openfema,data_products,fima_nfip_claims,amountPaidOnIncreasedCostOfComplianceClaim,23,null,YES,string,STRING,0,0,null,null,null,null,null,null,null,NO,null,null,null,null,null,null,NO,null,NO,NO,null,YES,null,Total amount paid on increased cost of compliance claim
openfema,data_products,fima_nfip_claims,postFIRMConstructionIndicator,24,null,YES,string,STRING,0,0,null,null,null,null,null,null,null,NO,null,null,null,null,null,null,NO,null,NO,NO,null,YES,null,Indicates if the construction occurred after the Flood Insurance Rate Map (FIRM) was in effect
openfema,data_products,fima_nfip_claims,rateMethod,25,null,YES,string,STRING,0,0,null,null,null,null,null,null,null,NO,null,null,null,null,null,null,NO,null,NO,NO,null,YES,null,Method used to calculate insurance rates
openfema,data_products,fima_nfip_claims,smallBusinessIndicatorBuilding,26,null,YES,string,STRING,0,0,null,null,null,null,null,null,null,NO,null,null,null,null,null,null,NO,null,NO,NO,null,YES,null,Indicates if the building is associated with a small business
openfema,data_products,fima_nfip_claims,totalBuildingInsuranceCoverage,27,null,YES,string,STRING,0,0,null,null,null,null,null,null,null,NO,null,null,null,null,null,null,NO,null,NO,NO,null,YES,null,Total insurance coverage for the building
openfema,data_products,fima_nfip_claims,totalContentsInsuranceCoverage,28,null,YES,string,STRING,0,0,null,null,null,null,null,null,null,NO,null,null,null,null,null,null,NO,null,NO,NO,null,YES,null,Total insurance coverage for the contents
openfema,data_products,fima_nfip_claims,yearOfLoss,29,null,YES,string,STRING,0,0,null,null,null,null,null,null,null,NO,null,null,null,null,null,null,NO,null,NO,NO,null,YES,null,Year when the loss occurred
openfema,data_products,fima_nfip_claims,primaryResidenceIndicator,30,null,YES,string,STRING,0,0,null,null,null,null,null,null,null,NO,null,null,null,null,null,null,NO,null,NO,NO,null,YES,null,Indicates if the structure is the primary residence
openfema,data_products,fima_nfip_claims,buildingDamageAmount,31,null,YES,string,STRING,0,0,null,null,null,null,null,null,null,NO,null,null,null,null,null,null,NO,null,NO,NO,null,YES,null,Amount of damage to the building
openfema,data_products,fima_nfip_claims,buildingDeductibleCode,32,null,YES,string,STRING,0,0,null,null,null,null,null,null,null,NO,null,null,null,null,null,null,NO,null,NO,NO,null,YES,null,Code indicating the deductible for building coverage
openfema,data_products,fima_nfip_claims,netBuildingPaymentAmount,33,null,YES,string,STRING,0,0,null,null,null,null,null,null,null,NO,null,null,null,null,null,null,NO,null,NO,NO,null,YES,null,Net payment amount for building claims
openfema,data_products,fima_nfip_claims,buildingPropertyValue,34,null,YES,string,STRING,0,0,null,null,null,null,null,null,null,NO,null,null,null,null,null,null,NO,null,NO,NO,null,YES,null,Value of the building
openfema,data_products,fima_nfip_claims,causeOfDamage,35,null,YES,string,STRING,0,0,null,null,null,null,null,null,null,NO,null,null,null,null,null,null,NO,null,NO,NO,null,YES,null,Cause of the damage incurred
openfema,data_products,fima_nfip_claims,condominiumCoverageTypeCode,36,null,YES,string,STRING,0,0,null,null,null,null,null,null,null,NO,null,null,null,null,null,null,NO,null,NO,NO,null,YES,null,Code indicating the type of coverage for condominiums
openfema,data_products,fima_nfip_claims,contentsDamageAmount,37,null,YES,string,STRING,0,0,null,null,null,null,null,null,null,NO,null,null,null,null,null,null,NO,null,NO,NO,null,YES,null,Amount of damage to the contents
openfema,data_products,fima_nfip_claims,contentsDeductibleCode,38,null,YES,string,STRING,0,0,null,null,null,null,null,null,null,NO,null,null,null,null,null,null,NO,null,NO,NO,null,YES,null,Code indicating the deductible for contents coverage
openfema,data_products,fima_nfip_claims,netContentsPaymentAmount,39,null,YES,string,STRING,0,0,null,null,null,null,null,null,null,NO,null,null,null,null,null,null,NO,null,NO,NO,null,YES,null,Net payment amount for contents claims
openfema,data_products,fima_nfip_claims,contentsPropertyValue,40,null,YES,string,STRING,0,0,null,null,null,null,null,null,null,NO,null,null,null,null,null,null,NO,null,NO,NO,null,YES,null,Value of contents within the structure
openfema,data_products,fima_nfip_claims,disasterAssistanceCoverageRequired,41,null,YES,string,STRING,0,0,null,null,null,null,null,null,null,NO,null,null,null,null,null,null,NO,null,NO,NO,null,YES,null,Indicates if disaster assistance coverage is required
openfema,data_products,fima_nfip_claims,eventDesignationNumber,42,null,YES,string,STRING,0,0,null,null,null,null,null,null,null,NO,null,null,null,null,null,null,NO,null,NO,NO,null,YES,null,Number assigned to the event designation
openfema,data_products,fima_nfip_claims,ficoNumber,43,null,YES,string,STRING,0,0,null,null,null,null,null,null,null,NO,null,null,null,null,null,null,NO,null,NO,NO,null,YES,null,Flood Insurance Compliance Office (FICO) number
openfema,data_products,fima_nfip_claims,floodCharacteristicsIndicator,44,null,YES,string,STRING,0,0,null,null,null,null,null,null,null,NO,null,null,null,null,null,null,NO,null,NO,NO,null,YES,null,Indicator for flood characteristics
openfema,data_products,fima_nfip_claims,floodWaterDuration,45,null,YES,string,STRING,0,0,null,null,null,null,null,null,null,NO,null,null,null,null,null,null,NO,null,NO,NO,null,YES,null,Duration of flood water exposure
openfema,data_products,fima_nfip_claims,floodproofedIndicator,46,null,YES,string,STRING,0,0,null,null,null,null,null,null,null,NO,null,null,null,null,null,null,NO,null,NO,NO,null,YES,null,Indicates if the structure is floodproofed
openfema,data_products,fima_nfip_claims,floodEvent,47,null,YES,string,STRING,0,0,null,null,null,null,null,null,null,NO,null,null,null,null,null,null,NO,null,NO,NO,null,YES,null,Details of the flood event
openfema,data_products,fima_nfip_claims,iccCoverage,48,null,YES,string,STRING,0,0,null,null,null,null,null,null,null,NO,null,null,null,null,null,null,NO,null,NO,NO,null,YES,null,Insurance coverage for Increased Cost of Compliance (ICC)
openfema,data_products,fima_nfip_claims,netIccPaymentAmount,49,null,YES,string,STRING,0,0,null,null,null,null,null,null,null,NO,null,null,null,null,null,null,NO,null,NO,NO,null,YES,null,Net payment amount for ICC coverage
openfema,data_products,fima_nfip_claims,nfipRatedCommunityNumber,50,null,YES,string,STRING,0,0,null,null,null,null,null,null,null,NO,null,null,null,null,null,null,NO,null,NO,NO,null,YES,null,Number assigned to NFIP rated community
openfema,data_products,fima_nfip_claims,nfipCommunityNumberCurrent,51,null,YES,string,STRING,0,0,null,null,null,null,null,null,null,NO,null,null,null,null,null,null,NO,null,NO,NO,null,YES,null,Current NFIP community number
openfema,data_products,fima_nfip_claims,nfipCommunityName,52,null,YES,string,STRING,0,0,null,null,null,null,null,null,null,NO,null,null,null,null,null,null,NO,null,NO,NO,null,YES,null,Name of the NFIP community
openfema,data_products,fima_nfip_claims,nonPaymentReasonContents,53,null,YES,string,STRING,0,0,null,null,null,null,null,null,null,NO,null,null,null,null,null,null,NO,null,NO,NO,null,YES,null,Reason for non-payment related to contents
openfema,data_products,fima_nfip_claims,nonPaymentReasonBuilding,54,null,YES,string,STRING,0,0,null,null,null,null,null,null,null,NO,null,null,null,null,null,null,NO,null,NO,NO,null,YES,null,Reason for non-payment related to building
openfema,data_products,fima_nfip_claims,numberOfUnits,55,null,YES,string,STRING,0,0,null,null,null,null,null,null,null,NO,null,null,null,null,null,null,NO,null,NO,NO,null,YES,null,Total number of units in the structure
openfema,data_products,fima_nfip_claims,buildingReplacementCost,56,null,YES,string,STRING,0,0,null,null,null,null,null,null,null,NO,null,null,null,null,null,null,NO,null,NO,NO,null,YES,null,Cost of replacing the building
openfema,data_products,fima_nfip_claims,contentsReplacementCost,57,null,YES,string,STRING,0,0,null,null,null,null,null,null,null,NO,null,null,null,null,null,null,NO,null,NO,NO,null,YES,null,Cost of replacing contents
openfema,data_products,fima_nfip_claims,replacementCostBasis,58,null,YES,string,STRING,0,0,null,null,null,null,null,null,null,NO,null,null,null,null,null,null,NO,null,NO,NO,null,YES,null,Basis for calculating replacement cost
openfema,data_products,fima_nfip_claims,stateOwnedIndicator,59,null,YES,string,STRING,0,0,null,null,null,null,null,null,null,NO,null,null,null,null,null,null,NO,null,NO,NO,null,YES,null,Indicates if the structure is owned by the state
openfema,data_products,fima_nfip_claims,waterDepth,60,null,YES,string,STRING,0,0,null,null,null,null,null,null,null,NO,null,null,null,null,null,null,NO,null,NO,NO,null,YES,null,Depth of water during the flood event
openfema,data_products,fima_nfip_claims,floodZoneCurrent,61,null,YES,string,STRING,0,0,null,null,null,null,null,null,null,NO,null,null,null,null,null,null,NO,null,NO,NO,null,YES,null,Current flood zone rating for the location
openfema,data_products,fima_nfip_claims,buildingDescriptionCode,62,null,YES,string,STRING,0,0,null,null,null,null,null,null,null,NO,null,null,null,null,null,null,NO,null,NO,NO,null,YES,null,Code describing the building characteristics
openfema,data_products,fima_nfip_claims,rentalPropertyIndicator,63,null,YES,string,STRING,0,0,null,null,null,null,null,null,null,NO,null,null,null,null,null,null,NO,null,NO,NO,null,YES,null,Indicates if the property is used for rental purposes
openfema,data_products,fima_nfip_claims,state,64,null,YES,string,STRING,0,0,null,null,null,null,null,null,null,NO,null,null,null,null,null,null,NO,null,NO,NO,null,YES,null,State where the flood insurance claim is located
openfema,data_products,fima_nfip_claims,reportedCity,65,null,YES,string,STRING,0,0,null,null,null,null,null,null,null,NO,null,null,null,null,null,null,NO,null,NO,NO,null,YES,null,City where the flood damage was reported
openfema,data_products,fima_nfip_claims,reportedZipCode,66,null,YES,string,STRING,0,0,null,null,null,null,null,null,null,NO,null,null,null,null,null,null,NO,null,NO,NO,null,YES,null,Zip code of the location where the flood damage occurred
openfema,data_products,fima_nfip_claims,countyCode,67,null,YES,string,STRING,0,0,null,null,null,null,null,null,null,NO,null,null,null,null,null,null,NO,null,NO,NO,null,YES,null,Code identifying the county of the property location
openfema,data_products,fima_nfip_claims,censusTract,68,null,YES,string,STRING,0,0,null,null,null,null,null,null,null,NO,null,null,null,null,null,null,NO,null,NO,NO,null,YES,null,Census tract where the property is situated
openfema,data_products,fima_nfip_claims,censusBlockGroupFips,69,null,YES,string,STRING,0,0,null,null,null,null,null,null,null,NO,null,null,null,null,null,null,NO,null,NO,NO,null,YES,null,FIPS code for the census block group
openfema,data_products,fima_nfip_claims,latitude,70,null,YES,string,STRING,0,0,null,null,null,null,null,null,null,NO,null,null,null,null,null,null,NO,null,NO,NO,null,YES,null,Latitude coordinate of the property location
openfema,data_products,fima_nfip_claims,longitude,71,null,YES,string,STRING,0,0,null,null,null,null,null,null,null,NO,null,null,null,null,null,null,NO,null,NO,NO,null,YES,null,Longitude coordinate of the property location
openfema,data_products,fima_nfip_claims,id,72,null,YES,string,STRING,0,0,null,null,null,null,null,null,null,NO,null,null,null,null,null,null,NO,null,NO,NO,null,YES,null,Unique identifier for the NFIP claim record
openfema,data_products,fima_nfip_claims,femadexLastRefresh,73,null,YES,timestamp,TIMESTAMP,null,null,null,null,null,3,null,null,null,NO,null,null,null,null,null,null,NO,null,NO,NO,null,YES,null,Date when the FEMADEX data was last refreshed
openfema,data_products,fima_nfip_policies,agricultureStructureIndicator,0,null,YES,string,STRING,0,0,null,null,null,null,null,null,null,NO,null,null,null,null,null,null,NO,null,NO,NO,null,YES,null,Indicates if the structure is related to agriculture
openfema,data_products,fima_nfip_policies,baseFloodElevation,1,null,YES,string,STRING,0,0,null,null,null,null,null,null,null,NO,null,null,null,null,null,null,NO,null,NO,NO,null,YES,null,The elevation of the base flood in relation to the structure
openfema,data_products,fima_nfip_policies,basementEnclosureCrawlspaceType,2,null,YES,string,STRING,0,0,null,null,null,null,null,null,null,NO,null,null,null,null,null,null,NO,null,NO,NO,null,YES,null,Type of enclosure or crawlspace in the basement
openfema,data_products,fima_nfip_policies,cancellationDateOfFloodPolicy,3,null,YES,string,STRING,0,0,null,null,null,null,null,null,null,NO,null,null,null,null,null,null,NO,null,NO,NO,null,YES,null,Date when the flood policy was cancelled
openfema,data_products,fima_nfip_policies,condominiumCoverageTypeCode,4,null,YES,string,STRING,0,0,null,null,null,null,null,null,null,NO,null,null,null,null,null,null,NO,null,NO,NO,null,YES,null,Code indicating the type of coverage for condominiums
openfema,data_products,fima_nfip_policies,construction,5,null,YES,string,STRING,0,0,null,null,null,null,null,null,null,NO,null,null,null,null,null,null,NO,null,NO,NO,null,YES,null,Type of construction of the building
openfema,data_products,fima_nfip_policies,crsClassCode,6,null,YES,string,STRING,0,0,null,null,null,null,null,null,null,NO,null,null,null,null,null,null,NO,null,NO,NO,null,YES,null,Code representing the Community Rating System class
openfema,data_products,fima_nfip_policies,buildingDeductibleCode,7,null,YES,string,STRING,0,0,null,null,null,null,null,null,null,NO,null,null,null,null,null,null,NO,null,NO,NO,null,YES,null,Code for the deductible amount for the building
openfema,data_products,fima_nfip_policies,contentsDeductibleCode,8,null,YES,string,STRING,0,0,null,null,null,null,null,null,null,NO,null,null,null,null,null,null,NO,null,NO,NO,null,YES,null,Code for the deductible amount for contents
openfema,data_products,fima_nfip_policies,elevatedBuildingIndicator,9,null,YES,string,STRING,0,0,null,null,null,null,null,null,null,NO,null,null,null,null,null,null,NO,null,NO,NO,null,YES,null,Indicates if the building is elevated
openfema,data_products,fima_nfip_policies,elevationCertificateIndicator,10,null,YES,string,STRING,0,0,null,null,null,null,null,null,null,NO,null,null,null,null,null,null,NO,null,NO,NO,null,YES,null,Indicates if an elevation certificate is available
openfema,data_products,fima_nfip_policies,elevationDifference,11,null,YES,string,STRING,0,0,null,null,null,null,null,null,null,NO,null,null,null,null,null,null,NO,null,NO,NO,null,YES,null,Difference in elevation between the structure and base flood
openfema,data_products,fima_nfip_policies,federalPolicyFee,12,null,YES,string,STRING,0,0,null,null,null,null,null,null,null,NO,null,null,null,null,null,null,NO,null,NO,NO,null,YES,null,Fee associated with the federal flood policy
openfema,data_products,fima_nfip_policies,ratedFloodZone,13,null,YES,string,STRING,0,0,null,null,null,null,null,null,null,NO,null,null,null,null,null,null,NO,null,NO,NO,null,YES,null,Zone rating for flood risk
openfema,data_products,fima_nfip_policies,hfiaaSurcharge,14,null,YES,string,STRING,0,0,null,null,null,null,null,null,null,NO,null,null,null,null,null,null,NO,null,NO,NO,null,YES,null,Surcharge related to Homeowners Flood Insurance Affordability Act
openfema,data_products,fima_nfip_policies,houseOfWorshipIndicator,15,null,YES,string,STRING,0,0,null,null,null,null,null,null,null,NO,null,null,null,null,null,null,NO,null,NO,NO,null,YES,null,Indicates if the structure is a house of worship
openfema,data_products,fima_nfip_policies,locationOfContents,16,null,YES,string,STRING,0,0,null,null,null,null,null,null,null,NO,null,null,null,null,null,null,NO,null,NO,NO,null,YES,null,Location where contents are stored within the structure
openfema,data_products,fima_nfip_policies,lowestAdjacentGrade,17,null,YES,string,STRING,0,0,null,null,null,null,null,null,null,NO,null,null,null,null,null,null,NO,null,NO,NO,null,YES,null,Lowest grade level adjacent to the structure
openfema,data_products,fima_nfip_policies,lowestFloorElevation,18,null,YES,string,STRING,0,0,null,null,null,null,null,null,null,NO,null,null,null,null,null,null,NO,null,NO,NO,null,YES,null,Elevation of the lowest floor in the structure
openfema,data_products,fima_nfip_policies,nonProfitIndicator,19,null,YES,string,STRING,0,0,null,null,null,null,null,null,null,NO,null,null,null,null,null,null,NO,null,NO,NO,null,YES,null,Indicates if the structure belongs to a non-profit organization
openfema,data_products,fima_nfip_policies,numberOfFloorsInInsuredBuilding,20,null,YES,string,STRING,0,0,null,null,null,null,null,null,null,NO,null,null,null,null,null,null,NO,null,NO,NO,null,YES,null,Number of floors in the insured building
openfema,data_products,fima_nfip_policies,obstructionType,21,null,YES,string,STRING,0,0,null,null,null,null,null,null,null,NO,null,null,null,null,null,null,NO,null,NO,NO,null,YES,null,Type of obstruction present
openfema,data_products,fima_nfip_policies,occupancyType,22,null,YES,string,STRING,0,0,null,null,null,null,null,null,null,NO,null,null,null,null,null,null,NO,null,NO,NO,null,YES,null,Type of occupancy for the building
openfema,data_products,fima_nfip_policies,originalConstructionDate,23,null,YES,string,STRING,0,0,null,null,null,null,null,null,null,NO,null,null,null,null,null,null,NO,null,NO,NO,null,YES,null,Date of original construction of the building
openfema,data_products,fima_nfip_policies,originalNBDate,24,null,YES,string,STRING,0,0,null,null,null,null,null,null,null,NO,null,null,null,null,null,null,NO,null,NO,NO,null,YES,null,Original National Flood Insurance Program (NFIP) date
openfema,data_products,fima_nfip_policies,policyCost,25,null,YES,string,STRING,0,0,null,null,null,null,null,null,null,NO,null,null,null,null,null,null,NO,null,NO,NO,null,YES,null,Cost associated with the policy
openfema,data_products,fima_nfip_policies,policyCount,26,null,YES,string,STRING,0,0,null,null,null,null,null,null,null,NO,null,null,null,null,null,null,NO,null,NO,NO,null,YES,null,Count of policies associated with the building
openfema,data_products,fima_nfip_policies,policyEffectiveDate,27,null,YES,string,STRING,0,0,null,null,null,null,null,null,null,NO,null,null,null,null,null,null,NO,null,NO,NO,null,YES,null,Effective date of the policy
openfema,data_products,fima_nfip_policies,policyTerminationDate,28,null,YES,string,STRING,0,0,null,null,null,null,null,null,null,NO,null,null,null,null,null,null,NO,null,NO,NO,null,YES,null,Date when the policy terminates
openfema,data_products,fima_nfip_policies,policyTermIndicator,29,null,YES,string,STRING,0,0,null,null,null,null,null,null,null,NO,null,null,null,null,null,null,NO,null,NO,NO,null,YES,null,Indicator for the policy term
openfema,data_products,fima_nfip_policies,postFIRMConstructionIndicator,30,null,YES,string,STRING,0,0,null,null,null,null,null,null,null,NO,null,null,null,null,null,null,NO,null,NO,NO,null,YES,null,Indicator for post-FIRM construction
openfema,data_products,fima_nfip_policies,primaryResidenceIndicator,31,null,YES,string,STRING,0,0,null,null,null,null,null,null,null,NO,null,null,null,null,null,null,NO,null,NO,NO,null,YES,null,Indicates if the building is a primary residence
openfema,data_products,fima_nfip_policies,rateMethod,32,null,YES,string,STRING,0,0,null,null,null,null,null,null,null,NO,null,null,null,null,null,null,NO,null,NO,NO,null,YES,null,Method used for determining the rate
openfema,data_products,fima_nfip_policies,regularEmergencyProgramIndicator,33,null,YES,string,STRING,0,0,null,null,null,null,null,null,null,NO,null,null,null,null,null,null,NO,null,NO,NO,null,YES,null,Indicator for regular emergency program participation
openfema,data_products,fima_nfip_policies,smallBusinessIndicatorBuilding,34,null,YES,string,STRING,0,0,null,null,null,null,null,null,null,NO,null,null,null,null,null,null,NO,null,NO,NO,null,YES,null,Indicates if the building is a small business
openfema,data_products,fima_nfip_policies,totalBuildingInsuranceCoverage,35,null,YES,string,STRING,0,0,null,null,null,null,null,null,null,NO,null,null,null,null,null,null,NO,null,NO,NO,null,YES,null,Total insurance coverage for the building
openfema,data_products,fima_nfip_policies,totalContentsInsuranceCoverage,36,null,YES,string,STRING,0,0,null,null,null,null,null,null,null,NO,null,null,null,null,null,null,NO,null,NO,NO,null,YES,null,Total insurance coverage for contents
openfema,data_products,fima_nfip_policies,totalInsurancePremiumOfThePolicy,37,null,YES,string,STRING,0,0,null,null,null,null,null,null,null,NO,null,null,null,null,null,null,NO,null,NO,NO,null,YES,null,Total insurance premium of the policy
openfema,data_products,fima_nfip_policies,cancellationVoidanceReasonCode,38,null,YES,string,STRING,0,0,null,null,null,null,null,null,null,NO,null,null,null,null,null,null,NO,null,NO,NO,null,YES,null,Code indicating reason for cancellation or voidance
openfema,data_products,fima_nfip_policies,subsidizedRateType,39,null,YES,string,STRING,0,0,null,null,null,null,null,null,null,NO,null,null,null,null,null,null,NO,null,NO,NO,null,YES,null,Type of subsidized rate
openfema,data_products,fima_nfip_policies,iccPremium,40,null,YES,string,STRING,0,0,null,null,null,null,null,null,null,NO,null,null,null,null,null,null,NO,null,NO,NO,null,YES,null,Premium related to Increased Cost of Compliance coverage
openfema,data_products,fima_nfip_policies,reserveFundAssessment,41,null,YES,string,STRING,0,0,null,null,null,null,null,null,null,NO,null,null,null,null,null,null,NO,null,NO,NO,null,YES,null,Assessment related to reserve fund for NFIP policies
openfema,data_products,fima_nfip_policies,communityProbationSurcharge,42,null,YES,string,STRING,0,0,null,null,null,null,null,null,null,NO,null,null,null,null,null,null,NO,null,NO,NO,null,YES,null,Surcharge associated with community probation status
openfema,data_products,fima_nfip_policies,premiumPaymentIndicator,43,null,YES,string,STRING,0,0,null,null,null,null,null,null,null,NO,null,null,null,null,null,null,NO,null,NO,NO,null,YES,null,Indicator for premium payment status
openfema,data_products,fima_nfip_policies,buildingReplacementCost,44,null,YES,string,STRING,0,0,null,null,null,null,null,null,null,NO,null,null,null,null,null,null,NO,null,NO,NO,null,YES,null,Cost associated with replacing the building
openfema,data_products,fima_nfip_policies,basicBuildingRate,45,null,YES,string,STRING,0,0,null,null,null,null,null,null,null,NO,null,null,null,null,null,null,NO,null,NO,NO,null,YES,null,Basic rate for building coverage
openfema,data_products,fima_nfip_policies,additionalBuildingRate,46,null,YES,string,STRING,0,0,null,null,null,null,null,null,null,NO,null,null,null,null,null,null,NO,null,NO,NO,null,YES,null,Additional rate for building coverage
openfema,data_products,fima_nfip_policies,basicContentsRate,47,null,YES,string,STRING,0,0,null,null,null,null,null,null,null,NO,null,null,null,null,null,null,NO,null,NO,NO,null,YES,null,Basic rate for contents coverage
openfema,data_products,fima_nfip_policies,AdditionalContentsRate,48,null,YES,string,STRING,0,0,null,null,null,null,null,null,null,NO,null,null,null,null,null,null,NO,null,NO,NO,null,YES,null,Additional rate for contents coverage
openfema,data_products,fima_nfip_policies,enclosureTypeCode,49,null,YES,string,STRING,0,0,null,null,null,null,null,null,null,NO,null,null,null,null,null,null,NO,null,NO,NO,null,YES,null,Code indicating the type of enclosure for the structure
openfema,data_products,fima_nfip_policies,buildingDescriptionCode,50,null,YES,string,STRING,0,0,null,null,null,null,null,null,null,NO,null,null,null,null,null,null,NO,null,NO,NO,null,YES,null,Code describing the building characteristics
openfema,data_products,fima_nfip_policies,insuranceToValueCode,51,null,YES,string,STRING,0,0,null,null,null,null,null,null,null,NO,null,null,null,null,null,null,NO,null,NO,NO,null,YES,null,Code representing insurance-to-value ratio
openfema,data_products,fima_nfip_policies,postFirmVzoneIndicator,52,null,YES,string,STRING,0,0,null,null,null,null,null,null,null,NO,null,null,null,null,null,null,NO,null,NO,NO,null,YES,null,Indicator for post-FIRM V zone status
openfema,data_products,fima_nfip_policies,floodproofedIndicator,53,null,YES,string,STRING,0,0,null,null,null,null,null,null,null,NO,null,null,null,null,null,null,NO,null,NO,NO,null,YES,null,Indicates if the structure is floodproofed
openfema,data_products,fima_nfip_policies,waitingPeriodType,54,null,YES,string,STRING,0,0,null,null,null,null,null,null,null,NO,null,null,null,null,null,null,NO,null,NO,NO,null,YES,null,Type of waiting period for policy coverage
openfema,data_products,fima_nfip_policies,rolloverTransferCode,55,null,YES,string,STRING,0,0,null,null,null,null,null,null,null,NO,null,null,null,null,null,null,NO,null,NO,NO,null,YES,null,Code for rollover or transfer of policy
openfema,data_products,fima_nfip_policies,endorsementEffectiveDate,56,null,YES,string,STRING,0,0,null,null,null,null,null,null,null,NO,null,null,null,null,null,null,NO,null,NO,NO,null,YES,null,Effective date of policy endorsement
openfema,data_products,fima_nfip_policies,propertyPurchaseDate,57,null,YES,string,STRING,0,0,null,null,null,null,null,null,null,NO,null,null,null,null,null,null,NO,null,NO,NO,null,YES,null,Date of property purchase
openfema,data_products,fima_nfip_policies,rentalPropertyIndicator,58,null,YES,string,STRING,0,0,null,null,null,null,null,null,null,NO,null,null,null,null,null,null,NO,null,NO,NO,null,YES,null,Indicates if the property is a rental property
openfema,data_products,fima_nfip_policies,tenantIndicator,59,null,YES,string,STRING,0,0,null,null,null,null,null,null,null,NO,null,null,null,null,null,null,NO,null,NO,NO,null,YES,null,Indicates if the property has tenants
openfema,data_products,fima_nfip_policies,stateOwnedIndicator,60,null,YES,string,STRING,0,0,null,null,null,null,null,null,null,NO,null,null,null,null,null,null,NO,null,NO,NO,null,YES,null,Indicates if the property is state-owned
openfema,data_products,fima_nfip_policies,disasterAssistanceCoverageRequiredCode,61,null,YES,string,STRING,0,0,null,null,null,null,null,null,null,NO,null,null,null,null,null,null,NO,null,NO,NO,null,YES,null,Code indicating if disaster assistance coverage is required
openfema,data_products,fima_nfip_policies,mandatoryPurchaseFlag,62,null,YES,string,STRING,0,0,null,null,null,null,null,null,null,NO,null,null,null,null,null,null,NO,null,NO,NO,null,YES,null,Flag indicating if flood insurance purchase is mandatory
openfema,data_products,fima_nfip_policies,grandfatheringTypeCode,63,null,YES,string,STRING,0,0,null,null,null,null,null,null,null,NO,null,null,null,null,null,null,NO,null,NO,NO,null,YES,null,Code representing the type of grandfathering for insurance rates
openfema,data_products,fima_nfip_policies,nfipRatedCommunityNumber,64,null,YES,string,STRING,0,0,null,null,null,null,null,null,null,NO,null,null,null,null,null,null,NO,null,NO,NO,null,YES,null,Number assigned to the NFIP rated community
openfema,data_products,fima_nfip_policies,nfipCommunityNumberCurrent,65,null,YES,string,STRING,0,0,null,null,null,null,null,null,null,NO,null,null,null,null,null,null,NO,null,NO,NO,null,YES,null,Current number assigned to the NFIP community
openfema,data_products,fima_nfip_policies,nfipCommunityName,66,null,YES,string,STRING,0,0,null,null,null,null,null,null,null,NO,null,null,null,null,null,null,NO,null,NO,NO,null,YES,null,Name of the NFIP community
openfema,data_products,fima_nfip_policies,programTypeIndicator,67,null,YES,string,STRING,0,0,null,null,null,null,null,null,null,NO,null,null,null,null,null,null,NO,null,NO,NO,null,YES,null,Indicator for the type of program
openfema,data_products,fima_nfip_policies,mapPanelNumber,68,null,YES,string,STRING,0,0,null,null,null,null,null,null,null,NO,null,null,null,null,null,null,NO,null,NO,NO,null,YES,null,Number assigned to the map panel
openfema,data_products,fima_nfip_policies,mapPanelSuffix,69,null,YES,string,STRING,0,0,null,null,null,null,null,null,null,NO,null,null,null,null,null,null,NO,null,NO,NO,null,YES,null,Suffix for the map panel number
openfema,data_products,fima_nfip_policies,floodZoneCurrent,70,null,YES,string,STRING,0,0,null,null,null,null,null,null,null,NO,null,null,null,null,null,null,NO,null,NO,NO,null,YES,null,Current flood zone designation
openfema,data_products,fima_nfip_policies,femaRegion,71,null,YES,string,STRING,0,0,null,null,null,null,null,null,null,NO,null,null,null,null,null,null,NO,null,NO,NO,null,YES,null,Region assigned by FEMA
openfema,data_products,fima_nfip_policies,propertyState,72,null,YES,string,STRING,0,0,null,null,null,null,null,null,null,NO,null,null,null,null,null,null,NO,null,NO,NO,null,YES,null,State where the property is located
openfema,data_products,fima_nfip_policies,reportedCity,73,null,YES,string,STRING,0,0,null,null,null,null,null,null,null,NO,null,null,null,null,null,null,NO,null,NO,NO,null,YES,null,City where the property is reported
openfema,data_products,fima_nfip_policies,reportedZipCode,74,null,YES,string,STRING,0,0,null,null,null,null,null,null,null,NO,null,null,null,null,null,null,NO,null,NO,NO,null,YES,null,Zip code of the reported property
openfema,data_products,fima_nfip_policies,countyCode,75,null,YES,string,STRING,0,0,null,null,null,null,null,null,null,NO,null,null,null,null,null,null,NO,null,NO,NO,null,YES,null,Code assigned to the county
openfema,data_products,fima_nfip_policies,censusTract,76,null,YES,string,STRING,0,0,null,null,null,null,null,null,null,NO,null,null,null,null,null,null,NO,null,NO,NO,null,YES,null,Tract number from the census data
openfema,data_products,fima_nfip_policies,censusBlockGroupFips,77,null,YES,string,STRING,0,0,null,null,null,null,null,null,null,NO,null,null,null,null,null,null,NO,null,NO,NO,null,YES,null,FIPS code for the census block group
openfema,data_products,fima_nfip_policies,latitude,78,null,YES,string,STRING,0,0,null,null,null,null,null,null,null,NO,null,null,null,null,null,null,NO,null,NO,NO,null,YES,null,Latitude coordinate of the property
openfema,data_products,fima_nfip_policies,longitude,79,null,YES,string,STRING,0,0,null,null,null,null,null,null,null,NO,null,null,null,null,null,null,NO,null,NO,NO,null,YES,null,Longitude coordinate of the property
openfema,data_products,fima_nfip_policies,id,80,null,YES,string,STRING,0,0,null,null,null,null,null,null,null,NO,null,null,null,null,null,null,NO,null,NO,NO,null,YES,null,Unique identifier for each NFIP policy
openfema,data_products,fima_nfip_policies,femadexLastRefresh,81,null,YES,timestamp,TIMESTAMP,null,null,null,null,null,3,null,null,null,NO,null,null,null,null,null,null,NO,null,NO,NO,null,YES,null,Date of the last data refresh in FEMA's National Flood Insurance Program database
openfema,data_products,hazard_mitigation_assistance_mitigated_properties,projectIdentifier,0,null,YES,string,STRING,0,0,null,null,null,null,null,null,null,NO,null,null,null,null,null,null,NO,null,NO,NO,null,YES,null,Unique identifier for the mitigation project
openfema,data_products,hazard_mitigation_assistance_mitigated_properties,programArea,1,null,YES,string,STRING,0,0,null,null,null,null,null,null,null,NO,null,null,null,null,null,null,NO,null,NO,NO,null,YES,null,Area of the hazard mitigation program
openfema,data_products,hazard_mitigation_assistance_mitigated_properties,programFy,2,null,YES,bigint,LONG,null,null,null,null,null,null,null,null,null,NO,null,null,null,null,null,null,NO,null,NO,NO,null,YES,null,Fiscal year of the program
openfema,data_products,hazard_mitigation_assistance_mitigated_properties,disasterNumber,3,null,YES,double,DOUBLE,null,null,null,2,null,null,null,null,null,NO,null,null,null,null,null,null,NO,null,NO,NO,null,YES,null,Number assigned to the disaster event
openfema,data_products,hazard_mitigation_assistance_mitigated_properties,propertyPartOfProject,4,null,YES,boolean,BOOLEAN,null,null,null,null,null,null,null,null,null,NO,null,null,null,null,null,null,NO,null,NO,NO,null,YES,null,Indicates if the property is part of the mitigation project
openfema,data_products,hazard_mitigation_assistance_mitigated_properties,propertyAction,5,null,YES,string,STRING,0,0,null,null,null,null,null,null,null,NO,null,null,null,null,null,null,NO,null,NO,NO,null,YES,null,Action taken on the property for mitigation purposes
openfema,data_products,hazard_mitigation_assistance_mitigated_properties,structureType,6,null,YES,string,STRING,0,0,null,null,null,null,null,null,null,NO,null,null,null,null,null,null,NO,null,NO,NO,null,YES,null,Type of structure of the property
openfema,data_products,hazard_mitigation_assistance_mitigated_properties,typeOfResidency,7,null,YES,string,STRING,0,0,null,null,null,null,null,null,null,NO,null,null,null,null,null,null,NO,null,NO,NO,null,YES,null,Residency status of the property owner
openfema,data_products,hazard_mitigation_assistance_mitigated_properties,foundationType,8,null,YES,string,STRING,0,0,null,null,null,null,null,null,null,NO,null,null,null,null,null,null,NO,null,NO,NO,null,YES,null,Type of foundation of the property
openfema,data_products,hazard_mitigation_assistance_mitigated_properties,county,9,null,YES,string,STRING,0,0,null,null,null,null,null,null,null,NO,null,null,null,null,null,null,NO,null,NO,NO,null,YES,null,County where the property is located
openfema,data_products,hazard_mitigation_assistance_mitigated_properties,city,10,null,YES,string,STRING,0,0,null,null,null,null,null,null,null,NO,null,null,null,null,null,null,NO,null,NO,NO,null,YES,null,City where the property is located
openfema,data_products,hazard_mitigation_assistance_mitigated_properties,state,11,null,YES,string,STRING,0,0,null,null,null,null,null,null,null,NO,null,null,null,null,null,null,NO,null,NO,NO,null,YES,null,State where the property is located
openfema,data_products,hazard_mitigation_assistance_mitigated_properties,stateNumberCode,12,null,YES,string,STRING,0,0,null,null,null,null,null,null,null,NO,null,null,null,null,null,null,NO,null,NO,NO,null,YES,null,Code assigned to the state
openfema,data_products,hazard_mitigation_assistance_mitigated_properties,region,13,null,YES,double,DOUBLE,null,null,null,2,null,null,null,null,null,NO,null,null,null,null,null,null,NO,null,NO,NO,null,YES,null,Region code where the property is located
openfema,data_products,hazard_mitigation_assistance_mitigated_properties,zip,14,null,YES,string,STRING,0,0,null,null,null,null,null,null,null,NO,null,null,null,null,null,null,NO,null,NO,NO,null,YES,null,Zip code of the property location
openfema,data_products,hazard_mitigation_assistance_mitigated_properties,damageCategory,15,null,YES,string,STRING,0,0,null,null,null,null,null,null,null,NO,null,null,null,null,null,null,NO,null,NO,NO,null,YES,null,Category of damage the property has experienced
openfema,data_products,hazard_mitigation_assistance_mitigated_properties,actualAmountPaid,16,null,YES,double,DOUBLE,null,null,null,2,null,null,null,null,null,NO,null,null,null,null,null,null,NO,null,NO,NO,null,YES,null,Actual amount paid for mitigation assistance
openfema,data_products,hazard_mitigation_assistance_mitigated_properties,numberOfProperties,17,null,YES,bigint,LONG,null,null,null,null,null,null,null,null,null,NO,null,null,null,null,null,null,NO,null,NO,NO,null,YES,null,Number of properties included in the mitigation project
openfema,data_products,hazard_mitigation_assistance_mitigated_properties,id,18,null,YES,string,STRING,0,0,null,null,null,null,null,null,null,NO,null,null,null,null,null,null,NO,null,NO,NO,null,YES,null,Unique identifier for each record in the table
openfema,data_products,hazard_mitigation_assistance_mitigated_properties,femadexLastRefresh,19,null,YES,timestamp,TIMESTAMP,null,null,null,null,null,3,null,null,null,NO,null,null,null,null,null,null,NO,null,NO,NO,null,YES,null,Timestamp of the last data refresh from FEMA's database
openfema,data_products,hazard_mitigation_assistance_projects,projectIdentifier,0,null,YES,string,STRING,0,0,null,null,null,null,null,null,null,NO,null,null,null,null,null,null,NO,null,NO,NO,null,YES,null,Unique identifier for each project
openfema,data_products,hazard_mitigation_assistance_projects,programArea,1,null,YES,string,STRING,0,0,null,null,null,null,null,null,null,NO,null,null,null,null,null,null,NO,null,NO,NO,null,YES,null,Area or category of the program the project falls under
openfema,data_products,hazard_mitigation_assistance_projects,programFy,2,null,YES,bigint,LONG,null,null,null,null,null,null,null,null,null,NO,null,null,null,null,null,null,NO,null,NO,NO,null,YES,null,Fiscal year of the program funding
openfema,data_products,hazard_mitigation_assistance_projects,region,3,null,YES,bigint,LONG,null,null,null,null,null,null,null,null,null,NO,null,null,null,null,null,null,NO,null,NO,NO,null,YES,null,Region where the project is located
openfema,data_products,hazard_mitigation_assistance_projects,state,4,null,YES,string,STRING,0,0,null,null,null,null,null,null,null,NO,null,null,null,null,null,null,NO,null,NO,NO,null,YES,null,State where the project is located
openfema,data_products,hazard_mitigation_assistance_projects,stateNumberCode,5,null,YES,string,STRING,0,0,null,null,null,null,null,null,null,NO,null,null,null,null,null,null,NO,null,NO,NO,null,YES,null,Code representing the state
openfema,data_products,hazard_mitigation_assistance_projects,county,6,null,YES,string,STRING,0,0,null,null,null,null,null,null,null,NO,null,null,null,null,null,null,NO,null,NO,NO,null,YES,null,County where the project is located
openfema,data_products,hazard_mitigation_assistance_projects,countyCode,7,null,YES,string,STRING,0,0,null,null,null,null,null,null,null,NO,null,null,null,null,null,null,NO,null,NO,NO,null,YES,null,Code representing the county
openfema,data_products,hazard_mitigation_assistance_projects,disasterNumber,8,null,YES,double,DOUBLE,null,null,null,2,null,null,null,null,null,NO,null,null,null,null,null,null,NO,null,NO,NO,null,YES,null,Number assigned to the disaster related to the project
openfema,data_products,hazard_mitigation_assistance_projects,projectCounties,9,null,YES,string,STRING,0,0,null,null,null,null,null,null,null,NO,null,null,null,null,null,null,NO,null,NO,NO,null,YES,null,Counties involved in the project
openfema,data_products,hazard_mitigation_assistance_projects,projectType,10,null,YES,string,STRING,0,0,null,null,null,null,null,null,null,NO,null,null,null,null,null,null,NO,null,NO,NO,null,YES,null,Type or category of the project
openfema,data_products,hazard_mitigation_assistance_projects,status,11,null,YES,string,STRING,0,0,null,null,null,null,null,null,null,NO,null,null,null,null,null,null,NO,null,NO,NO,null,YES,null,Current status of the project
openfema,data_products,hazard_mitigation_assistance_projects,recipient,12,null,YES,string,STRING,0,0,null,null,null,null,null,null,null,NO,null,null,null,null,null,null,NO,null,NO,NO,null,YES,null,Entity receiving the funding for the project
openfema,data_products,hazard_mitigation_assistance_projects,recipientTribalIndicator,13,null,YES,boolean,BOOLEAN,null,null,null,null,null,null,null,null,null,NO,null,null,null,null,null,null,NO,null,NO,NO,null,YES,null,Indicator if the recipient is a tribal entity
openfema,data_products,hazard_mitigation_assistance_projects,subrecipient,14,null,YES,string,STRING,0,0,null,null,null,null,null,null,null,NO,null,null,null,null,null,null,NO,null,NO,NO,null,YES,null,Entity assisting in the implementation of the project
openfema,data_products,hazard_mitigation_assistance_projects,subrecipientTribalIndicator,15,null,YES,boolean,BOOLEAN,null,null,null,null,null,null,null,null,null,NO,null,null,null,null,null,null,NO,null,NO,NO,null,YES,null,Indicator if the subrecipient is a tribal entity
openfema,data_products,hazard_mitigation_assistance_projects,dataSource,16,null,YES,string,STRING,0,0,null,null,null,null,null,null,null,NO,null,null,null,null,null,null,NO,null,NO,NO,null,YES,null,Source of the data for the project
openfema,data_products,hazard_mitigation_assistance_projects,dateApproved,17,null,YES,string,STRING,0,0,null,null,null,null,null,null,null,NO,null,null,null,null,null,null,NO,null,NO,NO,null,YES,null,Date when the project was approved
openfema,data_products,hazard_mitigation_assistance_projects,dateClosed,18,null,YES,string,STRING,0,0,null,null,null,null,null,null,null,NO,null,null,null,null,null,null,NO,null,NO,NO,null,YES,null,Date when the project was closed or completed
openfema,data_products,hazard_mitigation_assistance_projects,dateInitiallyApproved,19,null,YES,string,STRING,0,0,null,null,null,null,null,null,null,NO,null,null,null,null,null,null,NO,null,NO,NO,null,YES,null,Date when the project was initially approved
openfema,data_products,hazard_mitigation_assistance_projects,projectAmount,20,null,YES,double,DOUBLE,null,null,null,2,null,null,null,null,null,NO,null,null,null,null,null,null,NO,null,NO,NO,null,YES,null,Total amount allocated for the project
openfema,data_products,hazard_mitigation_assistance_projects,initialObligationDate,21,null,YES,string,STRING,0,0,null,null,null,null,null,null,null,NO,null,null,null,null,null,null,NO,null,NO,NO,null,YES,null,Date when the initial obligation for the project was made
openfema,data_products,hazard_mitigation_assistance_projects,initialObligationAmount,22,null,YES,double,DOUBLE,null,null,null,2,null,null,null,null,null,NO,null,null,null,null,null,null,NO,null,NO,NO,null,YES,null,Amount initially obligated for the project
openfema,data_products,hazard_mitigation_assistance_projects,federalShareObligated,23,null,YES,double,DOUBLE,null,null,null,2,null,null,null,null,null,NO,null,null,null,null,null,null,NO,null,NO,NO,null,YES,null,Federal share of the total amount obligated for the project
openfema,data_products,hazard_mitigation_assistance_projects,subrecipientAdminCostAmt,24,null,YES,double,DOUBLE,null,null,null,2,null,null,null,null,null,NO,null,null,null,null,null,null,NO,null,NO,NO,null,YES,null,Amount allocated for administrative costs to the subrecipient
openfema,data_products,hazard_mitigation_assistance_projects,srmcObligatedAmt,25,null,YES,double,DOUBLE,null,null,null,2,null,null,null,null,null,NO,null,null,null,null,null,null,NO,null,NO,NO,null,YES,null,Amount obligated for State and Regional Mitigation Planning
openfema,data_products,hazard_mitigation_assistance_projects,recipientAdminCostAmt,26,null,YES,double,DOUBLE,null,null,null,2,null,null,null,null,null,NO,null,null,null,null,null,null,NO,null,NO,NO,null,YES,null,Amount allocated for administrative costs to the recipient
openfema,data_products,hazard_mitigation_assistance_projects,costSharePercentage,27,null,YES,double,DOUBLE,null,null,null,2,null,null,null,null,null,NO,null,null,null,null,null,null,NO,null,NO,NO,null,YES,null,Percentage of the project cost shared by different entities
openfema,data_products,hazard_mitigation_assistance_projects,benefitCostRatio,28,null,YES,double,DOUBLE,null,null,null,2,null,null,null,null,null,NO,null,null,null,null,null,null,NO,null,NO,NO,null,YES,null,Ratio of project benefits to costs
openfema,data_products,hazard_mitigation_assistance_projects,netValueBenefits,29,null,YES,double,DOUBLE,null,null,null,2,null,null,null,null,null,NO,null,null,null,null,null,null,NO,null,NO,NO,null,YES,null,Net value of benefits generated by the project
openfema,data_products,hazard_mitigation_assistance_projects,numberOfFinalProperties,30,null,YES,bigint,LONG,null,null,null,null,null,null,null,null,null,NO,null,null,null,null,null,null,NO,null,NO,NO,null,YES,null,Number of properties involved in the final project
openfema,data_products,hazard_mitigation_assistance_projects,numberOfProperties,31,null,YES,bigint,LONG,null,null,null,null,null,null,null,null,null,NO,null,null,null,null,null,null,NO,null,NO,NO,null,YES,null,Total number of properties involved in the project
openfema,data_products,hazard_mitigation_assistance_projects,id,32,null,YES,string,STRING,0,0,null,null,null,null,null,null,null,NO,null,null,null,null,null,null,NO,null,NO,NO,null,YES,null,Unique identifier for each record in the table
openfema,data_products,hazard_mitigation_assistance_projects,femadexLastRefresh,33,null,YES,timestamp,TIMESTAMP,null,null,null,null,null,3,null,null,null,NO,null,null,null,null,null,null,NO,null,NO,NO,null,YES,null,Date of the last data refresh in FEMA's system
openfema,data_products,hazard_mitigation_assistance_projects_by_nfip_crs_communities,projectIdentifier,0,null,YES,string,STRING,0,0,null,null,null,null,null,null,null,NO,null,null,null,null,null,null,NO,null,NO,NO,null,YES,null,null
openfema,data_products,hazard_mitigation_assistance_projects_by_nfip_crs_communities,communityName,1,null,YES,string,STRING,0,0,null,null,null,null,null,null,null,NO,null,null,null,null,null,null,NO,null,NO,NO,null,YES,null,null
openfema,data_products,hazard_mitigation_assistance_projects_by_nfip_crs_communities,communityNumber,2,null,YES,string,STRING,0,0,null,null,null,null,null,null,null,NO,null,null,null,null,null,null,NO,null,NO,NO,null,YES,null,null
openfema,data_products,hazard_mitigation_assistance_projects_by_nfip_crs_communities,hash,3,null,YES,string,STRING,0,0,null,null,null,null,null,null,null,NO,null,null,null,null,null,null,NO,null,NO,NO,null,YES,null,null
openfema,data_products,hazard_mitigation_assistance_projects_by_nfip_crs_communities,lastRefresh,4,null,YES,string,STRING,0,0,null,null,null,null,null,null,null,NO,null,null,null,null,null,null,NO,null,NO,NO,null,YES,null,null
openfema,data_products,hazard_mitigation_assistance_projects_by_nfip_crs_communities,id,5,null,YES,string,STRING,0,0,null,null,null,null,null,null,null,NO,null,null,null,null,null,null,NO,null,NO,NO,null,YES,null,null
openfema,data_products,hazard_mitigation_assistance_projects_by_nfip_crs_communities,femadexLastRefresh,6,null,YES,timestamp,TIMESTAMP,null,null,null,null,null,3,null,null,null,NO,null,null,null,null,null,null,NO,null,NO,NO,null,YES,null,null
openfema,data_products,hazard_mitigation_assistance_projects_financial_transactions,projectIdentifier,0,null,YES,string,STRING,0,0,null,null,null,null,null,null,null,NO,null,null,null,null,null,null,NO,null,NO,NO,null,YES,null,null
openfema,data_products,hazard_mitigation_assistance_projects_financial_transactions,transactionIdentifier,1,null,YES,bigint,LONG,null,null,null,null,null,null,null,null,null,NO,null,null,null,null,null,null,NO,null,NO,NO,null,YES,null,null
openfema,data_products,hazard_mitigation_assistance_projects_financial_transactions,transactionDate,2,null,YES,string,STRING,0,0,null,null,null,null,null,null,null,NO,null,null,null,null,null,null,NO,null,NO,NO,null,YES,null,null
openfema,data_products,hazard_mitigation_assistance_projects_financial_transactions,commitmentIdentifier,3,null,YES,string,STRING,0,0,null,null,null,null,null,null,null,NO,null,null,null,null,null,null,NO,null,NO,NO,null,YES,null,null
openfema,data_products,hazard_mitigation_assistance_projects_financial_transactions,accsLine,4,null,YES,string,STRING,0,0,null,null,null,null,null,null,null,NO,null,null,null,null,null,null,NO,null,NO,NO,null,YES,null,null
openfema,data_products,hazard_mitigation_assistance_projects_financial_transactions,fundCode,5,null,YES,string,STRING,0,0,null,null,null,null,null,null,null,NO,null,null,null,null,null,null,NO,null,NO,NO,null,YES,null,null
openfema,data_products,hazard_mitigation_assistance_projects_financial_transactions,federalShareProjectCostAmt,6,null,YES,double,DOUBLE,null,null,null,2,null,null,null,null,null,NO,null,null,null,null,null,null,NO,null,NO,NO,null,YES,null,null
openfema,data_products,hazard_mitigation_assistance_projects_financial_transactions,recipientAdminCostAmt,7,null,YES,double,DOUBLE,null,null,null,2,null,null,null,null,null,NO,null,null,null,null,null,null,NO,null,NO,NO,null,YES,null,null
openfema,data_products,hazard_mitigation_assistance_projects_financial_transactions,subrecipientAdminCostAmt,8,null,YES,double,DOUBLE,null,null,null,2,null,null,null,null,null,NO,null,null,null,null,null,null,NO,null,NO,NO,null,YES,null,null
openfema,data_products,hazard_mitigation_assistance_projects_financial_transactions,subrecipientMgmtCostAmt,9,null,YES,double,DOUBLE,null,null,null,2,null,null,null,null,null,NO,null,null,null,null,null,null,NO,null,NO,NO,null,YES,null,null
openfema,data_products,hazard_mitigation_assistance_projects_financial_transactions,id,10,null,YES,string,STRING,0,0,null,null,null,null,null,null,null,NO,null,null,null,null,null,null,NO,null,NO,NO,null,YES,null,null
openfema,data_products,hazard_mitigation_assistance_projects_financial_transactions,femadexLastRefresh,11,null,YES,timestamp,TIMESTAMP,null,null,null,null,null,3,null,null,null,NO,null,null,null,null,null,null,NO,null,NO,NO,null,YES,null,null
openfema,data_products,hazard_mitigation_grant_program_disaster_summaries,disasterNumber,0,null,YES,bigint,LONG,null,null,null,null,null,null,null,null,null,NO,null,null,null,null,null,null,NO,null,NO,NO,null,YES,null,null
openfema,data_products,hazard_mitigation_grant_program_disaster_summaries,declarationDate,1,null,YES,string,STRING,0,0,null,null,null,null,null,null,null,NO,null,null,null,null,null,null,NO,null,NO,NO,null,YES,null,null
openfema,data_products,hazard_mitigation_grant_program_disaster_summaries,disasterType,2,null,YES,string,STRING,0,0,null,null,null,null,null,null,null,NO,null,null,null,null,null,null,NO,null,NO,NO,null,YES,null,null
openfema,data_products,hazard_mitigation_grant_program_disaster_summaries,incidentType,3,null,YES,string,STRING,0,0,null,null,null,null,null,null,null,NO,null,null,null,null,null,null,NO,null,NO,NO,null,YES,null,null
openfema,data_products,hazard_mitigation_grant_program_disaster_summaries,title,4,null,YES,string,STRING,0,0,null,null,null,null,null,null,null,NO,null,null,null,null,null,null,NO,null,NO,NO,null,YES,null,null
openfema,data_products,hazard_mitigation_grant_program_disaster_summaries,region,5,null,YES,bigint,LONG,null,null,null,null,null,null,null,null,null,NO,null,null,null,null,null,null,NO,null,NO,NO,null,YES,null,null
openfema,data_products,hazard_mitigation_grant_program_disaster_summaries,state,6,null,YES,string,STRING,0,0,null,null,null,null,null,null,null,NO,null,null,null,null,null,null,NO,null,NO,NO,null,YES,null,null
openfema,data_products,hazard_mitigation_grant_program_disaster_summaries,disasterCloseoutStatus,7,null,YES,string,STRING,0,0,null,null,null,null,null,null,null,NO,null,null,null,null,null,null,NO,null,NO,NO,null,YES,null,null
openfema,data_products,hazard_mitigation_grant_program_disaster_summaries,hmgpCloseoutStatus,8,null,YES,string,STRING,0,0,null,null,null,null,null,null,null,NO,null,null,null,null,null,null,NO,null,NO,NO,null,YES,null,null
openfema,data_products,hazard_mitigation_grant_program_disaster_summaries,disasterCloseoutDate,9,null,YES,string,STRING,0,0,null,null,null,null,null,null,null,NO,null,null,null,null,null,null,NO,null,NO,NO,null,YES,null,null
openfema,data_products,hazard_mitigation_grant_program_disaster_summaries,hmgpReconciliationDate,10,null,YES,string,STRING,0,0,null,null,null,null,null,null,null,NO,null,null,null,null,null,null,NO,null,NO,NO,null,YES,null,null
openfema,data_products,hazard_mitigation_grant_program_disaster_summaries,disasterDueDateForNewApps,11,null,YES,string,STRING,0,0,null,null,null,null,null,null,null,NO,null,null,null,null,null,null,NO,null,NO,NO,null,YES,null,null
openfema,data_products,hazard_mitigation_grant_program_disaster_summaries,disasterPopEndDate,12,null,YES,string,STRING,0,0,null,null,null,null,null,null,null,NO,null,null,null,null,null,null,NO,null,NO,NO,null,YES,null,null
openfema,data_products,hazard_mitigation_grant_program_disaster_summaries,hmgpPopEndDate,13,null,YES,string,STRING,0,0,null,null,null,null,null,null,null,NO,null,null,null,null,null,null,NO,null,NO,NO,null,YES,null,null
openfema,data_products,hazard_mitigation_grant_program_disaster_summaries,hmgpPopExtnDate,14,null,YES,string,STRING,0,0,null,null,null,null,null,null,null,NO,null,null,null,null,null,null,NO,null,NO,NO,null,YES,null,null
openfema,data_products,hazard_mitigation_grant_program_disaster_summaries,hmgpPopExtnNum,15,null,YES,double,DOUBLE,null,null,null,2,null,null,null,null,null,NO,null,null,null,null,null,null,NO,null,NO,NO,null,YES,null,null
openfema,data_products,hazard_mitigation_grant_program_disaster_summaries,liqPeriodDate,16,null,YES,string,STRING,0,0,null,null,null,null,null,null,null,NO,null,null,null,null,null,null,NO,null,NO,NO,null,YES,null,null
openfema,data_products,hazard_mitigation_grant_program_disaster_summaries,liqPeriodMaxDate,17,null,YES,string,STRING,0,0,null,null,null,null,null,null,null,NO,null,null,null,null,null,null,NO,null,NO,NO,null,YES,null,null
openfema,data_products,hazard_mitigation_grant_program_disaster_summaries,liqPeriodMaxPopNum,18,null,YES,double,DOUBLE,null,null,null,2,null,null,null,null,null,NO,null,null,null,null,null,null,NO,null,NO,NO,null,YES,null,null
openfema,data_products,hazard_mitigation_grant_program_disaster_summaries,liqPeriodMaxExtDate,19,null,YES,string,STRING,0,0,null,null,null,null,null,null,null,NO,null,null,null,null,null,null,NO,null,NO,NO,null,YES,null,null
openfema,data_products,hazard_mitigation_grant_program_disaster_summaries,liqPeriodMaxExtNum,20,null,YES,double,DOUBLE,null,null,null,2,null,null,null,null,null,NO,null,null,null,null,null,null,NO,null,NO,NO,null,YES,null,null
openfema,data_products,hazard_mitigation_grant_program_disaster_summaries,lockedInCeilingAmount,21,null,YES,double,DOUBLE,null,null,null,2,null,null,null,null,null,NO,null,null,null,null,null,null,NO,null,NO,NO,null,YES,null,null
openfema,data_products,hazard_mitigation_grant_program_disaster_summaries,mitigationDollarsAvailable,22,null,YES,double,DOUBLE,null,null,null,2,null,null,null,null,null,NO,null,null,null,null,null,null,NO,null,NO,NO,null,YES,null,null
openfema,data_products,hazard_mitigation_grant_program_disaster_summaries,obligatedTotalAmount,23,null,YES,double,DOUBLE,null,null,null,2,null,null,null,null,null,NO,null,null,null,null,null,null,NO,null,NO,NO,null,YES,null,null
openfema,data_products,hazard_mitigation_grant_program_disaster_summaries,obligatedInitiativeAmount,24,null,YES,double,DOUBLE,null,null,null,2,null,null,null,null,null,NO,null,null,null,null,null,null,NO,null,NO,NO,null,YES,null,null
openfema,data_products,hazard_mitigation_grant_program_disaster_summaries,obligatedPlanningAmount,25,null,YES,double,DOUBLE,null,null,null,2,null,null,null,null,null,NO,null,null,null,null,null,null,NO,null,NO,NO,null,YES,null,null
openfema,data_products,hazard_mitigation_grant_program_disaster_summaries,obligatedRegularAmount,26,null,YES,double,DOUBLE,null,null,null,2,null,null,null,null,null,NO,null,null,null,null,null,null,NO,null,NO,NO,null,YES,null,null
openfema,data_products,hazard_mitigation_grant_program_disaster_summaries,obligatedRecipientAdmin,27,null,YES,double,DOUBLE,null,null,null,2,null,null,null,null,null,NO,null,null,null,null,null,null,NO,null,NO,NO,null,YES,null,null
openfema,data_products,hazard_mitigation_grant_program_disaster_summaries,obligatedSubrecipientAdmin,28,null,YES,double,DOUBLE,null,null,null,2,null,null,null,null,null,NO,null,null,null,null,null,null,NO,null,NO,NO,null,YES,null,null
openfema,data_products,hazard_mitigation_grant_program_disaster_summaries,obligatedRecipientMgmtAmt,29,null,YES,double,DOUBLE,null,null,null,2,null,null,null,null,null,NO,null,null,null,null,null,null,NO,null,NO,NO,null,YES,null,null
openfema,data_products,hazard_mitigation_grant_program_disaster_summaries,obligatedSubrecipMgmtAmt,30,null,YES,double,DOUBLE,null,null,null,2,null,null,null,null,null,NO,null,null,null,null,null,null,NO,null,NO,NO,null,YES,null,null
openfema,data_products,hazard_mitigation_grant_program_disaster_summaries,pendingProjectsQuantity,31,null,YES,double,DOUBLE,null,null,null,2,null,null,null,null,null,NO,null,null,null,null,null,null,NO,null,NO,NO,null,YES,null,null
openfema,data_products,hazard_mitigation_grant_program_disaster_summaries,pendingFedShareProposedAmt,32,null,YES,double,DOUBLE,null,null,null,2,null,null,null,null,null,NO,null,null,null,null,null,null,NO,null,NO,NO,null,YES,null,null
openfema,data_products,hazard_mitigation_grant_program_disaster_summaries,hash,33,null,YES,string,STRING,0,0,null,null,null,null,null,null,null,NO,null,null,null,null,null,null,NO,null,NO,NO,null,YES,null,null
openfema,data_products,hazard_mitigation_grant_program_disaster_summaries,lastRefresh,34,null,YES,string,STRING,0,0,null,null,null,null,null,null,null,NO,null,null,null,null,null,null,NO,null,NO,NO,null,YES,null,null
openfema,data_products,hazard_mitigation_grant_program_disaster_summaries,id,35,null,YES,string,STRING,0,0,null,null,null,null,null,null,null,NO,null,null,null,null,null,null,NO,null,NO,NO,null,YES,null,null
openfema,data_products,hazard_mitigation_grant_program_disaster_summaries,femadexLastRefresh,36,null,YES,timestamp,TIMESTAMP,null,null,null,null,null,3,null,null,null,NO,null,null,null,null,null,null,NO,null,NO,NO,null,YES,null,null
openfema,data_products,hazard_mitigation_plan_statuses,femaRegion,0,null,YES,bigint,LONG,null,null,null,null,null,null,null,null,null,NO,null,null,null,null,null,null,NO,null,NO,NO,null,YES,null,The FEMA region number where the jurisdiction is located
openfema,data_products,hazard_mitigation_plan_statuses,stateAbbreviation,1,null,YES,string,STRING,0,0,null,null,null,null,null,null,null,NO,null,null,null,null,null,null,NO,null,NO,NO,null,YES,null,The abbreviation of the state where the jurisdiction is located
openfema,data_products,hazard_mitigation_plan_statuses,state,2,null,YES,string,STRING,0,0,null,null,null,null,null,null,null,NO,null,null,null,null,null,null,NO,null,NO,NO,null,YES,null,The full name of the state where the jurisdiction is located
openfema,data_products,hazard_mitigation_plan_statuses,countyName,3,null,YES,string,STRING,0,0,null,null,null,null,null,null,null,NO,null,null,null,null,null,null,NO,null,NO,NO,null,YES,null,The name of the county where the jurisdiction is located
openfema,data_products,hazard_mitigation_plan_statuses,placeName,4,null,YES,string,STRING,0,0,null,null,null,null,null,null,null,NO,null,null,null,null,null,null,NO,null,NO,NO,null,YES,null,The name of the place where the jurisdiction is located
openfema,data_products,hazard_mitigation_plan_statuses,jurisdictionType,5,null,YES,string,STRING,0,0,null,null,null,null,null,null,null,NO,null,null,null,null,null,null,NO,null,NO,NO,null,YES,null,"The type of jurisdiction (e.g., city, town, village)"
openfema,data_products,hazard_mitigation_plan_statuses,planTitle,6,null,YES,string,STRING,0,0,null,null,null,null,null,null,null,NO,null,null,null,null,null,null,NO,null,NO,NO,null,YES,null,The title of the hazard mitigation plan
openfema,data_products,hazard_mitigation_plan_statuses,planType,7,null,YES,string,STRING,0,0,null,null,null,null,null,null,null,NO,null,null,null,null,null,null,NO,null,NO,NO,null,YES,null,"The type of hazard mitigation plan (e.g., local, regional)"
openfema,data_products,hazard_mitigation_plan_statuses,apaDate,8,null,YES,string,STRING,0,0,null,null,null,null,null,null,null,NO,null,null,null,null,null,null,NO,null,NO,NO,null,YES,null,The date of the plan's approval by the appropriate authority
openfema,data_products,hazard_mitigation_plan_statuses,planApprovalDate,9,null,YES,string,STRING,0,0,null,null,null,null,null,null,null,NO,null,null,null,null,null,null,NO,null,NO,NO,null,YES,null,The date when the hazard mitigation plan was approved
openfema,data_products,hazard_mitigation_plan_statuses,planExpirationDate,10,null,YES,string,STRING,0,0,null,null,null,null,null,null,null,NO,null,null,null,null,null,null,NO,null,NO,NO,null,YES,null,The date when the hazard mitigation plan expires
openfema,data_products,hazard_mitigation_plan_statuses,planStatus,11,null,YES,string,STRING,0,0,null,null,null,null,null,null,null,NO,null,null,null,null,null,null,NO,null,NO,NO,null,YES,null,The current status of the hazard mitigation plan
openfema,data_products,hazard_mitigation_plan_statuses,jurisdictionStatus,12,null,YES,string,STRING,0,0,null,null,null,null,null,null,null,NO,null,null,null,null,null,null,NO,null,NO,NO,null,YES,null,The status of the jurisdiction in relation to the hazard mitigation plan
openfema,data_products,hazard_mitigation_plan_statuses,adoptionDate,13,null,YES,string,STRING,0,0,null,null,null,null,null,null,null,NO,null,null,null,null,null,null,NO,null,NO,NO,null,YES,null,The date when the plan was adopted by the jurisdiction
openfema,data_products,hazard_mitigation_plan_statuses,jurisdictionApprovalDate,14,null,YES,string,STRING,0,0,null,null,null,null,null,null,null,NO,null,null,null,null,null,null,NO,null,NO,NO,null,YES,null,The date when the jurisdiction approved the hazard mitigation plan
openfema,data_products,hazard_mitigation_plan_statuses,planId,15,null,YES,bigint,LONG,null,null,null,null,null,null,null,null,null,NO,null,null,null,null,null,null,NO,null,NO,NO,null,YES,null,The unique identifier for the hazard mitigation plan
openfema,data_products,hazard_mitigation_plan_statuses,population,16,null,YES,double,DOUBLE,null,null,null,2,null,null,null,null,null,NO,null,null,null,null,null,null,NO,null,NO,NO,null,YES,null,The population covered by the hazard mitigation plan
openfema,data_products,hazard_mitigation_plan_statuses,mppGeoid,17,null,YES,string,STRING,0,0,null,null,null,null,null,null,null,NO,null,null,null,null,null,null,NO,null,NO,NO,null,YES,null,The unique identifier for communities and jurisdictions
openfema,data_products,hazard_mitigation_plan_statuses,censusSource,18,null,YES,string,STRING,0,0,null,null,null,null,null,null,null,NO,null,null,null,null,null,null,NO,null,NO,NO,null,YES,null,"The source of population data (e.g., U.S. Census Bureau)"
openfema,data_products,hazard_mitigation_plan_statuses,communityIdNumber,19,null,YES,string,STRING,0,0,null,null,null,null,null,null,null,NO,null,null,null,null,null,null,NO,null,NO,NO,null,YES,null,The unique identifier for the community
openfema,data_products,hazard_mitigation_plan_statuses,popCoverage,20,null,YES,double,DOUBLE,null,null,null,2,null,null,null,null,null,NO,null,null,null,null,null,null,NO,null,NO,NO,null,YES,null,The population coverage by the hazard mitigation plan
openfema,data_products,hazard_mitigation_plan_statuses,id,21,null,YES,string,STRING,0,0,null,null,null,null,null,null,null,NO,null,null,null,null,null,null,NO,null,NO,NO,null,YES,null,The unique identifier for the hazard mitigation plan
openfema,data_products,hazard_mitigation_plan_statuses,femadexLastRefresh,22,null,YES,timestamp,TIMESTAMP,null,null,null,null,null,3,null,null,null,NO,null,null,null,null,null,null,NO,null,NO,NO,null,YES,null,The date of the last refresh in the FEMADEX system
openfema,data_products,hma_subapplications,subapplicationIdentifier,0,null,YES,string,STRING,0,0,null,null,null,null,null,null,null,NO,null,null,null,null,null,null,NO,null,NO,NO,null,YES,null,Unique identifier for each subapplication
openfema,data_products,hma_subapplications,program,1,null,YES,string,STRING,0,0,null,null,null,null,null,null,null,NO,null,null,null,null,null,null,NO,null,NO,NO,null,YES,null,Type of Hazard Mitigation Assistance program
openfema,data_products,hma_subapplications,fiscalYear,2,null,YES,bigint,LONG,null,null,null,null,null,null,null,null,null,NO,null,null,null,null,null,null,NO,null,NO,NO,null,YES,null,Fiscal year in which the application was submitted
openfema,data_products,hma_subapplications,region,3,null,YES,bigint,LONG,null,null,null,null,null,null,null,null,null,NO,null,null,null,null,null,null,NO,null,NO,NO,null,YES,null,Region where the subapplication is located
openfema,data_products,hma_subapplications,applicantUei,4,null,YES,string,STRING,0,0,null,null,null,null,null,null,null,NO,null,null,null,null,null,null,NO,null,NO,NO,null,YES,null,Unique identifier for the applicant
openfema,data_products,hma_subapplications,applicantName,5,null,YES,string,STRING,0,0,null,null,null,null,null,null,null,NO,null,null,null,null,null,null,NO,null,NO,NO,null,YES,null,Name of the applicant
openfema,data_products,hma_subapplications,subapplicantUei,6,null,YES,string,STRING,0,0,null,null,null,null,null,null,null,NO,null,null,null,null,null,null,NO,null,NO,NO,null,YES,null,Unique identifier for the subapplicant
openfema,data_products,hma_subapplications,subapplicantName,7,null,YES,string,STRING,0,0,null,null,null,null,null,null,null,NO,null,null,null,null,null,null,NO,null,NO,NO,null,YES,null,Name of the subapplicant
openfema,data_products,hma_subapplications,subapplicantCity,8,null,YES,string,STRING,0,0,null,null,null,null,null,null,null,NO,null,null,null,null,null,null,NO,null,NO,NO,null,YES,null,City where the subapplicant is located
openfema,data_products,hma_subapplications,subapplicantState,9,null,YES,string,STRING,0,0,null,null,null,null,null,null,null,NO,null,null,null,null,null,null,NO,null,NO,NO,null,YES,null,State where the subapplicant is located
openfema,data_products,hma_subapplications,subapplicantStateAbbreviation,10,null,YES,string,STRING,0,0,null,null,null,null,null,null,null,NO,null,null,null,null,null,null,NO,null,NO,NO,null,YES,null,Abbreviation of the state where the subapplicant is located
openfema,data_products,hma_subapplications,subapplicantZipCode,11,null,YES,string,STRING,0,0,null,null,null,null,null,null,null,NO,null,null,null,null,null,null,NO,null,NO,NO,null,YES,null,Zip code of the subapplicant's location
openfema,data_products,hma_subapplications,subapplicantZip4,12,null,YES,string,STRING,0,0,null,null,null,null,null,null,null,NO,null,null,null,null,null,null,NO,null,NO,NO,null,YES,null,Additional zip code information for the subapplicant
openfema,data_products,hma_subapplications,subjectEO12372,13,null,YES,string,STRING,0,0,null,null,null,null,null,null,null,NO,null,null,null,null,null,null,NO,null,NO,NO,null,YES,null,Indication if subject to EO12372 review
openfema,data_products,hma_subapplications,eo12372ReviewDate,14,null,YES,string,STRING,0,0,null,null,null,null,null,null,null,NO,null,null,null,null,null,null,NO,null,NO,NO,null,YES,null,Date of EO12372 review
openfema,data_products,hma_subapplications,subapplicantFederalDebt,15,null,YES,boolean,BOOLEAN,null,null,null,null,null,null,null,null,null,NO,null,null,null,null,null,null,NO,null,NO,NO,null,YES,null,Indicator if subapplicant has federal debt
openfema,data_products,hma_subapplications,dateInitiatedInSystem,16,null,YES,string,STRING,0,0,null,null,null,null,null,null,null,NO,null,null,null,null,null,null,NO,null,NO,NO,null,YES,null,Date when the subapplication was initiated in the system
openfema,data_products,hma_subapplications,dateSubmittedToApplicant,17,null,YES,string,STRING,0,0,null,null,null,null,null,null,null,NO,null,null,null,null,null,null,NO,null,NO,NO,null,YES,null,Date when the subapplication was submitted to the applicant
openfema,data_products,hma_subapplications,dateSubmittedToFema,18,null,YES,string,STRING,0,0,null,null,null,null,null,null,null,NO,null,null,null,null,null,null,NO,null,NO,NO,null,YES,null,Date when the subapplication was submitted to FEMA
openfema,data_products,hma_subapplications,subapplicationTitle,19,null,YES,string,STRING,0,0,null,null,null,null,null,null,null,NO,null,null,null,null,null,null,NO,null,NO,NO,null,YES,null,Title of the subapplication
openfema,data_products,hma_subapplications,proposedProjectStartDate,20,null,YES,string,STRING,0,0,null,null,null,null,null,null,null,NO,null,null,null,null,null,null,NO,null,NO,NO,null,YES,null,Proposed start date for the project
openfema,data_products,hma_subapplications,proposedProjectEndDate,21,null,YES,string,STRING,0,0,null,null,null,null,null,null,null,NO,null,null,null,null,null,null,NO,null,NO,NO,null,YES,null,Proposed end date for the project
openfema,data_products,hma_subapplications,estimatedTotalDuration,22,null,YES,bigint,LONG,null,null,null,null,null,null,null,null,null,NO,null,null,null,null,null,null,NO,null,NO,NO,null,YES,null,Estimated total duration of the project
openfema,data_products,hma_subapplications,fundingCategory,23,null,YES,string,STRING,0,0,null,null,null,null,null,null,null,NO,null,null,null,null,null,null,NO,null,NO,NO,null,YES,null,Category of funding for the project
openfema,data_products,hma_subapplications,subapplicantType,24,null,YES,string,STRING,0,0,null,null,null,null,null,null,null,NO,null,null,null,null,null,null,NO,null,NO,NO,null,YES,null,Type of the subapplicant
openfema,data_products,hma_subapplications,status,25,null,YES,string,STRING,0,0,null,null,null,null,null,null,null,NO,null,null,null,null,null,null,NO,null,NO,NO,null,YES,null,Current status of the subapplication
openfema,data_products,hma_subapplications,subapplicationType,26,null,YES,string,STRING,0,0,null,null,null,null,null,null,null,NO,null,null,null,null,null,null,NO,null,NO,NO,null,YES,null,Type of the subapplication
openfema,data_products,hma_subapplications,benefitingCounties,27,null,YES,string,STRING,0,0,null,null,null,null,null,null,null,NO,null,null,null,null,null,null,NO,null,NO,NO,null,YES,null,Counties benefiting from the project
openfema,data_products,hma_subapplications,primaryActivity,28,null,YES,string,STRING,0,0,null,null,null,null,null,null,null,NO,null,null,null,null,null,null,NO,null,NO,NO,null,YES,null,Primary activity of the project
openfema,data_products,hma_subapplications,primarySubactivity,29,null,YES,string,STRING,0,0,null,null,null,null,null,null,null,NO,null,null,null,null,null,null,NO,null,NO,NO,null,YES,null,Primary subactivity of the project
openfema,data_products,hma_subapplications,secondaryActivity,30,null,YES,string,STRING,0,0,null,null,null,null,null,null,null,NO,null,null,null,null,null,null,NO,null,NO,NO,null,YES,null,Secondary activity of the project
openfema,data_products,hma_subapplications,secondarySubactivity,31,null,YES,string,STRING,0,0,null,null,null,null,null,null,null,NO,null,null,null,null,null,null,NO,null,NO,NO,null,YES,null,Secondary subactivity of the project
openfema,data_products,hma_subapplications,tertiaryActivity,32,null,YES,string,STRING,0,0,null,null,null,null,null,null,null,NO,null,null,null,null,null,null,NO,null,NO,NO,null,YES,null,Tertiary activity of the project
openfema,data_products,hma_subapplications,tertiarySubactivity,33,null,YES,string,STRING,0,0,null,null,null,null,null,null,null,NO,null,null,null,null,null,null,NO,null,NO,NO,null,YES,null,Tertiary subactivity of the project
openfema,data_products,hma_subapplications,primaryCommunityLifeline,34,null,YES,string,STRING,0,0,null,null,null,null,null,null,null,NO,null,null,null,null,null,null,NO,null,NO,NO,null,YES,null,Primary community lifeline supported by the project
openfema,data_products,hma_subapplications,primaryCommunityLifelineComponent,35,null,YES,string,STRING,0,0,null,null,null,null,null,null,null,NO,null,null,null,null,null,null,NO,null,NO,NO,null,YES,null,Primary component of the supported community lifeline
openfema,data_products,hma_subapplications,secondaryCommunityLifeline,36,null,YES,string,STRING,0,0,null,null,null,null,null,null,null,NO,null,null,null,null,null,null,NO,null,NO,NO,null,YES,null,Secondary community lifeline supported by the project
openfema,data_products,hma_subapplications,secondaryCommunityLifelineComponent,37,null,YES,string,STRING,0,0,null,null,null,null,null,null,null,NO,null,null,null,null,null,null,NO,null,NO,NO,null,YES,null,Secondary component of the supported community lifeline
openfema,data_products,hma_subapplications,tertiaryCommunityLifeline,38,null,YES,string,STRING,0,0,null,null,null,null,null,null,null,NO,null,null,null,null,null,null,NO,null,NO,NO,null,YES,null,Tertiary community lifeline supported by the project
openfema,data_products,hma_subapplications,tertiaryCommunityLifelineComponent,39,null,YES,string,STRING,0,0,null,null,null,null,null,null,null,NO,null,null,null,null,null,null,NO,null,NO,NO,null,YES,null,Tertiary component of the supported community lifeline
openfema,data_products,hma_subapplications,primaryHazard,40,null,YES,string,STRING,0,0,null,null,null,null,null,null,null,NO,null,null,null,null,null,null,NO,null,NO,NO,null,YES,null,Primary hazard identified in the subapplication
openfema,data_products,hma_subapplications,secondaryHazard,41,null,YES,string,STRING,0,0,null,null,null,null,null,null,null,NO,null,null,null,null,null,null,NO,null,NO,NO,null,YES,null,Secondary hazard identified in the subapplication
openfema,data_products,hma_subapplications,tertiaryHazard,42,null,YES,string,STRING,0,0,null,null,null,null,null,null,null,NO,null,null,null,null,null,null,NO,null,NO,NO,null,YES,null,Tertiary hazard identified in the subapplication
openfema,data_products,hma_subapplications,natureBasedSolution,43,null,YES,string,STRING,0,0,null,null,null,null,null,null,null,NO,null,null,null,null,null,null,NO,null,NO,NO,null,YES,null,Indication if a nature-based solution is proposed
openfema,data_products,hma_subapplications,smallImpoverished,44,null,YES,boolean,BOOLEAN,null,null,null,null,null,null,null,null,null,NO,null,null,null,null,null,null,NO,null,NO,NO,null,YES,null,Indicator if the project benefits a small or impoverished community
openfema,data_products,hma_subapplications,populationAffected,45,null,YES,double,DOUBLE,null,null,null,2,null,null,null,null,null,NO,null,null,null,null,null,null,NO,null,NO,NO,null,YES,null,Number of population affected by the project
openfema,data_products,hma_subapplications,phasedProject,46,null,YES,boolean,BOOLEAN,null,null,null,null,null,null,null,null,null,NO,null,null,null,null,null,null,NO,null,NO,NO,null,YES,null,Indicator if the project is implemented in phases
openfema,data_products,hma_subapplications,construction,47,null,YES,boolean,BOOLEAN,null,null,null,null,null,null,null,null,null,NO,null,null,null,null,null,null,NO,null,NO,NO,null,YES,null,Indicator if construction is involved in the project
openfema,data_products,hma_subapplications,priorSubapplication,48,null,YES,boolean,BOOLEAN,null,null,null,null,null,null,null,null,null,NO,null,null,null,null,null,null,NO,null,NO,NO,null,YES,null,Indicator if this is a prior subapplication for the same project
openfema,data_products,hma_subapplications,communityRatingSystem,49,null,YES,boolean,BOOLEAN,null,null,null,null,null,null,null,null,null,NO,null,null,null,null,null,null,NO,null,NO,NO,null,YES,null,Involvement in the Community Rating System for floodplain management
openfema,data_products,hma_subapplications,crsRating,50,null,YES,double,DOUBLE,null,null,null,2,null,null,null,null,null,NO,null,null,null,null,null,null,NO,null,NO,NO,null,YES,null,Community Rating System rating for floodplain management
openfema,data_products,hma_subapplications,cooperatingTechnicalPartner,51,null,YES,boolean,BOOLEAN,null,null,null,null,null,null,null,null,null,NO,null,null,null,null,null,null,NO,null,NO,NO,null,YES,null,Indication of a cooperating technical partner in the project
openfema,data_products,hma_subapplications,adoptedIcc,52,null,YES,boolean,BOOLEAN,null,null,null,null,null,null,null,null,null,NO,null,null,null,null,null,null,NO,null,NO,NO,null,YES,null,Indicator if the International Code Council (ICC) codes are adopted
openfema,data_products,hma_subapplications,yearBuildingCode,53,null,YES,double,DOUBLE,null,null,null,2,null,null,null,null,null,NO,null,null,null,null,null,null,NO,null,NO,NO,null,YES,null,Year of the building code used for the project
openfema,data_products,hma_subapplications,buildingCodesOnBcegs,54,null,YES,boolean,BOOLEAN,null,null,null,null,null,null,null,null,null,NO,null,null,null,null,null,null,NO,null,NO,NO,null,YES,null,Building codes on the Building Code Effectiveness Grading Schedule (BCEGS)
openfema,data_products,hma_subapplications,bcegsRating,55,null,YES,double,DOUBLE,null,null,null,2,null,null,null,null,null,NO,null,null,null,null,null,null,NO,null,NO,NO,null,YES,null,BCEGS rating for the building codes used
openfema,data_products,hma_subapplications,mitigationPlanCovered,56,null,YES,boolean,BOOLEAN,null,null,null,null,null,null,null,null,null,NO,null,null,null,null,null,null,NO,null,NO,NO,null,YES,null,Indicator if the mitigation plan covers the project
openfema,data_products,hma_subapplications,mitigationPlanType,57,null,YES,string,STRING,0,0,null,null,null,null,null,null,null,NO,null,null,null,null,null,null,NO,null,NO,NO,null,YES,null,Type of mitigation plan for the project
openfema,data_products,hma_subapplications,mitigationPlanSubtype,58,null,YES,string,STRING,0,0,null,null,null,null,null,null,null,NO,null,null,null,null,null,null,NO,null,NO,NO,null,YES,null,Subtype of mitigation plan for the project
openfema,data_products,hma_subapplications,dateMitigationPlanApproved,59,null,YES,string,STRING,0,0,null,null,null,null,null,null,null,NO,null,null,null,null,null,null,NO,null,NO,NO,null,YES,null,Date when the mitigation plan was approved
openfema,data_products,hma_subapplications,costEffectivenessMethod,60,null,YES,string,STRING,0,0,null,null,null,null,null,null,null,NO,null,null,null,null,null,null,NO,null,NO,NO,null,YES,null,Method used to assess cost-effectiveness of the project
openfema,data_products,hma_subapplications,preCalculatedBenefit,61,null,YES,string,STRING,0,0,null,null,null,null,null,null,null,NO,null,null,null,null,null,null,NO,null,NO,NO,null,YES,null,Indication if benefit was pre-calculated before project implementation
openfema,data_products,hma_subapplications,environmentalBenefit,62,null,YES,boolean,BOOLEAN,null,null,null,null,null,null,null,null,null,NO,null,null,null,null,null,null,NO,null,NO,NO,null,YES,null,Assessment of the environmental benefits of the project
openfema,data_products,hma_subapplications,seaLevelRise,63,null,YES,boolean,BOOLEAN,null,null,null,null,null,null,null,null,null,NO,null,null,null,null,null,null,NO,null,NO,NO,null,YES,null,Consideration of sea level rise impact in the project
openfema,data_products,hma_subapplications,socialBenefit,64,null,YES,boolean,BOOLEAN,null,null,null,null,null,null,null,null,null,NO,null,null,null,null,null,null,NO,null,NO,NO,null,YES,null,Evaluation of the social benefits derived from the project
openfema,data_products,hma_subapplications,mitigatingProjectSiteInventory,65,null,YES,boolean,BOOLEAN,null,null,null,null,null,null,null,null,null,NO,null,null,null,null,null,null,NO,null,NO,NO,null,YES,null,Inventory of sites where mitigation projects are implemented
openfema,data_products,hma_subapplications,projectSiteInventoryLocationKnown,66,null,YES,boolean,BOOLEAN,null,null,null,null,null,null,null,null,null,NO,null,null,null,null,null,null,NO,null,NO,NO,null,YES,null,Indication if the location of project sites is known
openfema,data_products,hma_subapplications,numberBuildingLocations,67,null,YES,double,DOUBLE,null,null,null,2,null,null,null,null,null,NO,null,null,null,null,null,null,NO,null,NO,NO,null,YES,null,Total number of building locations involved in the project
openfema,data_products,hma_subapplications,numberInfrastructureLocations,68,null,YES,double,DOUBLE,null,null,null,2,null,null,null,null,null,NO,null,null,null,null,null,null,NO,null,NO,NO,null,YES,null,Total number of infrastructure locations involved in the project
openfema,data_products,hma_subapplications,numberVacantLandLocations,69,null,YES,double,DOUBLE,null,null,null,2,null,null,null,null,null,NO,null,null,null,null,null,null,NO,null,NO,NO,null,YES,null,Total number of vacant land locations involved in the project
openfema,data_products,hma_subapplications,federalShareAmount,70,null,YES,double,DOUBLE,null,null,null,2,null,null,null,null,null,NO,null,null,null,null,null,null,NO,null,NO,NO,null,YES,null,Amount of funding provided by the federal government
openfema,data_products,hma_subapplications,nonFederalShareAmount,71,null,YES,double,DOUBLE,null,null,null,2,null,null,null,null,null,NO,null,null,null,null,null,null,NO,null,NO,NO,null,YES,null,Amount of funding provided by non-federal sources
openfema,data_products,hma_subapplications,mgmtFederalShareAmount,72,null,YES,double,DOUBLE,null,null,null,2,null,null,null,null,null,NO,null,null,null,null,null,null,NO,null,NO,NO,null,YES,null,Federal share amount allocated for project management
openfema,data_products,hma_subapplications,mgmtNonFederalShareAmount,73,null,YES,double,DOUBLE,null,null,null,2,null,null,null,null,null,NO,null,null,null,null,null,null,NO,null,NO,NO,null,YES,null,Non-federal share amount allocated for project management
openfema,data_products,hma_subapplications,totalSubapplicationAmount,74,null,YES,double,DOUBLE,null,null,null,2,null,null,null,null,null,NO,null,null,null,null,null,null,NO,null,NO,NO,null,YES,null,Total amount requested in the subapplication
openfema,data_products,hma_subapplications,totalObligatedAmount,75,null,YES,double,DOUBLE,null,null,null,2,null,null,null,null,null,NO,null,null,null,null,null,null,NO,null,NO,NO,null,YES,null,Total amount obligated for the project
openfema,data_products,hma_subapplications,totalPaymentAmount,76,null,YES,double,DOUBLE,null,null,null,2,null,null,null,null,null,NO,null,null,null,null,null,null,NO,null,NO,NO,null,YES,null,Total amount paid for the project
openfema,data_products,hma_subapplications,federalSharePercentage,77,null,YES,double,DOUBLE,null,null,null,2,null,null,null,null,null,NO,null,null,null,null,null,null,NO,null,NO,NO,null,YES,null,Percentage of project funding provided by the federal government
openfema,data_products,hma_subapplications,nonFederalSharePercentage,78,null,YES,double,DOUBLE,null,null,null,2,null,null,null,null,null,NO,null,null,null,null,null,null,NO,null,NO,NO,null,YES,null,Percentage of project funding provided by non-federal sources
openfema,data_products,hma_subapplications,benefitCostRatio,79,null,YES,double,DOUBLE,null,null,null,2,null,null,null,null,null,NO,null,null,null,null,null,null,NO,null,NO,NO,null,YES,null,Ratio of project benefits to costs
openfema,data_products,hma_subapplications,bcaTotalBenefits,80,null,YES,double,DOUBLE,null,null,null,2,null,null,null,null,null,NO,null,null,null,null,null,null,NO,null,NO,NO,null,YES,null,Total benefits calculated in the Benefit-Cost Analysis
openfema,data_products,hma_subapplications,bcaTotalCosts,81,null,YES,double,DOUBLE,null,null,null,2,null,null,null,null,null,NO,null,null,null,null,null,null,NO,null,NO,NO,null,YES,null,Total costs calculated in the Benefit-Cost Analysis
openfema,data_products,hma_subapplications,disasterNumber,82,null,YES,string,STRING,0,0,null,null,null,null,null,null,null,NO,null,null,null,null,null,null,NO,null,NO,NO,null,YES,null,Unique identifier for the disaster event
openfema,data_products,hma_subapplications,selectionStatus,83,null,YES,string,STRING,0,0,null,null,null,null,null,null,null,NO,null,null,null,null,null,null,NO,null,NO,NO,null,YES,null,Status of selection process for funding
openfema,data_products,hma_subapplications,selectionFundingCategory,84,null,YES,string,STRING,0,0,null,null,null,null,null,null,null,NO,null,null,null,null,null,null,NO,null,NO,NO,null,YES,null,Category of funding selected
openfema,data_products,hma_subapplications,selectionProgramActivity,85,null,YES,string,STRING,0,0,null,null,null,null,null,null,null,NO,null,null,null,null,null,null,NO,null,NO,NO,null,YES,null,Activity within the selected program
openfema,data_products,hma_subapplications,selectionFederalShareAmount,86,null,YES,double,DOUBLE,null,null,null,2,null,null,null,null,null,NO,null,null,null,null,null,null,NO,null,NO,NO,null,YES,null,Amount of federal share in the selected funding
openfema,data_products,hma_subapplications,selectionFundCode,87,null,YES,string,STRING,0,0,null,null,null,null,null,null,null,NO,null,null,null,null,null,null,NO,null,NO,NO,null,YES,null,Code for the selected fund
openfema,data_products,hma_subapplications,id,88,null,YES,string,STRING,0,0,null,null,null,null,null,null,null,NO,null,null,null,null,null,null,NO,null,NO,NO,null,YES,null,Unique identifier for each record
openfema,data_products,hma_subapplications,femadexLastRefresh,89,null,YES,timestamp,TIMESTAMP,null,null,null,null,null,3,null,null,null,NO,null,null,null,null,null,null,NO,null,NO,NO,null,YES,null,Date of last refresh in FEMA's data exchange system
openfema,data_products,hma_subapplications_by_nfip_crs_communities,subapplicationIdentifier,0,null,YES,string,STRING,0,0,null,null,null,null,null,null,null,NO,null,null,null,null,null,null,NO,null,NO,NO,null,YES,null,Unique identifier for each subapplication
openfema,data_products,hma_subapplications_by_nfip_crs_communities,communityName,1,null,YES,string,STRING,0,0,null,null,null,null,null,null,null,NO,null,null,null,null,null,null,NO,null,NO,NO,null,YES,null,Name of the community participating in NFIP CRS
openfema,data_products,hma_subapplications_by_nfip_crs_communities,county,2,null,YES,string,STRING,0,0,null,null,null,null,null,null,null,NO,null,null,null,null,null,null,NO,null,NO,NO,null,YES,null,Name of the county where the community is located
openfema,data_products,hma_subapplications_by_nfip_crs_communities,stateAbbreviation,3,null,YES,string,STRING,0,0,null,null,null,null,null,null,null,NO,null,null,null,null,null,null,NO,null,NO,NO,null,YES,null,Abbreviation of the state where the community is located
openfema,data_products,hma_subapplications_by_nfip_crs_communities,communityNumber,4,null,YES,string,STRING,0,0,null,null,null,null,null,null,null,NO,null,null,null,null,null,null,NO,null,NO,NO,null,YES,null,Number assigned to the community within NFIP CRS
openfema,data_products,hma_subapplications_by_nfip_crs_communities,countyCode,5,null,YES,string,STRING,0,0,null,null,null,null,null,null,null,NO,null,null,null,null,null,null,NO,null,NO,NO,null,YES,null,Code assigned to the county where the community is located
openfema,data_products,hma_subapplications_by_nfip_crs_communities,stateNumberCode,6,null,YES,string,STRING,0,0,null,null,null,null,null,null,null,NO,null,null,null,null,null,null,NO,null,NO,NO,null,YES,null,Code assigned to the state where the community is located
openfema,data_products,hma_subapplications_by_nfip_crs_communities,isCrsCommunity,7,null,YES,boolean,BOOLEAN,null,null,null,null,null,null,null,null,null,NO,null,null,null,null,null,null,NO,null,NO,NO,null,YES,null,Indicator if the community is participating in CRS
openfema,data_products,hma_subapplications_by_nfip_crs_communities,crsRating,8,null,YES,string,STRING,0,0,null,null,null,null,null,null,null,NO,null,null,null,null,null,null,NO,null,NO,NO,null,YES,null,Rating assigned to the community by CRS
openfema,data_products,hma_subapplications_by_nfip_crs_communities,congressionalDistrict,9,null,YES,string,STRING,0,0,null,null,null,null,null,null,null,NO,null,null,null,null,null,null,NO,null,NO,NO,null,YES,null,District number of the congressional representative for the community
openfema,data_products,hma_subapplications_by_nfip_crs_communities,id,10,null,YES,string,STRING,0,0,null,null,null,null,null,null,null,NO,null,null,null,null,null,null,NO,null,NO,NO,null,YES,null,Unique identifier for each record in the table
openfema,data_products,hma_subapplications_by_nfip_crs_communities,femadexLastRefresh,11,null,YES,timestamp,TIMESTAMP,null,null,null,null,null,3,null,null,null,NO,null,null,null,null,null,null,NO,null,NO,NO,null,YES,null,Timestamp of the last refresh date for FEMA index
openfema,data_products,hma_subapplications_congressional_districts,subapplicationIdentifier,0,null,YES,string,STRING,0,0,null,null,null,null,null,null,null,NO,null,null,null,null,null,null,NO,null,NO,NO,null,YES,null,null
openfema,data_products,hma_subapplications_congressional_districts,stateNumberCode,1,null,YES,string,STRING,0,0,null,null,null,null,null,null,null,NO,null,null,null,null,null,null,NO,null,NO,NO,null,YES,null,null
openfema,data_products,hma_subapplications_congressional_districts,districtNumberCode,2,null,YES,string,STRING,0,0,null,null,null,null,null,null,null,NO,null,null,null,null,null,null,NO,null,NO,NO,null,YES,null,null
openfema,data_products,hma_subapplications_congressional_districts,districtName,3,null,YES,string,STRING,0,0,null,null,null,null,null,null,null,NO,null,null,null,null,null,null,NO,null,NO,NO,null,YES,null,null
openfema,data_products,hma_subapplications_congressional_districts,id,4,null,YES,bigint,LONG,null,null,null,null,null,null,null,null,null,NO,null,null,null,null,null,null,NO,null,NO,NO,null,YES,null,null
openfema,data_products,hma_subapplications_congressional_districts,femadexLastRefresh,5,null,YES,timestamp,TIMESTAMP,null,null,null,null,null,3,null,null,null,NO,null,null,null,null,null,null,NO,null,NO,NO,null,YES,null,null
openfema,data_products,hma_subapplications_financial_transactions,subapplicationIdentifier,0,null,YES,string,STRING,0,0,null,null,null,null,null,null,null,NO,null,null,null,null,null,null,NO,null,NO,NO,null,YES,null,Unique identifier for the subapplication
openfema,data_products,hma_subapplications_financial_transactions,transactionType,1,null,YES,string,STRING,0,0,null,null,null,null,null,null,null,NO,null,null,null,null,null,null,NO,null,NO,NO,null,YES,null,Type of financial transaction
openfema,data_products,hma_subapplications_financial_transactions,transactionDate,2,null,YES,string,STRING,0,0,null,null,null,null,null,null,null,NO,null,null,null,null,null,null,NO,null,NO,NO,null,YES,null,Date of the financial transaction
openfema,data_products,hma_subapplications_financial_transactions,commitmentIdentifier,3,null,YES,string,STRING,0,0,null,null,null,null,null,null,null,NO,null,null,null,null,null,null,NO,null,NO,NO,null,YES,null,Identifier for the commitment related to the transaction
openfema,data_products,hma_subapplications_financial_transactions,paymentNumber,4,null,YES,string,STRING,0,0,null,null,null,null,null,null,null,NO,null,null,null,null,null,null,NO,null,NO,NO,null,YES,null,Number assigned to the payment
openfema,data_products,hma_subapplications_financial_transactions,accsLine,5,null,YES,string,STRING,0,0,null,null,null,null,null,null,null,NO,null,null,null,null,null,null,NO,null,NO,NO,null,YES,null,ACCs line related to the transaction
openfema,data_products,hma_subapplications_financial_transactions,fundCode,6,null,YES,string,STRING,0,0,null,null,null,null,null,null,null,NO,null,null,null,null,null,null,NO,null,NO,NO,null,YES,null,Code representing the fund associated with the transaction
openfema,data_products,hma_subapplications_financial_transactions,amount,7,null,YES,string,STRING,0,0,null,null,null,null,null,null,null,NO,null,null,null,null,null,null,NO,null,NO,NO,null,YES,null,Amount of the financial transaction
openfema,data_products,hma_subapplications_financial_transactions,id,8,null,YES,string,STRING,0,0,null,null,null,null,null,null,null,NO,null,null,null,null,null,null,NO,null,NO,NO,null,YES,null,Unique identifier for each transaction
openfema,data_products,hma_subapplications_financial_transactions,femadexLastRefresh,9,null,YES,timestamp,TIMESTAMP,null,null,null,null,null,3,null,null,null,NO,null,null,null,null,null,null,NO,null,NO,NO,null,YES,null,Timestamp for the last data refresh
openfema,data_products,hma_subapplications_project_site_inventories,subapplicationId,0,null,YES,string,STRING,0,0,null,null,null,null,null,null,null,NO,null,null,null,null,null,null,NO,null,NO,NO,null,YES,null,Identifier for the subapplication within the Hazard Mitigation Assistance program
openfema,data_products,hma_subapplications_project_site_inventories,projectSiteInventoryId,1,null,YES,bigint,LONG,null,null,null,null,null,null,null,null,null,NO,null,null,null,null,null,null,NO,null,NO,NO,null,YES,null,Unique identifier for the project site inventory
openfema,data_products,hma_subapplications_project_site_inventories,projectSiteInventoryType,2,null,YES,string,STRING,0,0,null,null,null,null,null,null,null,NO,null,null,null,null,null,null,NO,null,NO,NO,null,YES,null,Type of project site inventory
openfema,data_products,hma_subapplications_project_site_inventories,primaryActivity,3,null,YES,string,STRING,0,0,null,null,null,null,null,null,null,NO,null,null,null,null,null,null,NO,null,NO,NO,null,YES,null,Primary activity associated with the project site inventory
openfema,data_products,hma_subapplications_project_site_inventories,secondaryActivity,4,null,YES,string,STRING,0,0,null,null,null,null,null,null,null,NO,null,null,null,null,null,null,NO,null,NO,NO,null,YES,null,Secondary activity associated with the project site inventory
openfema,data_products,hma_subapplications_project_site_inventories,primaryHazard,5,null,YES,string,STRING,0,0,null,null,null,null,null,null,null,NO,null,null,null,null,null,null,NO,null,NO,NO,null,YES,null,Primary hazard related to the project site inventory
openfema,data_products,hma_subapplications_project_site_inventories,secondaryHazard,6,null,YES,string,STRING,0,0,null,null,null,null,null,null,null,NO,null,null,null,null,null,null,NO,null,NO,NO,null,YES,null,Secondary hazard related to the project site inventory
openfema,data_products,hma_subapplications_project_site_inventories,city,7,null,YES,string,STRING,0,0,null,null,null,null,null,null,null,NO,null,null,null,null,null,null,NO,null,NO,NO,null,YES,null,City where the project site inventory is located
openfema,data_products,hma_subapplications_project_site_inventories,countyCode,8,null,YES,string,STRING,0,0,null,null,null,null,null,null,null,NO,null,null,null,null,null,null,NO,null,NO,NO,null,YES,null,Code representing the county where the project site inventory is located
openfema,data_products,hma_subapplications_project_site_inventories,county,9,null,YES,string,STRING,0,0,null,null,null,null,null,null,null,NO,null,null,null,null,null,null,NO,null,NO,NO,null,YES,null,Name of the county where the project site inventory is located
openfema,data_products,hma_subapplications_project_site_inventories,stateCode,10,null,YES,string,STRING,0,0,null,null,null,null,null,null,null,NO,null,null,null,null,null,null,NO,null,NO,NO,null,YES,null,Code representing the state where the project site inventory is located
openfema,data_products,hma_subapplications_project_site_inventories,stateAbbreviation,11,null,YES,string,STRING,0,0,null,null,null,null,null,null,null,NO,null,null,null,null,null,null,NO,null,NO,NO,null,YES,null,Abbreviation of the state where the project site inventory is located
openfema,data_products,hma_subapplications_project_site_inventories,zipcode,12,null,YES,string,STRING,0,0,null,null,null,null,null,null,null,NO,null,null,null,null,null,null,NO,null,NO,NO,null,YES,null,Zip code of the location of the project site inventory
openfema,data_products,hma_subapplications_project_site_inventories,structureType,13,null,YES,string,STRING,0,0,null,null,null,null,null,null,null,NO,null,null,null,null,null,null,NO,null,NO,NO,null,YES,null,Type of structure at the project site inventory
openfema,data_products,hma_subapplications_project_site_inventories,structurePrimarySubtype,14,null,YES,string,STRING,0,0,null,null,null,null,null,null,null,NO,null,null,null,null,null,null,NO,null,NO,NO,null,YES,null,Primary subtype of the structure at the project site inventory
openfema,data_products,hma_subapplications_project_site_inventories,structureSecondarySubtype,15,null,YES,string,STRING,0,0,null,null,null,null,null,null,null,NO,null,null,null,null,null,null,NO,null,NO,NO,null,YES,null,Secondary subtype of the structure at the project site inventory
openfema,data_products,hma_subapplications_project_site_inventories,foundationType,16,null,YES,string,STRING,0,0,null,null,null,null,null,null,null,NO,null,null,null,null,null,null,NO,null,NO,NO,null,YES,null,Type of foundation for the structure at the project site inventory
openfema,data_products,hma_subapplications_project_site_inventories,buildingSize,17,null,YES,double,DOUBLE,null,null,null,2,null,null,null,null,null,NO,null,null,null,null,null,null,NO,null,NO,NO,null,YES,null,Size of the building at the project site inventory
openfema,data_products,hma_subapplications_project_site_inventories,lotSize,18,null,YES,double,DOUBLE,null,null,null,2,null,null,null,null,null,NO,null,null,null,null,null,null,NO,null,NO,NO,null,YES,null,Size of the lot where the project site inventory is located
openfema,data_products,hma_subapplications_project_site_inventories,yearBuilt,19,null,YES,double,DOUBLE,null,null,null,2,null,null,null,null,null,NO,null,null,null,null,null,null,NO,null,NO,NO,null,YES,null,Year when the structure at the project site inventory was built
openfema,data_products,hma_subapplications_project_site_inventories,firstFloorElevation,20,null,YES,double,DOUBLE,null,null,null,2,null,null,null,null,null,NO,null,null,null,null,null,null,NO,null,NO,NO,null,YES,null,Elevation of the first floor of the structure at the project site inventory
openfema,data_products,hma_subapplications_project_site_inventories,feetAboveBaseFloodElevation,21,null,YES,double,DOUBLE,null,null,null,2,null,null,null,null,null,NO,null,null,null,null,null,null,NO,null,NO,NO,null,YES,null,Height above the base flood elevation for the project site inventory
openfema,data_products,hma_subapplications_project_site_inventories,baseFloodElevation,22,null,YES,double,DOUBLE,null,null,null,2,null,null,null,null,null,NO,null,null,null,null,null,null,NO,null,NO,NO,null,YES,null,Elevation of the base flood for the project site inventory
openfema,data_products,hma_subapplications_project_site_inventories,floodZone,23,null,YES,string,STRING,0,0,null,null,null,null,null,null,null,NO,null,null,null,null,null,null,NO,null,NO,NO,null,YES,null,Zone classification for flood risk of the project site inventory
openfema,data_products,hma_subapplications_project_site_inventories,estimatedPurchasePrice,24,null,YES,bigint,LONG,null,null,null,null,null,null,null,null,null,NO,null,null,null,null,null,null,NO,null,NO,NO,null,YES,null,Approximate purchase price of the property at the project site inventory
openfema,data_products,hma_subapplications_project_site_inventories,proposedLandUse,25,null,YES,string,STRING,0,0,null,null,null,null,null,null,null,NO,null,null,null,null,null,null,NO,null,NO,NO,null,YES,null,Intended land use for the property at the project site inventory
openfema,data_products,hma_subapplications_project_site_inventories,currentlyRented,26,null,YES,boolean,BOOLEAN,null,null,null,null,null,null,null,null,null,NO,null,null,null,null,null,null,NO,null,NO,NO,null,YES,null,Indication if the property at the project site inventory is currently rented
openfema,data_products,hma_subapplications_project_site_inventories,criticalFacility,27,null,YES,boolean,BOOLEAN,null,null,null,null,null,null,null,null,null,NO,null,null,null,null,null,null,NO,null,NO,NO,null,YES,null,Identification if the structure at the project site inventory is a critical facility
openfema,data_products,hma_subapplications_project_site_inventories,alternateStructure,28,null,YES,boolean,BOOLEAN,null,null,null,null,null,null,null,null,null,NO,null,null,null,null,null,null,NO,null,NO,NO,null,YES,null,Presence of an alternative structure at the project site inventory
openfema,data_products,hma_subapplications_project_site_inventories,substantiallyDamaged,29,null,YES,boolean,BOOLEAN,null,null,null,null,null,null,null,null,null,NO,null,null,null,null,null,null,NO,null,NO,NO,null,YES,null,Determination if the structure at the project site inventory is substantially damaged
openfema,data_products,hma_subapplications_project_site_inventories,publiclyOwned,30,null,YES,boolean,BOOLEAN,null,null,null,null,null,null,null,null,null,NO,null,null,null,null,null,null,NO,null,NO,NO,null,YES,null,Indication if the property at the project site inventory is publicly owned
openfema,data_products,hma_subapplications_project_site_inventories,insured,31,null,YES,boolean,BOOLEAN,null,null,null,null,null,null,null,null,null,NO,null,null,null,null,null,null,NO,null,NO,NO,null,YES,null,Indication if the property at the project site inventory is insured
openfema,data_products,hma_subapplications_project_site_inventories,insuranceType,32,null,YES,string,STRING,0,0,null,null,null,null,null,null,null,NO,null,null,null,null,null,null,NO,null,NO,NO,null,YES,null,Type of insurance coverage for the property at the project site inventory
openfema,data_products,hma_subapplications_project_site_inventories,repetitiveLossStructure,33,null,YES,boolean,BOOLEAN,null,null,null,null,null,null,null,null,null,NO,null,null,null,null,null,null,NO,null,NO,NO,null,YES,null,Identification if the structure at the project site inventory is a repetitive loss structure
openfema,data_products,hma_subapplications_project_site_inventories,severeRepetitiveLossStructure,34,null,YES,boolean,BOOLEAN,null,null,null,null,null,null,null,null,null,NO,null,null,null,null,null,null,NO,null,NO,NO,null,YES,null,Identification if the structure at the project site inventory is a severe repetitive loss structure
openfema,data_products,hma_subapplications_project_site_inventories,costEffectivenessMethod,35,null,YES,string,STRING,0,0,null,null,null,null,null,null,null,NO,null,null,null,null,null,null,NO,null,NO,NO,null,YES,null,Method used to determine cost-effectiveness for mitigation measures
openfema,data_products,hma_subapplications_project_site_inventories,preCalculatedBenefit,36,null,YES,string,STRING,0,0,null,null,null,null,null,null,null,NO,null,null,null,null,null,null,NO,null,NO,NO,null,YES,null,Benefit value calculated prior to mitigation actions for the project site inventory
openfema,data_products,hma_subapplications_project_site_inventories,benefitCostRatio,37,null,YES,double,DOUBLE,null,null,null,2,null,null,null,null,null,NO,null,null,null,null,null,null,NO,null,NO,NO,null,YES,null,Ratio of benefits to costs for mitigation measures at the project site inventory
openfema,data_products,hma_subapplications_project_site_inventories,ownerType,38,null,YES,string,STRING,0,0,null,null,null,null,null,null,null,NO,null,null,null,null,null,null,NO,null,NO,NO,null,YES,null,Type of ownership for the property at the project site inventory
openfema,data_products,hma_subapplications_project_site_inventories,coownerType,39,null,YES,string,STRING,0,0,null,null,null,null,null,null,null,NO,null,null,null,null,null,null,NO,null,NO,NO,null,YES,null,Type of co-ownership for the property at the project site inventory
openfema,data_products,hma_subapplications_project_site_inventories,id,40,null,YES,string,STRING,0,0,null,null,null,null,null,null,null,NO,null,null,null,null,null,null,NO,null,NO,NO,null,YES,null,Unique identifier for each record in the table
openfema,data_products,hma_subapplications_project_site_inventories,femadexLastRefresh,41,null,YES,timestamp,TIMESTAMP,null,null,null,null,null,3,null,null,null,NO,null,null,null,null,null,null,NO,null,NO,NO,null,YES,null,Date when the data was last refreshed in the FEMADEX system
openfema,data_products,housing_assistance_owners,disasterNumber,0,null,YES,bigint,LONG,null,null,null,null,null,null,null,null,null,NO,null,null,null,null,null,null,NO,null,NO,NO,null,YES,null,Identifier for the disaster event
openfema,data_products,housing_assistance_owners,state,1,null,YES,string,STRING,0,0,null,null,null,null,null,null,null,NO,null,null,null,null,null,null,NO,null,NO,NO,null,YES,null,State where the housing assistance is provided
openfema,data_products,housing_assistance_owners,county,2,null,YES,string,STRING,0,0,null,null,null,null,null,null,null,NO,null,null,null,null,null,null,NO,null,NO,NO,null,YES,null,County where the housing assistance is provided
openfema,data_products,housing_assistance_owners,city,3,null,YES,string,STRING,0,0,null,null,null,null,null,null,null,NO,null,null,null,null,null,null,NO,null,NO,NO,null,YES,null,City where the housing assistance is provided
openfema,data_products,housing_assistance_owners,zipCode,4,null,YES,string,STRING,0,0,null,null,null,null,null,null,null,NO,null,null,null,null,null,null,NO,null,NO,NO,null,YES,null,Zip code of the area where housing assistance is provided
openfema,data_products,housing_assistance_owners,validRegistrations,5,null,YES,bigint,LONG,null,null,null,null,null,null,null,null,null,NO,null,null,null,null,null,null,NO,null,NO,NO,null,YES,null,Number of valid registrations for housing assistance
openfema,data_products,housing_assistance_owners,averageFemaInspectedDamage,6,null,YES,double,DOUBLE,null,null,null,2,null,null,null,null,null,NO,null,null,null,null,null,null,NO,null,NO,NO,null,YES,null,Average FEMA-inspected damage amount
openfema,data_products,housing_assistance_owners,totalInspected,7,null,YES,bigint,LONG,null,null,null,null,null,null,null,null,null,NO,null,null,null,null,null,null,NO,null,NO,NO,null,YES,null,Total number of properties inspected for damage
openfema,data_products,housing_assistance_owners,totalDamage,8,null,YES,double,DOUBLE,null,null,null,2,null,null,null,null,null,NO,null,null,null,null,null,null,NO,null,NO,NO,null,YES,null,Total amount of damage inspected
openfema,data_products,housing_assistance_owners,noFemaInspectedDamage,9,null,YES,bigint,LONG,null,null,null,null,null,null,null,null,null,NO,null,null,null,null,null,null,NO,null,NO,NO,null,YES,null,Number of properties with no FEMA-inspected damage
openfema,data_products,housing_assistance_owners,femaInspectedDamageBetween1And10000,10,null,YES,bigint,LONG,null,null,null,null,null,null,null,null,null,NO,null,null,null,null,null,null,NO,null,NO,NO,null,YES,null,"Number of properties with FEMA-inspected damage between $1 and $10,000"
openfema,data_products,housing_assistance_owners,femaInspectedDamageBetween10001And20000,11,null,YES,bigint,LONG,null,null,null,null,null,null,null,null,null,NO,null,null,null,null,null,null,NO,null,NO,NO,null,YES,null,"Number of properties with FEMA-inspected damage between $10,001 and $20,000"
openfema,data_products,housing_assistance_owners,femaInspectedDamageBetween20001And30000,12,null,YES,bigint,LONG,null,null,null,null,null,null,null,null,null,NO,null,null,null,null,null,null,NO,null,NO,NO,null,YES,null,"Number of properties with FEMA-inspected damage between $20,001 and $30,000"
openfema,data_products,housing_assistance_owners,femaInspectedDamageGreaterThan30000,13,null,YES,bigint,LONG,null,null,null,null,null,null,null,null,null,NO,null,null,null,null,null,null,NO,null,NO,NO,null,YES,null,"Number of properties with FEMA-inspected damage greater than $30,000"
openfema,data_products,housing_assistance_owners,approvedForFemaAssistance,14,null,YES,bigint,LONG,null,null,null,null,null,null,null,null,null,NO,null,null,null,null,null,null,NO,null,NO,NO,null,YES,null,Number of properties approved for FEMA assistance
openfema,data_products,housing_assistance_owners,totalApprovedIhpAmount,15,null,YES,double,DOUBLE,null,null,null,2,null,null,null,null,null,NO,null,null,null,null,null,null,NO,null,NO,NO,null,YES,null,Total approved amount for Individual and Households Program (IHP)
openfema,data_products,housing_assistance_owners,repairReplaceAmount,16,null,YES,double,DOUBLE,null,null,null,2,null,null,null,null,null,NO,null,null,null,null,null,null,NO,null,NO,NO,null,YES,null,Amount approved for repairs or replacements
openfema,data_products,housing_assistance_owners,rentalAmount,17,null,YES,double,DOUBLE,null,null,null,2,null,null,null,null,null,NO,null,null,null,null,null,null,NO,null,NO,NO,null,YES,null,Amount approved for rentals
openfema,data_products,housing_assistance_owners,otherNeedsAmount,18,null,YES,double,DOUBLE,null,null,null,2,null,null,null,null,null,NO,null,null,null,null,null,null,NO,null,NO,NO,null,YES,null,Amount approved for other needs
openfema,data_products,housing_assistance_owners,approvedBetween1And10000,19,null,YES,bigint,LONG,null,null,null,null,null,null,null,null,null,NO,null,null,null,null,null,null,NO,null,NO,NO,null,YES,null,"Number of properties approved for FEMA assistance between $1 and $10,000"
openfema,data_products,housing_assistance_owners,approvedBetween10001And25000,20,null,YES,bigint,LONG,null,null,null,null,null,null,null,null,null,NO,null,null,null,null,null,null,NO,null,NO,NO,null,YES,null,"Number of properties approved for FEMA assistance between $10,001 and $25,000"
openfema,data_products,housing_assistance_owners,approvedBetween25001AndMax,21,null,YES,bigint,LONG,null,null,null,null,null,null,null,null,null,NO,null,null,null,null,null,null,NO,null,NO,NO,null,YES,null,"Number of properties approved for FEMA assistance between $25,001 and the maximum limit"
openfema,data_products,housing_assistance_owners,totalMaxGrants,22,null,YES,bigint,LONG,null,null,null,null,null,null,null,null,null,NO,null,null,null,null,null,null,NO,null,NO,NO,null,YES,null,Total number of maximum grants provided
openfema,data_products,housing_assistance_owners,id,23,null,YES,string,STRING,0,0,null,null,null,null,null,null,null,NO,null,null,null,null,null,null,NO,null,NO,NO,null,YES,null,Unique identifier for each record
openfema,data_products,housing_assistance_owners,femadexLastRefresh,24,null,YES,timestamp,TIMESTAMP,null,null,null,null,null,3,null,null,null,NO,null,null,null,null,null,null,NO,null,NO,NO,null,YES,null,Date of the last refresh/update in the FEMA Disaster Assistance Database
openfema,data_products,housing_assistance_renters,disasterNumber,0,null,YES,bigint,LONG,null,null,null,null,null,null,null,null,null,NO,null,null,null,null,null,null,NO,null,NO,NO,null,YES,null,The unique identifier for the disaster event
openfema,data_products,housing_assistance_renters,state,1,null,YES,string,STRING,0,0,null,null,null,null,null,null,null,NO,null,null,null,null,null,null,NO,null,NO,NO,null,YES,null,The state where the housing assistance is provided
openfema,data_products,housing_assistance_renters,county,2,null,YES,string,STRING,0,0,null,null,null,null,null,null,null,NO,null,null,null,null,null,null,NO,null,NO,NO,null,YES,null,The county where the housing assistance is provided
openfema,data_products,housing_assistance_renters,city,3,null,YES,string,STRING,0,0,null,null,null,null,null,null,null,NO,null,null,null,null,null,null,NO,null,NO,NO,null,YES,null,The city where the housing assistance is provided
openfema,data_products,housing_assistance_renters,zipCode,4,null,YES,string,STRING,0,0,null,null,null,null,null,null,null,NO,null,null,null,null,null,null,NO,null,NO,NO,null,YES,null,The zip code where the housing assistance is provided
openfema,data_products,housing_assistance_renters,validRegistrations,5,null,YES,bigint,LONG,null,null,null,null,null,null,null,null,null,NO,null,null,null,null,null,null,NO,null,NO,NO,null,YES,null,The number of valid registrations for housing assistance
openfema,data_products,housing_assistance_renters,totalInspected,6,null,YES,bigint,LONG,null,null,null,null,null,null,null,null,null,NO,null,null,null,null,null,null,NO,null,NO,NO,null,YES,null,The total number of inspections conducted
openfema,data_products,housing_assistance_renters,totalInspectedWithNoDamage,7,null,YES,bigint,LONG,null,null,null,null,null,null,null,null,null,NO,null,null,null,null,null,null,NO,null,NO,NO,null,YES,null,The total number of inspections with no damage found
openfema,data_products,housing_assistance_renters,totalWithModerateDamage,8,null,YES,bigint,LONG,null,null,null,null,null,null,null,null,null,NO,null,null,null,null,null,null,NO,null,NO,NO,null,YES,null,The total number of inspections with moderate damage found
openfema,data_products,housing_assistance_renters,totalWithMajorDamage,9,null,YES,bigint,LONG,null,null,null,null,null,null,null,null,null,NO,null,null,null,null,null,null,NO,null,NO,NO,null,YES,null,The total number of inspections with major damage found
openfema,data_products,housing_assistance_renters,totalWithSubstantialDamage,10,null,YES,bigint,LONG,null,null,null,null,null,null,null,null,null,NO,null,null,null,null,null,null,NO,null,NO,NO,null,YES,null,The total number of inspections with substantial damage found
openfema,data_products,housing_assistance_renters,approvedForFemaAssistance,11,null,YES,bigint,LONG,null,null,null,null,null,null,null,null,null,NO,null,null,null,null,null,null,NO,null,NO,NO,null,YES,null,The total amount approved for FEMA assistance
openfema,data_products,housing_assistance_renters,totalApprovedIhpAmount,12,null,YES,double,DOUBLE,null,null,null,2,null,null,null,null,null,NO,null,null,null,null,null,null,NO,null,NO,NO,null,YES,null,The total amount approved for Individual and Household Program (IHP) assistance
openfema,data_products,housing_assistance_renters,repairReplaceAmount,13,null,YES,double,DOUBLE,null,null,null,2,null,null,null,null,null,NO,null,null,null,null,null,null,NO,null,NO,NO,null,YES,null,The amount approved for repair or replacement assistance
openfema,data_products,housing_assistance_renters,rentalAmount,14,null,YES,double,DOUBLE,null,null,null,2,null,null,null,null,null,NO,null,null,null,null,null,null,NO,null,NO,NO,null,YES,null,The amount approved for rental assistance
openfema,data_products,housing_assistance_renters,otherNeedsAmount,15,null,YES,double,DOUBLE,null,null,null,2,null,null,null,null,null,NO,null,null,null,null,null,null,NO,null,NO,NO,null,YES,null,The amount approved for other needs assistance
openfema,data_products,housing_assistance_renters,approvedBetween1And10000,16,null,YES,bigint,LONG,null,null,null,null,null,null,null,null,null,NO,null,null,null,null,null,null,NO,null,NO,NO,null,YES,null,"The number of approvals falling within the range of $1 to $10,000"
openfema,data_products,housing_assistance_renters,approvedBetween10001And25000,17,null,YES,bigint,LONG,null,null,null,null,null,null,null,null,null,NO,null,null,null,null,null,null,NO,null,NO,NO,null,YES,null,"The number of approvals falling within the range of $10,001 to $25,000"
openfema,data_products,housing_assistance_renters,approvedBetween25001AndMax,18,null,YES,bigint,LONG,null,null,null,null,null,null,null,null,null,NO,null,null,null,null,null,null,NO,null,NO,NO,null,YES,null,"The number of approvals falling within the range of $25,001 and above"
openfema,data_products,housing_assistance_renters,totalMaxGrants,19,null,YES,bigint,LONG,null,null,null,null,null,null,null,null,null,NO,null,null,null,null,null,null,NO,null,NO,NO,null,YES,null,The total number of maximum grants awarded
openfema,data_products,housing_assistance_renters,id,20,null,YES,string,STRING,0,0,null,null,null,null,null,null,null,NO,null,null,null,null,null,null,NO,null,NO,NO,null,YES,null,The unique identifier for each record in the 'housing_assistance_renters' table
openfema,data_products,housing_assistance_renters,femadexLastRefresh,21,null,YES,timestamp,TIMESTAMP,null,null,null,null,null,3,null,null,null,NO,null,null,null,null,null,null,NO,null,NO,NO,null,YES,null,The date of the last refresh/update of FEMA's Disaster Assistance Database
openfema,data_products,individual_assistance_housing_registrants_large_disasters,disasterNumber,0,null,YES,string,STRING,0,0,null,null,null,null,null,null,null,NO,null,null,null,null,null,null,NO,null,NO,NO,null,YES,null,null
openfema,data_products,individual_assistance_housing_registrants_large_disasters,damagedCity,1,null,YES,string,STRING,0,0,null,null,null,null,null,null,null,NO,null,null,null,null,null,null,NO,null,NO,NO,null,YES,null,null
openfema,data_products,individual_assistance_housing_registrants_large_disasters,damagedStateAbbreviation,2,null,YES,string,STRING,0,0,null,null,null,null,null,null,null,NO,null,null,null,null,null,null,NO,null,NO,NO,null,YES,null,null
openfema,data_products,individual_assistance_housing_registrants_large_disasters,damagedZipCode,3,null,YES,string,STRING,0,0,null,null,null,null,null,null,null,NO,null,null,null,null,null,null,NO,null,NO,NO,null,YES,null,null
openfema,data_products,individual_assistance_housing_registrants_large_disasters,householdComposition,4,null,YES,string,STRING,0,0,null,null,null,null,null,null,null,NO,null,null,null,null,null,null,NO,null,NO,NO,null,YES,null,null
openfema,data_products,individual_assistance_housing_registrants_large_disasters,grossIncome,5,null,YES,string,STRING,0,0,null,null,null,null,null,null,null,NO,null,null,null,null,null,null,NO,null,NO,NO,null,YES,null,null
openfema,data_products,individual_assistance_housing_registrants_large_disasters,specialNeeds,6,null,YES,string,STRING,0,0,null,null,null,null,null,null,null,NO,null,null,null,null,null,null,NO,null,NO,NO,null,YES,null,null
openfema,data_products,individual_assistance_housing_registrants_large_disasters,ownRent,7,null,YES,string,STRING,0,0,null,null,null,null,null,null,null,NO,null,null,null,null,null,null,NO,null,NO,NO,null,YES,null,null
openfema,data_products,individual_assistance_housing_registrants_large_disasters,residenceType,8,null,YES,string,STRING,0,0,null,null,null,null,null,null,null,NO,null,null,null,null,null,null,NO,null,NO,NO,null,YES,null,null
openfema,data_products,individual_assistance_housing_registrants_large_disasters,homeOwnersInsurance,9,null,YES,string,STRING,0,0,null,null,null,null,null,null,null,NO,null,null,null,null,null,null,NO,null,NO,NO,null,YES,null,null
openfema,data_products,individual_assistance_housing_registrants_large_disasters,floodInsurance,10,null,YES,string,STRING,0,0,null,null,null,null,null,null,null,NO,null,null,null,null,null,null,NO,null,NO,NO,null,YES,null,null
openfema,data_products,individual_assistance_housing_registrants_large_disasters,inspected,11,null,YES,string,STRING,0,0,null,null,null,null,null,null,null,NO,null,null,null,null,null,null,NO,null,NO,NO,null,YES,null,null
openfema,data_products,individual_assistance_housing_registrants_large_disasters,rpfvl,12,null,YES,string,STRING,0,0,null,null,null,null,null,null,null,NO,null,null,null,null,null,null,NO,null,NO,NO,null,YES,null,null
openfema,data_products,individual_assistance_housing_registrants_large_disasters,habitabilityRepairsRequired,13,null,YES,string,STRING,0,0,null,null,null,null,null,null,null,NO,null,null,null,null,null,null,NO,null,NO,NO,null,YES,null,null
openfema,data_products,individual_assistance_housing_registrants_large_disasters,destroyed,14,null,YES,string,STRING,0,0,null,null,null,null,null,null,null,NO,null,null,null,null,null,null,NO,null,NO,NO,null,YES,null,null
openfema,data_products,individual_assistance_housing_registrants_large_disasters,waterLevel,15,null,YES,string,STRING,0,0,null,null,null,null,null,null,null,NO,null,null,null,null,null,null,NO,null,NO,NO,null,YES,null,null
openfema,data_products,individual_assistance_housing_registrants_large_disasters,highWaterLocation,16,null,YES,string,STRING,0,0,null,null,null,null,null,null,null,NO,null,null,null,null,null,null,NO,null,NO,NO,null,YES,null,null
openfema,data_products,individual_assistance_housing_registrants_large_disasters,floodDamage,17,null,YES,string,STRING,0,0,null,null,null,null,null,null,null,NO,null,null,null,null,null,null,NO,null,NO,NO,null,YES,null,null
openfema,data_products,individual_assistance_housing_registrants_large_disasters,foundationDamage,18,null,YES,string,STRING,0,0,null,null,null,null,null,null,null,NO,null,null,null,null,null,null,NO,null,NO,NO,null,YES,null,null
openfema,data_products,individual_assistance_housing_registrants_large_disasters,foundationDamageAmount,19,null,YES,string,STRING,0,0,null,null,null,null,null,null,null,NO,null,null,null,null,null,null,NO,null,NO,NO,null,YES,null,null
openfema,data_products,individual_assistance_housing_registrants_large_disasters,roofDamage,20,null,YES,string,STRING,0,0,null,null,null,null,null,null,null,NO,null,null,null,null,null,null,NO,null,NO,NO,null,YES,null,null
openfema,data_products,individual_assistance_housing_registrants_large_disasters,roofDamageAmount,21,null,YES,string,STRING,0,0,null,null,null,null,null,null,null,NO,null,null,null,null,null,null,NO,null,NO,NO,null,YES,null,null
openfema,data_products,individual_assistance_housing_registrants_large_disasters,tsaEligible,22,null,YES,string,STRING,0,0,null,null,null,null,null,null,null,NO,null,null,null,null,null,null,NO,null,NO,NO,null,YES,null,null
openfema,data_products,individual_assistance_housing_registrants_large_disasters,tsaCheckedIn,23,null,YES,string,STRING,0,0,null,null,null,null,null,null,null,NO,null,null,null,null,null,null,NO,null,NO,NO,null,YES,null,null
openfema,data_products,individual_assistance_housing_registrants_large_disasters,rentalAssistanceEligible,24,null,YES,string,STRING,0,0,null,null,null,null,null,null,null,NO,null,null,null,null,null,null,NO,null,NO,NO,null,YES,null,null
openfema,data_products,individual_assistance_housing_registrants_large_disasters,rentalAssistanceAmount,25,null,YES,string,STRING,0,0,null,null,null,null,null,null,null,NO,null,null,null,null,null,null,NO,null,NO,NO,null,YES,null,null
openfema,data_products,individual_assistance_housing_registrants_large_disasters,repairAssistanceEligible,26,null,YES,string,STRING,0,0,null,null,null,null,null,null,null,NO,null,null,null,null,null,null,NO,null,NO,NO,null,YES,null,null
openfema,data_products,individual_assistance_housing_registrants_large_disasters,repairAmount,27,null,YES,string,STRING,0,0,null,null,null,null,null,null,null,NO,null,null,null,null,null,null,NO,null,NO,NO,null,YES,null,null
openfema,data_products,individual_assistance_housing_registrants_large_disasters,replacementAssistanceEligible,28,null,YES,string,STRING,0,0,null,null,null,null,null,null,null,NO,null,null,null,null,null,null,NO,null,NO,NO,null,YES,null,null
openfema,data_products,individual_assistance_housing_registrants_large_disasters,replacementAmount,29,null,YES,string,STRING,0,0,null,null,null,null,null,null,null,NO,null,null,null,null,null,null,NO,null,NO,NO,null,YES,null,null
openfema,data_products,individual_assistance_housing_registrants_large_disasters,sbaEligible,30,null,YES,string,STRING,0,0,null,null,null,null,null,null,null,NO,null,null,null,null,null,null,NO,null,NO,NO,null,YES,null,null
openfema,data_products,individual_assistance_housing_registrants_large_disasters,renterDamageLevel,31,null,YES,string,STRING,0,0,null,null,null,null,null,null,null,NO,null,null,null,null,null,null,NO,null,NO,NO,null,YES,null,null
openfema,data_products,individual_assistance_housing_registrants_large_disasters,rentalAssistanceEndDate,32,null,YES,string,STRING,0,0,null,null,null,null,null,null,null,NO,null,null,null,null,null,null,NO,null,NO,NO,null,YES,null,null
openfema,data_products,individual_assistance_housing_registrants_large_disasters,rentalResourceCity,33,null,YES,string,STRING,0,0,null,null,null,null,null,null,null,NO,null,null,null,null,null,null,NO,null,NO,NO,null,YES,null,null
openfema,data_products,individual_assistance_housing_registrants_large_disasters,rentalResourceStateAbbreviation,34,null,YES,string,STRING,0,0,null,null,null,null,null,null,null,NO,null,null,null,null,null,null,NO,null,NO,NO,null,YES,null,null
openfema,data_products,individual_assistance_housing_registrants_large_disasters,rentalResourceZipCode,35,null,YES,string,STRING,0,0,null,null,null,null,null,null,null,NO,null,null,null,null,null,null,NO,null,NO,NO,null,YES,null,null
openfema,data_products,individual_assistance_housing_registrants_large_disasters,primaryResidence,36,null,YES,string,STRING,0,0,null,null,null,null,null,null,null,NO,null,null,null,null,null,null,NO,null,NO,NO,null,YES,null,null
openfema,data_products,individual_assistance_housing_registrants_large_disasters,personalPropertyEligible,37,null,YES,string,STRING,0,0,null,null,null,null,null,null,null,NO,null,null,null,null,null,null,NO,null,NO,NO,null,YES,null,null
openfema,data_products,individual_assistance_housing_registrants_large_disasters,ppfvl,38,null,YES,string,STRING,0,0,null,null,null,null,null,null,null,NO,null,null,null,null,null,null,NO,null,NO,NO,null,YES,null,null
openfema,data_products,individual_assistance_housing_registrants_large_disasters,censusBlockId,39,null,YES,string,STRING,0,0,null,null,null,null,null,null,null,NO,null,null,null,null,null,null,NO,null,NO,NO,null,YES,null,null
openfema,data_products,individual_assistance_housing_registrants_large_disasters,id,40,null,YES,string,STRING,0,0,null,null,null,null,null,null,null,NO,null,null,null,null,null,null,NO,null,NO,NO,null,YES,null,null
openfema,data_products,individual_assistance_housing_registrants_large_disasters,censusYear,41,null,YES,string,STRING,0,0,null,null,null,null,null,null,null,NO,null,null,null,null,null,null,NO,null,NO,NO,null,YES,null,null
openfema,data_products,individual_assistance_housing_registrants_large_disasters,femadexLastRefresh,42,null,YES,timestamp,TIMESTAMP,null,null,null,null,null,3,null,null,null,NO,null,null,null,null,null,null,NO,null,NO,NO,null,YES,null,null
openfema,data_products,individual_assistance_multiple_loss_flood_properties,disasterNumber,0,null,YES,bigint,LONG,null,null,null,null,null,null,null,null,null,NO,null,null,null,null,null,null,NO,null,NO,NO,null,YES,null,null
openfema,data_products,individual_assistance_multiple_loss_flood_properties,declarationDate,1,null,YES,string,STRING,0,0,null,null,null,null,null,null,null,NO,null,null,null,null,null,null,NO,null,NO,NO,null,YES,null,null
openfema,data_products,individual_assistance_multiple_loss_flood_properties,fipsStateCode,2,null,YES,string,STRING,0,0,null,null,null,null,null,null,null,NO,null,null,null,null,null,null,NO,null,NO,NO,null,YES,null,null
openfema,data_products,individual_assistance_multiple_loss_flood_properties,fipsCountyCode,3,null,YES,string,STRING,0,0,null,null,null,null,null,null,null,NO,null,null,null,null,null,null,NO,null,NO,NO,null,YES,null,null
openfema,data_products,individual_assistance_multiple_loss_flood_properties,placeCode,4,null,YES,string,STRING,0,0,null,null,null,null,null,null,null,NO,null,null,null,null,null,null,NO,null,NO,NO,null,YES,null,null
openfema,data_products,individual_assistance_multiple_loss_flood_properties,region,5,null,YES,bigint,LONG,null,null,null,null,null,null,null,null,null,NO,null,null,null,null,null,null,NO,null,NO,NO,null,YES,null,null
openfema,data_products,individual_assistance_multiple_loss_flood_properties,stateAbbreviation,6,null,YES,string,STRING,0,0,null,null,null,null,null,null,null,NO,null,null,null,null,null,null,NO,null,NO,NO,null,YES,null,null
openfema,data_products,individual_assistance_multiple_loss_flood_properties,county,7,null,YES,string,STRING,0,0,null,null,null,null,null,null,null,NO,null,null,null,null,null,null,NO,null,NO,NO,null,YES,null,null
openfema,data_products,individual_assistance_multiple_loss_flood_properties,city,8,null,YES,string,STRING,0,0,null,null,null,null,null,null,null,NO,null,null,null,null,null,null,NO,null,NO,NO,null,YES,null,null
openfema,data_products,individual_assistance_multiple_loss_flood_properties,damagedZipCode,9,null,YES,string,STRING,0,0,null,null,null,null,null,null,null,NO,null,null,null,null,null,null,NO,null,NO,NO,null,YES,null,null
openfema,data_products,individual_assistance_multiple_loss_flood_properties,highRiskPropertyType,10,null,YES,string,STRING,0,0,null,null,null,null,null,null,null,NO,null,null,null,null,null,null,NO,null,NO,NO,null,YES,null,null
openfema,data_products,individual_assistance_multiple_loss_flood_properties,residenceType,11,null,YES,string,STRING,0,0,null,null,null,null,null,null,null,NO,null,null,null,null,null,null,NO,null,NO,NO,null,YES,null,null
openfema,data_products,individual_assistance_multiple_loss_flood_properties,floodInsurance,12,null,YES,boolean,BOOLEAN,null,null,null,null,null,null,null,null,null,NO,null,null,null,null,null,null,NO,null,NO,NO,null,YES,null,null
openfema,data_products,individual_assistance_multiple_loss_flood_properties,destroyed,13,null,YES,boolean,BOOLEAN,null,null,null,null,null,null,null,null,null,NO,null,null,null,null,null,null,NO,null,NO,NO,null,YES,null,null
openfema,data_products,individual_assistance_multiple_loss_flood_properties,foundationType,14,null,YES,string,STRING,0,0,null,null,null,null,null,null,null,NO,null,null,null,null,null,null,NO,null,NO,NO,null,YES,null,null
openfema,data_products,individual_assistance_multiple_loss_flood_properties,waterLevel,15,null,YES,bigint,LONG,null,null,null,null,null,null,null,null,null,NO,null,null,null,null,null,null,NO,null,NO,NO,null,YES,null,null
openfema,data_products,individual_assistance_multiple_loss_flood_properties,highWaterLocation,16,null,YES,string,STRING,0,0,null,null,null,null,null,null,null,NO,null,null,null,null,null,null,NO,null,NO,NO,null,YES,null,null
openfema,data_products,individual_assistance_multiple_loss_flood_properties,floodDamage,17,null,YES,boolean,BOOLEAN,null,null,null,null,null,null,null,null,null,NO,null,null,null,null,null,null,NO,null,NO,NO,null,YES,null,null
openfema,data_products,individual_assistance_multiple_loss_flood_properties,numberOfLosses,18,null,YES,bigint,LONG,null,null,null,null,null,null,null,null,null,NO,null,null,null,null,null,null,NO,null,NO,NO,null,YES,null,null
openfema,data_products,individual_assistance_multiple_loss_flood_properties,latitude,19,null,YES,double,DOUBLE,null,null,null,2,null,null,null,null,null,NO,null,null,null,null,null,null,NO,null,NO,NO,null,YES,null,null
openfema,data_products,individual_assistance_multiple_loss_flood_properties,longitude,20,null,YES,double,DOUBLE,null,null,null,2,null,null,null,null,null,NO,null,null,null,null,null,null,NO,null,NO,NO,null,YES,null,null
openfema,data_products,individual_assistance_multiple_loss_flood_properties,id,21,null,YES,bigint,LONG,null,null,null,null,null,null,null,null,null,NO,null,null,null,null,null,null,NO,null,NO,NO,null,YES,null,null
openfema,data_products,individual_assistance_multiple_loss_flood_properties,femadexLastRefresh,22,null,YES,timestamp,TIMESTAMP,null,null,null,null,null,3,null,null,null,NO,null,null,null,null,null,null,NO,null,NO,NO,null,YES,null,null
openfema,data_products,individuals_and_households_program_valid_registrations,incidentTypeCode,0,null,YES,string,STRING,0,0,null,null,null,null,null,null,null,NO,null,null,null,null,null,null,NO,null,NO,NO,null,YES,null,null
openfema,data_products,individuals_and_households_program_valid_registrations,declarationDate,1,null,YES,string,STRING,0,0,null,null,null,null,null,null,null,NO,null,null,null,null,null,null,NO,null,NO,NO,null,YES,null,null
openfema,data_products,individuals_and_households_program_valid_registrations,disasterNumber,2,null,YES,string,STRING,0,0,null,null,null,null,null,null,null,NO,null,null,null,null,null,null,NO,null,NO,NO,null,YES,null,null
openfema,data_products,individuals_and_households_program_valid_registrations,county,3,null,YES,string,STRING,0,0,null,null,null,null,null,null,null,NO,null,null,null,null,null,null,NO,null,NO,NO,null,YES,null,null
openfema,data_products,individuals_and_households_program_valid_registrations,fips,4,null,YES,string,STRING,0,0,null,null,null,null,null,null,null,NO,null,null,null,null,null,null,NO,null,NO,NO,null,YES,null,null
openfema,data_products,individuals_and_households_program_valid_registrations,censusGeoid,5,null,YES,string,STRING,0,0,null,null,null,null,null,null,null,NO,null,null,null,null,null,null,NO,null,NO,NO,null,YES,null,null
openfema,data_products,individuals_and_households_program_valid_registrations,censusYear,6,null,YES,string,STRING,0,0,null,null,null,null,null,null,null,NO,null,null,null,null,null,null,NO,null,NO,NO,null,YES,null,null
openfema,data_products,individuals_and_households_program_valid_registrations,damagedStateAbbreviation,7,null,YES,string,STRING,0,0,null,null,null,null,null,null,null,NO,null,null,null,null,null,null,NO,null,NO,NO,null,YES,null,null
openfema,data_products,individuals_and_households_program_valid_registrations,damagedCity,8,null,YES,string,STRING,0,0,null,null,null,null,null,null,null,NO,null,null,null,null,null,null,NO,null,NO,NO,null,YES,null,null
openfema,data_products,individuals_and_households_program_valid_registrations,damagedZipCode,9,null,YES,string,STRING,0,0,null,null,null,null,null,null,null,NO,null,null,null,null,null,null,NO,null,NO,NO,null,YES,null,null
openfema,data_products,individuals_and_households_program_valid_registrations,applicantAge,10,null,YES,string,STRING,0,0,null,null,null,null,null,null,null,NO,null,null,null,null,null,null,NO,null,NO,NO,null,YES,null,null
openfema,data_products,individuals_and_households_program_valid_registrations,householdComposition,11,null,YES,string,STRING,0,0,null,null,null,null,null,null,null,NO,null,null,null,null,null,null,NO,null,NO,NO,null,YES,null,null
openfema,data_products,individuals_and_households_program_valid_registrations,occupantsUnderTwo,12,null,YES,string,STRING,0,0,null,null,null,null,null,null,null,NO,null,null,null,null,null,null,NO,null,NO,NO,null,YES,null,null
openfema,data_products,individuals_and_households_program_valid_registrations,occupants2to5,13,null,YES,string,STRING,0,0,null,null,null,null,null,null,null,NO,null,null,null,null,null,null,NO,null,NO,NO,null,YES,null,null
openfema,data_products,individuals_and_households_program_valid_registrations,occupants6to18,14,null,YES,string,STRING,0,0,null,null,null,null,null,null,null,NO,null,null,null,null,null,null,NO,null,NO,NO,null,YES,null,null
openfema,data_products,individuals_and_households_program_valid_registrations,occupants19to64,15,null,YES,string,STRING,0,0,null,null,null,null,null,null,null,NO,null,null,null,null,null,null,NO,null,NO,NO,null,YES,null,null
openfema,data_products,individuals_and_households_program_valid_registrations,occupants65andOver,16,null,YES,string,STRING,0,0,null,null,null,null,null,null,null,NO,null,null,null,null,null,null,NO,null,NO,NO,null,YES,null,null
openfema,data_products,individuals_and_households_program_valid_registrations,grossIncome,17,null,YES,string,STRING,0,0,null,null,null,null,null,null,null,NO,null,null,null,null,null,null,NO,null,NO,NO,null,YES,null,null
openfema,data_products,individuals_and_households_program_valid_registrations,ownRent,18,null,YES,string,STRING,0,0,null,null,null,null,null,null,null,NO,null,null,null,null,null,null,NO,null,NO,NO,null,YES,null,null
openfema,data_products,individuals_and_households_program_valid_registrations,primaryResidence,19,null,YES,string,STRING,0,0,null,null,null,null,null,null,null,NO,null,null,null,null,null,null,NO,null,NO,NO,null,YES,null,null
openfema,data_products,individuals_and_households_program_valid_registrations,residenceType,20,null,YES,string,STRING,0,0,null,null,null,null,null,null,null,NO,null,null,null,null,null,null,NO,null,NO,NO,null,YES,null,null
openfema,data_products,individuals_and_households_program_valid_registrations,homeOwnersInsurance,21,null,YES,string,STRING,0,0,null,null,null,null,null,null,null,NO,null,null,null,null,null,null,NO,null,NO,NO,null,YES,null,null
openfema,data_products,individuals_and_households_program_valid_registrations,floodInsurance,22,null,YES,string,STRING,0,0,null,null,null,null,null,null,null,NO,null,null,null,null,null,null,NO,null,NO,NO,null,YES,null,null
openfema,data_products,individuals_and_households_program_valid_registrations,registrationMethod,23,null,YES,string,STRING,0,0,null,null,null,null,null,null,null,NO,null,null,null,null,null,null,NO,null,NO,NO,null,YES,null,null
openfema,data_products,individuals_and_households_program_valid_registrations,ihpReferral,24,null,YES,string,STRING,0,0,null,null,null,null,null,null,null,NO,null,null,null,null,null,null,NO,null,NO,NO,null,YES,null,null
openfema,data_products,individuals_and_households_program_valid_registrations,ihpEligible,25,null,YES,string,STRING,0,0,null,null,null,null,null,null,null,NO,null,null,null,null,null,null,NO,null,NO,NO,null,YES,null,null
openfema,data_products,individuals_and_households_program_valid_registrations,ihpAmount,26,null,YES,string,STRING,0,0,null,null,null,null,null,null,null,NO,null,null,null,null,null,null,NO,null,NO,NO,null,YES,null,null
openfema,data_products,individuals_and_households_program_valid_registrations,ineligibleReason,27,null,YES,string,STRING,0,0,null,null,null,null,null,null,null,NO,null,null,null,null,null,null,NO,null,NO,NO,null,YES,null,null
openfema,data_products,individuals_and_households_program_valid_registrations,fipAmount,28,null,YES,string,STRING,0,0,null,null,null,null,null,null,null,NO,null,null,null,null,null,null,NO,null,NO,NO,null,YES,null,null
openfema,data_products,individuals_and_households_program_valid_registrations,haReferral,29,null,YES,string,STRING,0,0,null,null,null,null,null,null,null,NO,null,null,null,null,null,null,NO,null,NO,NO,null,YES,null,null
openfema,data_products,individuals_and_households_program_valid_registrations,haEligible,30,null,YES,string,STRING,0,0,null,null,null,null,null,null,null,NO,null,null,null,null,null,null,NO,null,NO,NO,null,YES,null,null
openfema,data_products,individuals_and_households_program_valid_registrations,haAmount,31,null,YES,string,STRING,0,0,null,null,null,null,null,null,null,NO,null,null,null,null,null,null,NO,null,NO,NO,null,YES,null,null
openfema,data_products,individuals_and_households_program_valid_registrations,haStatus,32,null,YES,string,STRING,0,0,null,null,null,null,null,null,null,NO,null,null,null,null,null,null,NO,null,NO,NO,null,YES,null,null
openfema,data_products,individuals_and_households_program_valid_registrations,onaReferral,33,null,YES,string,STRING,0,0,null,null,null,null,null,null,null,NO,null,null,null,null,null,null,NO,null,NO,NO,null,YES,null,null
openfema,data_products,individuals_and_households_program_valid_registrations,onaEligible,34,null,YES,string,STRING,0,0,null,null,null,null,null,null,null,NO,null,null,null,null,null,null,NO,null,NO,NO,null,YES,null,null
openfema,data_products,individuals_and_households_program_valid_registrations,onaAmount,35,null,YES,string,STRING,0,0,null,null,null,null,null,null,null,NO,null,null,null,null,null,null,NO,null,NO,NO,null,YES,null,null
openfema,data_products,individuals_and_households_program_valid_registrations,transientAccommodEligible,36,null,YES,string,STRING,0,0,null,null,null,null,null,null,null,NO,null,null,null,null,null,null,NO,null,NO,NO,null,YES,null,null
openfema,data_products,individuals_and_households_program_valid_registrations,transientAccommodAmount,37,null,YES,string,STRING,0,0,null,null,null,null,null,null,null,NO,null,null,null,null,null,null,NO,null,NO,NO,null,YES,null,null
openfema,data_products,individuals_and_households_program_valid_registrations,onaMedicalAssistEligible,38,null,YES,string,STRING,0,0,null,null,null,null,null,null,null,NO,null,null,null,null,null,null,NO,null,NO,NO,null,YES,null,null
openfema,data_products,individuals_and_households_program_valid_registrations,onaMedicalAssistAmount,39,null,YES,string,STRING,0,0,null,null,null,null,null,null,null,NO,null,null,null,null,null,null,NO,null,NO,NO,null,YES,null,null
openfema,data_products,individuals_and_households_program_valid_registrations,onaDentalAssistEligible,40,null,YES,string,STRING,0,0,null,null,null,null,null,null,null,NO,null,null,null,null,null,null,NO,null,NO,NO,null,YES,null,null
openfema,data_products,individuals_and_households_program_valid_registrations,onaDentalAssistAmount,41,null,YES,string,STRING,0,0,null,null,null,null,null,null,null,NO,null,null,null,null,null,null,NO,null,NO,NO,null,YES,null,null
openfema,data_products,individuals_and_households_program_valid_registrations,onaFuneralAssistEligible,42,null,YES,string,STRING,0,0,null,null,null,null,null,null,null,NO,null,null,null,null,null,null,NO,null,NO,NO,null,YES,null,null
openfema,data_products,individuals_and_households_program_valid_registrations,onaFuneralAssistAmount,43,null,YES,string,STRING,0,0,null,null,null,null,null,null,null,NO,null,null,null,null,null,null,NO,null,NO,NO,null,YES,null,null
openfema,data_products,individuals_and_households_program_valid_registrations,onaMovingAssistEligible,44,null,YES,string,STRING,0,0,null,null,null,null,null,null,null,NO,null,null,null,null,null,null,NO,null,NO,NO,null,YES,null,null
openfema,data_products,individuals_and_households_program_valid_registrations,onaMovingAssistAmount,45,null,YES,string,STRING,0,0,null,null,null,null,null,null,null,NO,null,null,null,null,null,null,NO,null,NO,NO,null,YES,null,null
openfema,data_products,individuals_and_households_program_valid_registrations,onaOtherAssistEligible,46,null,YES,string,STRING,0,0,null,null,null,null,null,null,null,NO,null,null,null,null,null,null,NO,null,NO,NO,null,YES,null,null
openfema,data_products,individuals_and_households_program_valid_registrations,onaOtherAssistAmount,47,null,YES,string,STRING,0,0,null,null,null,null,null,null,null,NO,null,null,null,null,null,null,NO,null,NO,NO,null,YES,null,null
openfema,data_products,individuals_and_households_program_valid_registrations,utilitiesOut,48,null,YES,string,STRING,0,0,null,null,null,null,null,null,null,NO,null,null,null,null,null,null,NO,null,NO,NO,null,YES,null,null
openfema,data_products,individuals_and_households_program_valid_registrations,homeDamage,49,null,YES,string,STRING,0,0,null,null,null,null,null,null,null,NO,null,null,null,null,null,null,NO,null,NO,NO,null,YES,null,null
openfema,data_products,individuals_and_households_program_valid_registrations,autoDamage,50,null,YES,string,STRING,0,0,null,null,null,null,null,null,null,NO,null,null,null,null,null,null,NO,null,NO,NO,null,YES,null,null
openfema,data_products,individuals_and_households_program_valid_registrations,emergencyNeeds,51,null,YES,string,STRING,0,0,null,null,null,null,null,null,null,NO,null,null,null,null,null,null,NO,null,NO,NO,null,YES,null,null
openfema,data_products,individuals_and_households_program_valid_registrations,foodNeed,52,null,YES,string,STRING,0,0,null,null,null,null,null,null,null,NO,null,null,null,null,null,null,NO,null,NO,NO,null,YES,null,null
openfema,data_products,individuals_and_households_program_valid_registrations,shelterNeed,53,null,YES,string,STRING,0,0,null,null,null,null,null,null,null,NO,null,null,null,null,null,null,NO,null,NO,NO,null,YES,null,null
openfema,data_products,individuals_and_households_program_valid_registrations,accessFunctionalNeeds,54,null,YES,string,STRING,0,0,null,null,null,null,null,null,null,NO,null,null,null,null,null,null,NO,null,NO,NO,null,YES,null,null
openfema,data_products,individuals_and_households_program_valid_registrations,sbaApproved,55,null,YES,string,STRING,0,0,null,null,null,null,null,null,null,NO,null,null,null,null,null,null,NO,null,NO,NO,null,YES,null,null
openfema,data_products,individuals_and_households_program_valid_registrations,inspnIssued,56,null,YES,string,STRING,0,0,null,null,null,null,null,null,null,NO,null,null,null,null,null,null,NO,null,NO,NO,null,YES,null,null
openfema,data_products,individuals_and_households_program_valid_registrations,inspnReturned,57,null,YES,string,STRING,0,0,null,null,null,null,null,null,null,NO,null,null,null,null,null,null,NO,null,NO,NO,null,YES,null,null
openfema,data_products,individuals_and_households_program_valid_registrations,habitabilityRepairsRequired,58,null,YES,string,STRING,0,0,null,null,null,null,null,null,null,NO,null,null,null,null,null,null,NO,null,NO,NO,null,YES,null,null
openfema,data_products,individuals_and_households_program_valid_registrations,rpfvl,59,null,YES,string,STRING,0,0,null,null,null,null,null,null,null,NO,null,null,null,null,null,null,NO,null,NO,NO,null,YES,null,null
openfema,data_products,individuals_and_households_program_valid_registrations,ppfvl,60,null,YES,string,STRING,0,0,null,null,null,null,null,null,null,NO,null,null,null,null,null,null,NO,null,NO,NO,null,YES,null,null
openfema,data_products,individuals_and_households_program_valid_registrations,renterDamageLevel,61,null,YES,string,STRING,0,0,null,null,null,null,null,null,null,NO,null,null,null,null,null,null,NO,null,NO,NO,null,YES,null,null
openfema,data_products,individuals_and_households_program_valid_registrations,destroyed,62,null,YES,string,STRING,0,0,null,null,null,null,null,null,null,NO,null,null,null,null,null,null,NO,null,NO,NO,null,YES,null,null
openfema,data_products,individuals_and_households_program_valid_registrations,waterLevel,63,null,YES,string,STRING,0,0,null,null,null,null,null,null,null,NO,null,null,null,null,null,null,NO,null,NO,NO,null,YES,null,null
openfema,data_products,individuals_and_households_program_valid_registrations,highWaterLocation,64,null,YES,string,STRING,0,0,null,null,null,null,null,null,null,NO,null,null,null,null,null,null,NO,null,NO,NO,null,YES,null,null
openfema,data_products,individuals_and_households_program_valid_registrations,floodDamage,65,null,YES,string,STRING,0,0,null,null,null,null,null,null,null,NO,null,null,null,null,null,null,NO,null,NO,NO,null,YES,null,null
openfema,data_products,individuals_and_households_program_valid_registrations,floodDamageAmount,66,null,YES,string,STRING,0,0,null,null,null,null,null,null,null,NO,null,null,null,null,null,null,NO,null,NO,NO,null,YES,null,null
openfema,data_products,individuals_and_households_program_valid_registrations,foundationDamage,67,null,YES,string,STRING,0,0,null,null,null,null,null,null,null,NO,null,null,null,null,null,null,NO,null,NO,NO,null,YES,null,null
openfema,data_products,individuals_and_households_program_valid_registrations,foundationDamageAmount,68,null,YES,string,STRING,0,0,null,null,null,null,null,null,null,NO,null,null,null,null,null,null,NO,null,NO,NO,null,YES,null,null
openfema,data_products,individuals_and_households_program_valid_registrations,roofDamage,69,null,YES,string,STRING,0,0,null,null,null,null,null,null,null,NO,null,null,null,null,null,null,NO,null,NO,NO,null,YES,null,null
openfema,data_products,individuals_and_households_program_valid_registrations,roofDamageAmount,70,null,YES,string,STRING,0,0,null,null,null,null,null,null,null,NO,null,null,null,null,null,null,NO,null,NO,NO,null,YES,null,null
openfema,data_products,individuals_and_households_program_valid_registrations,tsaEligible,71,null,YES,string,STRING,0,0,null,null,null,null,null,null,null,NO,null,null,null,null,null,null,NO,null,NO,NO,null,YES,null,null
openfema,data_products,individuals_and_households_program_valid_registrations,tsaCheckedIn,72,null,YES,string,STRING,0,0,null,null,null,null,null,null,null,NO,null,null,null,null,null,null,NO,null,NO,NO,null,YES,null,null
openfema,data_products,individuals_and_households_program_valid_registrations,rentalAssistanceEligible,73,null,YES,string,STRING,0,0,null,null,null,null,null,null,null,NO,null,null,null,null,null,null,NO,null,NO,NO,null,YES,null,null
openfema,data_products,individuals_and_households_program_valid_registrations,rentalAssistanceAmount,74,null,YES,string,STRING,0,0,null,null,null,null,null,null,null,NO,null,null,null,null,null,null,NO,null,NO,NO,null,YES,null,null
openfema,data_products,individuals_and_households_program_valid_registrations,rentalAssistanceEndDate,75,null,YES,string,STRING,0,0,null,null,null,null,null,null,null,NO,null,null,null,null,null,null,NO,null,NO,NO,null,YES,null,null
openfema,data_products,individuals_and_households_program_valid_registrations,rentalResourceCity,76,null,YES,string,STRING,0,0,null,null,null,null,null,null,null,NO,null,null,null,null,null,null,NO,null,NO,NO,null,YES,null,null
openfema,data_products,individuals_and_households_program_valid_registrations,rentalResourceStateAbbrev,77,null,YES,string,STRING,0,0,null,null,null,null,null,null,null,NO,null,null,null,null,null,null,NO,null,NO,NO,null,YES,null,null
openfema,data_products,individuals_and_households_program_valid_registrations,rentalResourceZipCode,78,null,YES,string,STRING,0,0,null,null,null,null,null,null,null,NO,null,null,null,null,null,null,NO,null,NO,NO,null,YES,null,null
openfema,data_products,individuals_and_households_program_valid_registrations,repairAssistanceEligible,79,null,YES,string,STRING,0,0,null,null,null,null,null,null,null,NO,null,null,null,null,null,null,NO,null,NO,NO,null,YES,null,null
openfema,data_products,individuals_and_households_program_valid_registrations,repairAmount,80,null,YES,string,STRING,0,0,null,null,null,null,null,null,null,NO,null,null,null,null,null,null,NO,null,NO,NO,null,YES,null,null
openfema,data_products,individuals_and_households_program_valid_registrations,replacementAssistanceEligible,81,null,YES,string,STRING,0,0,null,null,null,null,null,null,null,NO,null,null,null,null,null,null,NO,null,NO,NO,null,YES,null,null
openfema,data_products,individuals_and_households_program_valid_registrations,replacementAmount,82,null,YES,string,STRING,0,0,null,null,null,null,null,null,null,NO,null,null,null,null,null,null,NO,null,NO,NO,null,YES,null,null
openfema,data_products,individuals_and_households_program_valid_registrations,personalPropertyEligible,83,null,YES,string,STRING,0,0,null,null,null,null,null,null,null,NO,null,null,null,null,null,null,NO,null,NO,NO,null,YES,null,null
openfema,data_products,individuals_and_households_program_valid_registrations,personalPropertyAmount,84,null,YES,string,STRING,0,0,null,null,null,null,null,null,null,NO,null,null,null,null,null,null,NO,null,NO,NO,null,YES,null,null
openfema,data_products,individuals_and_households_program_valid_registrations,ihpMax,85,null,YES,string,STRING,0,0,null,null,null,null,null,null,null,NO,null,null,null,null,null,null,NO,null,NO,NO,null,YES,null,null
openfema,data_products,individuals_and_households_program_valid_registrations,haMax,86,null,YES,string,STRING,0,0,null,null,null,null,null,null,null,NO,null,null,null,null,null,null,NO,null,NO,NO,null,YES,null,null
openfema,data_products,individuals_and_households_program_valid_registrations,onaMax,87,null,YES,string,STRING,0,0,null,null,null,null,null,null,null,NO,null,null,null,null,null,null,NO,null,NO,NO,null,YES,null,null
openfema,data_products,individuals_and_households_program_valid_registrations,unmetNeedRp,88,null,YES,string,STRING,0,0,null,null,null,null,null,null,null,NO,null,null,null,null,null,null,NO,null,NO,NO,null,YES,null,null
openfema,data_products,individuals_and_households_program_valid_registrations,unmetNeedPp,89,null,YES,string,STRING,0,0,null,null,null,null,null,null,null,NO,null,null,null,null,null,null,NO,null,NO,NO,null,YES,null,null
openfema,data_products,individuals_and_households_program_valid_registrations,currentLocation,90,null,YES,string,STRING,0,0,null,null,null,null,null,null,null,NO,null,null,null,null,null,null,NO,null,NO,NO,null,YES,null,null
openfema,data_products,individuals_and_households_program_valid_registrations,selfAssessmentInformation,91,null,YES,string,STRING,0,0,null,null,null,null,null,null,null,NO,null,null,null,null,null,null,NO,null,NO,NO,null,YES,null,null
openfema,data_products,individuals_and_households_program_valid_registrations,reportedDamage,92,null,YES,string,STRING,0,0,null,null,null,null,null,null,null,NO,null,null,null,null,null,null,NO,null,NO,NO,null,YES,null,null
openfema,data_products,individuals_and_households_program_valid_registrations,insufficientDamage,93,null,YES,string,STRING,0,0,null,null,null,null,null,null,null,NO,null,null,null,null,null,null,NO,null,NO,NO,null,YES,null,null
openfema,data_products,individuals_and_households_program_valid_registrations,ineligibleInsurance,94,null,YES,string,STRING,0,0,null,null,null,null,null,null,null,NO,null,null,null,null,null,null,NO,null,NO,NO,null,YES,null,null
openfema,data_products,individuals_and_households_program_valid_registrations,verifiedOwnership,95,null,YES,string,STRING,0,0,null,null,null,null,null,null,null,NO,null,null,null,null,null,null,NO,null,NO,NO,null,YES,null,null
openfema,data_products,individuals_and_households_program_valid_registrations,verifiedOccupancy,96,null,YES,string,STRING,0,0,null,null,null,null,null,null,null,NO,null,null,null,null,null,null,NO,null,NO,NO,null,YES,null,null
openfema,data_products,individuals_and_households_program_valid_registrations,appliedDate,97,null,YES,string,STRING,0,0,null,null,null,null,null,null,null,NO,null,null,null,null,null,null,NO,null,NO,NO,null,YES,null,null
openfema,data_products,individuals_and_households_program_valid_registrations,lastRefresh,98,null,YES,string,STRING,0,0,null,null,null,null,null,null,null,NO,null,null,null,null,null,null,NO,null,NO,NO,null,YES,null,null
openfema,data_products,individuals_and_households_program_valid_registrations,id,99,null,YES,string,STRING,0,0,null,null,null,null,null,null,null,NO,null,null,null,null,null,null,NO,null,NO,NO,null,YES,null,null
openfema,data_products,individuals_and_households_program_valid_registrations,femadexLastRefresh,100,null,YES,timestamp,TIMESTAMP,null,null,null,null,null,3,null,null,null,NO,null,null,null,null,null,null,NO,null,NO,NO,null,YES,null,null
openfema,data_products,mission_assignments,incidentId,0,null,YES,string,STRING,0,0,null,null,null,null,null,null,null,NO,null,null,null,null,null,null,NO,null,NO,NO,null,YES,null,Unique identifier for each incident
openfema,data_products,mission_assignments,incidentName,1,null,YES,string,STRING,0,0,null,null,null,null,null,null,null,NO,null,null,null,null,null,null,NO,null,NO,NO,null,YES,null,Name or title of the incident
openfema,data_products,mission_assignments,incidentType,2,null,YES,string,STRING,0,0,null,null,null,null,null,null,null,NO,null,null,null,null,null,null,NO,null,NO,NO,null,YES,null,Type or category of the incident
openfema,data_products,mission_assignments,disasterNumber,3,null,YES,double,DOUBLE,null,null,null,2,null,null,null,null,null,NO,null,null,null,null,null,null,NO,null,NO,NO,null,YES,null,Unique identifier for each disaster
openfema,data_products,mission_assignments,declarationType,4,null,YES,string,STRING,0,0,null,null,null,null,null,null,null,NO,null,null,null,null,null,null,NO,null,NO,NO,null,YES,null,Type of declaration related to the incident
openfema,data_products,mission_assignments,declarationTitle,5,null,YES,string,STRING,0,0,null,null,null,null,null,null,null,NO,null,null,null,null,null,null,NO,null,NO,NO,null,YES,null,Title or name of the declaration
openfema,data_products,mission_assignments,maId,6,null,YES,string,STRING,0,0,null,null,null,null,null,null,null,NO,null,null,null,null,null,null,NO,null,NO,NO,null,YES,null,Unique identifier for each mission assignment
openfema,data_products,mission_assignments,maAmendNumber,7,null,YES,bigint,LONG,null,null,null,null,null,null,null,null,null,NO,null,null,null,null,null,null,NO,null,NO,NO,null,YES,null,Number indicating any amendments made to the mission assignment
openfema,data_products,mission_assignments,actionId,8,null,YES,bigint,LONG,null,null,null,null,null,null,null,null,null,NO,null,null,null,null,null,null,NO,null,NO,NO,null,YES,null,Unique identifier for each action related to the mission assignment
openfema,data_products,mission_assignments,maType,9,null,YES,string,STRING,0,0,null,null,null,null,null,null,null,NO,null,null,null,null,null,null,NO,null,NO,NO,null,YES,null,Type or category of the mission assignment
openfema,data_products,mission_assignments,supportFunction,10,null,YES,double,DOUBLE,null,null,null,2,null,null,null,null,null,NO,null,null,null,null,null,null,NO,null,NO,NO,null,YES,null,Code indicating the support function provided
openfema,data_products,mission_assignments,priority,11,null,YES,string,STRING,0,0,null,null,null,null,null,null,null,NO,null,null,null,null,null,null,NO,null,NO,NO,null,YES,null,Priority level assigned to the mission assignment
openfema,data_products,mission_assignments,region,12,null,YES,bigint,LONG,null,null,null,null,null,null,null,null,null,NO,null,null,null,null,null,null,NO,null,NO,NO,null,YES,null,Region code where the incident occurred
openfema,data_products,mission_assignments,stt,13,null,YES,string,STRING,0,0,null,null,null,null,null,null,null,NO,null,null,null,null,null,null,NO,null,NO,NO,null,YES,null,State code where the incident occurred
openfema,data_products,mission_assignments,agencyId,14,null,YES,string,STRING,0,0,null,null,null,null,null,null,null,NO,null,null,null,null,null,null,NO,null,NO,NO,null,YES,null,Unique identifier for each agency involved
openfema,data_products,mission_assignments,agency,15,null,YES,string,STRING,0,0,null,null,null,null,null,null,null,NO,null,null,null,null,null,null,NO,null,NO,NO,null,YES,null,Name of the agency involved in the mission assignment
openfema,data_products,mission_assignments,authority,16,null,YES,string,STRING,0,0,null,null,null,null,null,null,null,NO,null,null,null,null,null,null,NO,null,NO,NO,null,YES,null,Authority or jurisdiction related to the mission assignment
openfema,data_products,mission_assignments,dateReceived,17,null,YES,string,STRING,0,0,null,null,null,null,null,null,null,NO,null,null,null,null,null,null,NO,null,NO,NO,null,YES,null,Date when the mission assignment was received
openfema,data_products,mission_assignments,dateRequired,18,null,YES,string,STRING,0,0,null,null,null,null,null,null,null,NO,null,null,null,null,null,null,NO,null,NO,NO,null,YES,null,Date when the mission assignment is required to be completed
openfema,data_products,mission_assignments,popStartDate,19,null,YES,string,STRING,0,0,null,null,null,null,null,null,null,NO,null,null,null,null,null,null,NO,null,NO,NO,null,YES,null,Start date for the period of performance of the mission assignment
openfema,data_products,mission_assignments,popEndDate,20,null,YES,string,STRING,0,0,null,null,null,null,null,null,null,NO,null,null,null,null,null,null,NO,null,NO,NO,null,YES,null,End date for the period of performance of the mission assignment
openfema,data_products,mission_assignments,dateObligated,21,null,YES,string,STRING,0,0,null,null,null,null,null,null,null,NO,null,null,null,null,null,null,NO,null,NO,NO,null,YES,null,Date when the mission assignment was obligated or funded
openfema,data_products,mission_assignments,obligationAmount,22,null,YES,double,DOUBLE,null,null,null,2,null,null,null,null,null,NO,null,null,null,null,null,null,NO,null,NO,NO,null,YES,null,Amount of funds obligated for the mission assignment
openfema,data_products,mission_assignments,sttCostSharePct,23,null,YES,double,DOUBLE,null,null,null,2,null,null,null,null,null,NO,null,null,null,null,null,null,NO,null,NO,NO,null,YES,null,Percentage of cost sharing by the state for the mission assignment
openfema,data_products,mission_assignments,fedCostSharePct,24,null,YES,double,DOUBLE,null,null,null,2,null,null,null,null,null,NO,null,null,null,null,null,null,NO,null,NO,NO,null,YES,null,Percentage of cost sharing by the federal government for the mission assignment
openfema,data_products,mission_assignments,sttCostShareAmt,25,null,YES,double,DOUBLE,null,null,null,2,null,null,null,null,null,NO,null,null,null,null,null,null,NO,null,NO,NO,null,YES,null,Amount of cost sharing by the state for the mission assignment
openfema,data_products,mission_assignments,fedCostShareAmt,26,null,YES,double,DOUBLE,null,null,null,2,null,null,null,null,null,NO,null,null,null,null,null,null,NO,null,NO,NO,null,YES,null,Amount of cost sharing by the federal government for the mission assignment
openfema,data_products,mission_assignments,maPopStartDate,27,null,YES,string,STRING,0,0,null,null,null,null,null,null,null,NO,null,null,null,null,null,null,NO,null,NO,NO,null,YES,null,Start date for the period of performance of the mission assignment
openfema,data_products,mission_assignments,maPopEndDate,28,null,YES,string,STRING,0,0,null,null,null,null,null,null,null,NO,null,null,null,null,null,null,NO,null,NO,NO,null,YES,null,End date for the period of performance of the mission assignment
openfema,data_products,mission_assignments,maSttCostSharePct,29,null,YES,double,DOUBLE,null,null,null,2,null,null,null,null,null,NO,null,null,null,null,null,null,NO,null,NO,NO,null,YES,null,Percentage of cost sharing by the state for the mission assignment
openfema,data_products,mission_assignments,maFedCostSharePct,30,null,YES,double,DOUBLE,null,null,null,2,null,null,null,null,null,NO,null,null,null,null,null,null,NO,null,NO,NO,null,YES,null,Percentage of cost sharing by the federal government for the mission assignment
openfema,data_products,mission_assignments,maSttCostShareAmount,31,null,YES,double,DOUBLE,null,null,null,2,null,null,null,null,null,NO,null,null,null,null,null,null,NO,null,NO,NO,null,YES,null,Amount of cost sharing by the state for the mission assignment
openfema,data_products,mission_assignments,maFedCostShareAmount,32,null,YES,double,DOUBLE,null,null,null,2,null,null,null,null,null,NO,null,null,null,null,null,null,NO,null,NO,NO,null,YES,null,Amount of cost sharing by the federal government for the mission assignment
openfema,data_products,mission_assignments,maPriority,33,null,YES,string,STRING,0,0,null,null,null,null,null,null,null,NO,null,null,null,null,null,null,NO,null,NO,NO,null,YES,null,Priority level assigned to the mission assignment
openfema,data_products,mission_assignments,assistanceRequested,34,null,YES,string,STRING,0,0,null,null,null,null,null,null,null,NO,null,null,null,null,null,null,NO,null,NO,NO,null,YES,null,Type or nature of assistance requested for the mission assignment
openfema,data_products,mission_assignments,statementOfWork,35,null,YES,string,STRING,0,0,null,null,null,null,null,null,null,NO,null,null,null,null,null,null,NO,null,NO,NO,null,YES,null,Detailed description of the work to be performed under the mission assignment
openfema,data_products,mission_assignments,id,36,null,YES,string,STRING,0,0,null,null,null,null,null,null,null,NO,null,null,null,null,null,null,NO,null,NO,NO,null,YES,null,Unique identifier for each record in the table
openfema,data_products,mission_assignments,hash,37,null,YES,string,STRING,0,0,null,null,null,null,null,null,null,NO,null,null,null,null,null,null,NO,null,NO,NO,null,YES,null,Hash value for data integrity and validation purposes
openfema,data_products,mission_assignments,lastRefresh,38,null,YES,string,STRING,0,0,null,null,null,null,null,null,null,NO,null,null,null,null,null,null,NO,null,NO,NO,null,YES,null,Date and time when the data was last refreshed in the table
openfema,data_products,mission_assignments,femadexLastRefresh,39,null,YES,timestamp,TIMESTAMP,null,null,null,null,null,3,null,null,null,NO,null,null,null,null,null,null,NO,null,NO,NO,null,YES,null,Date and time when data from FEMA's system was last refreshed in the table
openfema,data_products,nfip_community_assistance_contacts,communityIdNumber,0,null,YES,string,STRING,0,0,null,null,null,null,null,null,null,NO,null,null,null,null,null,null,NO,null,NO,NO,null,YES,null,Unique identifier for each community participating in NFIP
openfema,data_products,nfip_community_assistance_contacts,currentNfipParticipationStatus,1,null,YES,string,STRING,0,0,null,null,null,null,null,null,null,NO,null,null,null,null,null,null,NO,null,NO,NO,null,YES,null,Current status of NFIP participation for the community
openfema,data_products,nfip_community_assistance_contacts,communityName,2,null,YES,string,STRING,0,0,null,null,null,null,null,null,null,NO,null,null,null,null,null,null,NO,null,NO,NO,null,YES,null,Name of the community participating in NFIP
openfema,data_products,nfip_community_assistance_contacts,county,3,null,YES,string,STRING,0,0,null,null,null,null,null,null,null,NO,null,null,null,null,null,null,NO,null,NO,NO,null,YES,null,County where the community is located
openfema,data_products,nfip_community_assistance_contacts,state,4,null,YES,string,STRING,0,0,null,null,null,null,null,null,null,NO,null,null,null,null,null,null,NO,null,NO,NO,null,YES,null,State where the community is located
openfema,data_products,nfip_community_assistance_contacts,femaRegion,5,null,YES,string,STRING,0,0,null,null,null,null,null,null,null,NO,null,null,null,null,null,null,NO,null,NO,NO,null,YES,null,FEMA region assigned to the community
openfema,data_products,nfip_community_assistance_contacts,tribal,6,null,YES,string,STRING,0,0,null,null,null,null,null,null,null,NO,null,null,null,null,null,null,NO,null,NO,NO,null,YES,null,Indicates if the community has tribal affiliation
openfema,data_products,nfip_community_assistance_contacts,cacOpenDate,7,null,YES,string,STRING,0,0,null,null,null,null,null,null,null,NO,null,null,null,null,null,null,NO,null,NO,NO,null,YES,null,Date when the Community Assistance Contact was opened
openfema,data_products,nfip_community_assistance_contacts,cacOrdinanceFinding,8,null,YES,string,STRING,0,0,null,null,null,null,null,null,null,NO,null,null,null,null,null,null,NO,null,NO,NO,null,YES,null,Findings related to ordinances in the community
openfema,data_products,nfip_community_assistance_contacts,cacEnforcementFinding,9,null,YES,string,STRING,0,0,null,null,null,null,null,null,null,NO,null,null,null,null,null,null,NO,null,NO,NO,null,YES,null,Findings related to enforcement actions in the community
openfema,data_products,nfip_community_assistance_contacts,cacEngineeringFinding,10,null,YES,string,STRING,0,0,null,null,null,null,null,null,null,NO,null,null,null,null,null,null,NO,null,NO,NO,null,YES,null,Findings related to engineering assessments in the community
openfema,data_products,nfip_community_assistance_contacts,cacOtherFinding,11,null,YES,string,STRING,0,0,null,null,null,null,null,null,null,NO,null,null,null,null,null,null,NO,null,NO,NO,null,YES,null,Other findings related to community assistance
openfema,data_products,nfip_community_assistance_contacts,cacViolations,12,null,YES,string,STRING,0,0,null,null,null,null,null,null,null,NO,null,null,null,null,null,null,NO,null,NO,NO,null,YES,null,Violations identified in the community
openfema,data_products,nfip_community_assistance_contacts,cacClosed,13,null,YES,string,STRING,0,0,null,null,null,null,null,null,null,NO,null,null,null,null,null,null,NO,null,NO,NO,null,YES,null,Indicates if the Community Assistance Contact is closed
openfema,data_products,nfip_community_assistance_contacts,cacAgency,14,null,YES,string,STRING,0,0,null,null,null,null,null,null,null,NO,null,null,null,null,null,null,NO,null,NO,NO,null,YES,null,Agency responsible for managing the Community Assistance Contact
openfema,data_products,nfip_community_assistance_contacts,lastRefresh,15,null,YES,string,STRING,0,0,null,null,null,null,null,null,null,NO,null,null,null,null,null,null,NO,null,NO,NO,null,YES,null,Date of the last data refresh for the record
openfema,data_products,nfip_community_assistance_contacts,id,16,null,YES,string,STRING,0,0,null,null,null,null,null,null,null,NO,null,null,null,null,null,null,NO,null,NO,NO,null,YES,null,Unique identifier for each record in the table
openfema,data_products,nfip_community_assistance_contacts,femadexLastRefresh,17,null,YES,timestamp,TIMESTAMP,null,null,null,null,null,3,null,null,null,NO,null,null,null,null,null,null,NO,null,NO,NO,null,YES,null,Timestamp of the last data refresh from FEMA's data exchange
openfema,data_products,nfip_community_assistance_visits,communityIdNumber,0,null,YES,string,STRING,0,0,null,null,null,null,null,null,null,NO,null,null,null,null,null,null,NO,null,NO,NO,null,YES,null,Identifier for the community
openfema,data_products,nfip_community_assistance_visits,currentNfipParticipationStatus,1,null,YES,boolean,BOOLEAN,null,null,null,null,null,null,null,null,null,NO,null,null,null,null,null,null,NO,null,NO,NO,null,YES,null,Current participation status in NFIP (True/False)
openfema,data_products,nfip_community_assistance_visits,communityName,2,null,YES,string,STRING,0,0,null,null,null,null,null,null,null,NO,null,null,null,null,null,null,NO,null,NO,NO,null,YES,null,Name of the community
openfema,data_products,nfip_community_assistance_visits,county,3,null,YES,string,STRING,0,0,null,null,null,null,null,null,null,NO,null,null,null,null,null,null,NO,null,NO,NO,null,YES,null,County where the community is located
openfema,data_products,nfip_community_assistance_visits,state,4,null,YES,string,STRING,0,0,null,null,null,null,null,null,null,NO,null,null,null,null,null,null,NO,null,NO,NO,null,YES,null,State where the community is located
openfema,data_products,nfip_community_assistance_visits,femaRegion,5,null,YES,bigint,LONG,null,null,null,null,null,null,null,null,null,NO,null,null,null,null,null,null,NO,null,NO,NO,null,YES,null,FEMA region number
openfema,data_products,nfip_community_assistance_visits,tribal,6,null,YES,boolean,BOOLEAN,null,null,null,null,null,null,null,null,null,NO,null,null,null,null,null,null,NO,null,NO,NO,null,YES,null,Indicates if the community is tribal (True/False)
openfema,data_products,nfip_community_assistance_visits,cavOpenDate,7,null,YES,string,STRING,0,0,null,null,null,null,null,null,null,NO,null,null,null,null,null,null,NO,null,NO,NO,null,YES,null,Date when the visit was opened
openfema,data_products,nfip_community_assistance_visits,cavOrdinanceFinding,8,null,YES,string,STRING,0,0,null,null,null,null,null,null,null,NO,null,null,null,null,null,null,NO,null,NO,NO,null,YES,null,Findings related to ordinances during the visit
openfema,data_products,nfip_community_assistance_visits,cavEnforcementFinding,9,null,YES,string,STRING,0,0,null,null,null,null,null,null,null,NO,null,null,null,null,null,null,NO,null,NO,NO,null,YES,null,Findings related to enforcement actions during the visit
openfema,data_products,nfip_community_assistance_visits,cavEngineeringFinding,10,null,YES,string,STRING,0,0,null,null,null,null,null,null,null,NO,null,null,null,null,null,null,NO,null,NO,NO,null,YES,null,Findings related to engineering during the visit
openfema,data_products,nfip_community_assistance_visits,cavOtherFinding,11,null,YES,string,STRING,0,0,null,null,null,null,null,null,null,NO,null,null,null,null,null,null,NO,null,NO,NO,null,YES,null,Other findings during the visit
openfema,data_products,nfip_community_assistance_visits,cavViolations,12,null,YES,string,STRING,0,0,null,null,null,null,null,null,null,NO,null,null,null,null,null,null,NO,null,NO,NO,null,YES,null,Violations identified during the visit
openfema,data_products,nfip_community_assistance_visits,cavRemedialActionsAssigned,13,null,YES,boolean,BOOLEAN,null,null,null,null,null,null,null,null,null,NO,null,null,null,null,null,null,NO,null,NO,NO,null,YES,null,Indicates if remedial actions were assigned (True/False)
openfema,data_products,nfip_community_assistance_visits,cavClosed,14,null,YES,string,STRING,0,0,null,null,null,null,null,null,null,NO,null,null,null,null,null,null,NO,null,NO,NO,null,YES,null,Date when the visit was closed
openfema,data_products,nfip_community_assistance_visits,cavAgency,15,null,YES,string,STRING,0,0,null,null,null,null,null,null,null,NO,null,null,null,null,null,null,NO,null,NO,NO,null,YES,null,Agency responsible for the visit
openfema,data_products,nfip_community_assistance_visits,lastRefresh,16,null,YES,string,STRING,0,0,null,null,null,null,null,null,null,NO,null,null,null,null,null,null,NO,null,NO,NO,null,YES,null,Date of last data refresh
openfema,data_products,nfip_community_assistance_visits,id,17,null,YES,string,STRING,0,0,null,null,null,null,null,null,null,NO,null,null,null,null,null,null,NO,null,NO,NO,null,YES,null,Unique identifier for the record
openfema,data_products,nfip_community_assistance_visits,femadexLastRefresh,18,null,YES,timestamp,TIMESTAMP,null,null,null,null,null,3,null,null,null,NO,null,null,null,null,null,null,NO,null,NO,NO,null,YES,null,Timestamp of last refresh in FEMADEX system
openfema,data_products,nfip_community_engagements,communityIdNumber,0,null,YES,string,STRING,0,0,null,null,null,null,null,null,null,NO,null,null,null,null,null,null,NO,null,NO,NO,null,YES,null,Identifier for the community
openfema,data_products,nfip_community_engagements,currentNfipParticipationStatus,1,null,YES,boolean,BOOLEAN,null,null,null,null,null,null,null,null,null,NO,null,null,null,null,null,null,NO,null,NO,NO,null,YES,null,Current participation status in NFIP (True/False)
openfema,data_products,nfip_community_engagements,communityName,2,null,YES,string,STRING,0,0,null,null,null,null,null,null,null,NO,null,null,null,null,null,null,NO,null,NO,NO,null,YES,null,Name of the community
openfema,data_products,nfip_community_engagements,county,3,null,YES,string,STRING,0,0,null,null,null,null,null,null,null,NO,null,null,null,null,null,null,NO,null,NO,NO,null,YES,null,County where the community is located
openfema,data_products,nfip_community_engagements,state,4,null,YES,string,STRING,0,0,null,null,null,null,null,null,null,NO,null,null,null,null,null,null,NO,null,NO,NO,null,YES,null,State where the community is located
openfema,data_products,nfip_community_engagements,femaRegion,5,null,YES,bigint,LONG,null,null,null,null,null,null,null,null,null,NO,null,null,null,null,null,null,NO,null,NO,NO,null,YES,null,FEMA region number
openfema,data_products,nfip_community_engagements,tribal,6,null,YES,boolean,BOOLEAN,null,null,null,null,null,null,null,null,null,NO,null,null,null,null,null,null,NO,null,NO,NO,null,YES,null,Indicates if the community is tribal (True/False)
openfema,data_products,nfip_community_engagements,numberRepetitiveLossStructures,7,null,YES,double,DOUBLE,null,null,null,2,null,null,null,null,null,NO,null,null,null,null,null,null,NO,null,NO,NO,null,YES,null,Number of repetitive loss structures in the community
openfema,data_products,nfip_community_engagements,currentCRSClass,8,null,YES,double,DOUBLE,null,null,null,2,null,null,null,null,null,NO,null,null,null,null,null,null,NO,null,NO,NO,null,YES,null,Current Community Rating System (CRS) class
openfema,data_products,nfip_community_engagements,dateOfLastWorkshop,9,null,YES,string,STRING,0,0,null,null,null,null,null,null,null,NO,null,null,null,null,null,null,NO,null,NO,NO,null,YES,null,Date of the last workshop with the community
openfema,data_products,nfip_community_engagements,moreRestrictiveOrdinance,10,null,YES,boolean,BOOLEAN,null,null,null,null,null,null,null,null,null,NO,null,null,null,null,null,null,NO,null,NO,NO,null,YES,null,Indicates if there is a more restrictive ordinance in place (True/False)
openfema,data_products,nfip_community_engagements,nfipEntryDate,11,null,YES,string,STRING,0,0,null,null,null,null,null,null,null,NO,null,null,null,null,null,null,NO,null,NO,NO,null,YES,null,Date of entry into NFIP
openfema,data_products,nfip_community_engagements,crsEntryDate,12,null,YES,string,STRING,0,0,null,null,null,null,null,null,null,NO,null,null,null,null,null,null,NO,null,NO,NO,null,YES,null,Date of entry into CRS
openfema,data_products,nfip_community_engagements,crsClassEffectiveDate,13,null,YES,string,STRING,0,0,null,null,null,null,null,null,null,NO,null,null,null,null,null,null,NO,null,NO,NO,null,YES,null,Effective date of the CRS class
openfema,data_products,nfip_community_engagements,crsInquiryReceivedDate,14,null,YES,string,STRING,0,0,null,null,null,null,null,null,null,NO,null,null,null,null,null,null,NO,null,NO,NO,null,YES,null,Date when CRS inquiry was received
openfema,data_products,nfip_community_engagements,crsCandidate,15,null,YES,boolean,BOOLEAN,null,null,null,null,null,null,null,null,null,NO,null,null,null,null,null,null,NO,null,NO,NO,null,YES,null,Indicates if the community is a CRS candidate (True/False)
openfema,data_products,nfip_community_engagements,eligibilityConfirmationLetterSentDate,16,null,YES,string,STRING,0,0,null,null,null,null,null,null,null,NO,null,null,null,null,null,null,NO,null,NO,NO,null,YES,null,Date when eligibility confirmation letter was sent
openfema,data_products,nfip_community_engagements,numOfVZonePolicies,17,null,YES,double,DOUBLE,null,null,null,2,null,null,null,null,null,NO,null,null,null,null,null,null,NO,null,NO,NO,null,YES,null,Number of policies in V Zone
openfema,data_products,nfip_community_engagements,numOfAzonePolicies,18,null,YES,double,DOUBLE,null,null,null,2,null,null,null,null,null,NO,null,null,null,null,null,null,NO,null,NO,NO,null,YES,null,Number of policies in A Zone
openfema,data_products,nfip_community_engagements,totalNfipPoliciesInForce,19,null,YES,double,DOUBLE,null,null,null,2,null,null,null,null,null,NO,null,null,null,null,null,null,NO,null,NO,NO,null,YES,null,Total number of NFIP policies in force
openfema,data_products,nfip_community_engagements,totalNfipClaimsSince,20,null,YES,double,DOUBLE,null,null,null,2,null,null,null,null,null,NO,null,null,null,null,null,null,NO,null,NO,NO,null,YES,null,Total number of NFIP claims since a specific date
openfema,data_products,nfip_community_engagements,totalNfipClaimsPaidsSince,21,null,YES,double,DOUBLE,null,null,null,2,null,null,null,null,null,NO,null,null,null,null,null,null,NO,null,NO,NO,null,YES,null,Total number of NFIP claims paid since a specific date
openfema,data_products,nfip_community_engagements,totalRepetitiveLoss,22,null,YES,double,DOUBLE,null,null,null,2,null,null,null,null,null,NO,null,null,null,null,null,null,NO,null,NO,NO,null,YES,null,Total number of repetitive loss incidents in the community
openfema,data_products,nfip_community_engagements,lastRefresh,23,null,YES,string,STRING,0,0,null,null,null,null,null,null,null,NO,null,null,null,null,null,null,NO,null,NO,NO,null,YES,null,Date of the last data refresh/update
openfema,data_products,nfip_community_engagements,id,24,null,YES,string,STRING,0,0,null,null,null,null,null,null,null,NO,null,null,null,null,null,null,NO,null,NO,NO,null,YES,null,Unique identifier for each record
openfema,data_products,nfip_community_engagements,femadexLastRefresh,25,null,YES,timestamp,TIMESTAMP,null,null,null,null,null,3,null,null,null,NO,null,null,null,null,null,null,NO,null,NO,NO,null,YES,null,Date of the last data refresh/update in FEMA's index
openfema,data_products,nfip_community_layer_comprehensive,id,0,null,YES,bigint,LONG,null,null,null,null,null,null,null,null,null,NO,null,null,null,null,null,null,NO,null,NO,NO,null,YES,null,Unique identifier for each record in the table
openfema,data_products,nfip_community_layer_comprehensive,communityIdNumber,1,null,YES,string,STRING,0,0,null,null,null,null,null,null,null,NO,null,null,null,null,null,null,NO,null,NO,NO,null,YES,null,Identifier for the community within the NFIP
openfema,data_products,nfip_community_layer_comprehensive,stateCode,2,null,YES,string,STRING,0,0,null,null,null,null,null,null,null,NO,null,null,null,null,null,null,NO,null,NO,NO,null,YES,null,Code representing the state where the community is located
openfema,data_products,nfip_community_layer_comprehensive,countyCode,3,null,YES,string,STRING,0,0,null,null,null,null,null,null,null,NO,null,null,null,null,null,null,NO,null,NO,NO,null,YES,null,Code representing the county where the community is located
openfema,data_products,nfip_community_layer_comprehensive,censusGeoid,4,null,YES,string,STRING,0,0,null,null,null,null,null,null,null,NO,null,null,null,null,null,null,NO,null,NO,NO,null,YES,null,Geographic identifier from the census data
openfema,data_products,nfip_community_layer_comprehensive,county,5,null,YES,string,STRING,0,0,null,null,null,null,null,null,null,NO,null,null,null,null,null,null,NO,null,NO,NO,null,YES,null,Name of the county where the community is located
openfema,data_products,nfip_community_layer_comprehensive,communityName,6,null,YES,string,STRING,0,0,null,null,null,null,null,null,null,NO,null,null,null,null,null,null,NO,null,NO,NO,null,YES,null,Full name of the community participating in NFIP
openfema,data_products,nfip_community_layer_comprehensive,communityNameShort,7,null,YES,string,STRING,0,0,null,null,null,null,null,null,null,NO,null,null,null,null,null,null,NO,null,NO,NO,null,YES,null,Shortened name of the community participating in NFIP
openfema,data_products,nfip_community_layer_comprehensive,censusYear,8,null,YES,bigint,LONG,null,null,null,null,null,null,null,null,null,NO,null,null,null,null,null,null,NO,null,NO,NO,null,YES,null,Year of the census data
openfema,data_products,nfip_community_layer_comprehensive,censusPopulationEntire,9,null,YES,double,DOUBLE,null,null,null,2,null,null,null,null,null,NO,null,null,null,null,null,null,NO,null,NO,NO,null,YES,null,Total population count for the entire community
openfema,data_products,nfip_community_layer_comprehensive,censusHousingUnitsEntire,10,null,YES,double,DOUBLE,null,null,null,2,null,null,null,null,null,NO,null,null,null,null,null,null,NO,null,NO,NO,null,YES,null,Total count of housing units for the entire community
openfema,data_products,nfip_community_layer_comprehensive,landAreaEntire,11,null,YES,double,DOUBLE,null,null,null,2,null,null,null,null,null,NO,null,null,null,null,null,null,NO,null,NO,NO,null,YES,null,Total land area of the entire community
openfema,data_products,nfip_community_layer_comprehensive,cisType,12,null,YES,string,STRING,0,0,null,null,null,null,null,null,null,NO,null,null,null,null,null,null,NO,null,NO,NO,null,YES,null,Type of Community Identification System used
openfema,data_products,nfip_community_layer_comprehensive,cisSource,13,null,YES,string,STRING,0,0,null,null,null,null,null,null,null,NO,null,null,null,null,null,null,NO,null,NO,NO,null,YES,null,Source of the Community Identification System data
openfema,data_products,nfip_community_layer_comprehensive,geometrySource,14,null,YES,string,STRING,0,0,null,null,null,null,null,null,null,NO,null,null,null,null,null,null,NO,null,NO,NO,null,YES,null,Source of the geographic geometry data
openfema,data_products,nfip_community_layer_comprehensive,alternateGeoid,15,null,YES,string,STRING,0,0,null,null,null,null,null,null,null,NO,null,null,null,null,null,null,NO,null,NO,NO,null,YES,null,Alternate geographic identifier from another source
openfema,data_products,nfip_community_layer_comprehensive,alternateName,16,null,YES,string,STRING,0,0,null,null,null,null,null,null,null,NO,null,null,null,null,null,null,NO,null,NO,NO,null,YES,null,Alternative name for the community
openfema,data_products,nfip_community_layer_comprehensive,alternateLongName,17,null,YES,string,STRING,0,0,null,null,null,null,null,null,null,NO,null,null,null,null,null,null,NO,null,NO,NO,null,YES,null,Alternative long name for the community
openfema,data_products,nfip_community_layer_comprehensive,layerCreationNotes,18,null,YES,string,STRING,0,0,null,null,null,null,null,null,null,NO,null,null,null,null,null,null,NO,null,NO,NO,null,YES,null,Notes related to the creation of the layer in the table
openfema,data_products,nfip_community_layer_comprehensive,censusClassCodes,19,null,YES,string,STRING,0,0,null,null,null,null,null,null,null,NO,null,null,null,null,null,null,NO,null,NO,NO,null,YES,null,Classification codes related to census data
openfema,data_products,nfip_community_layer_comprehensive,censusFunctionalStatusCodes,20,null,YES,string,STRING,0,0,null,null,null,null,null,null,null,NO,null,null,null,null,null,null,NO,null,NO,NO,null,YES,null,Codes indicating the functional status of the community based on census data
openfema,data_products,nfip_community_layer_comprehensive,layerTypeCode,21,null,YES,string,STRING,0,0,null,null,null,null,null,null,null,NO,null,null,null,null,null,null,NO,null,NO,NO,null,YES,null,Code representing the type of layer in the table
openfema,data_products,nfip_community_layer_comprehensive,layerGeometry.type,22,null,YES,string,STRING,0,0,null,null,null,null,null,null,null,NO,null,null,null,null,null,null,NO,null,NO,NO,null,YES,null,Type of geometry data used for the layer
openfema,data_products,nfip_community_layer_comprehensive,layerGeometry.coordinates,23,null,YES,array<array<array<array<double>>>>,ARRAY,null,null,null,null,null,null,null,null,null,NO,null,null,null,null,null,null,NO,null,NO,NO,null,YES,null,Coordinates of the geometry data for the layer
openfema,data_products,nfip_community_layer_comprehensive,femadexLastRefresh,24,null,YES,timestamp,TIMESTAMP,null,null,null,null,null,3,null,null,null,NO,null,null,null,null,null,null,NO,null,NO,NO,null,YES,null,Date of the last refresh/update of data in FEMA's index
openfema,data_products,nfip_community_status_book,communityIdNumber,0,null,YES,string,STRING,0,0,null,null,null,null,null,null,null,NO,null,null,null,null,null,null,NO,null,NO,NO,null,YES,null,Unique identifier for each community participating in NFIP
openfema,data_products,nfip_community_status_book,communityName,1,null,YES,string,STRING,0,0,null,null,null,null,null,null,null,NO,null,null,null,null,null,null,NO,null,NO,NO,null,YES,null,Name of the community participating in NFIP
openfema,data_products,nfip_community_status_book,county,2,null,YES,string,STRING,0,0,null,null,null,null,null,null,null,NO,null,null,null,null,null,null,NO,null,NO,NO,null,YES,null,County where the community is located
openfema,data_products,nfip_community_status_book,state,3,null,YES,string,STRING,0,0,null,null,null,null,null,null,null,NO,null,null,null,null,null,null,NO,null,NO,NO,null,YES,null,State where the community is located
openfema,data_products,nfip_community_status_book,initialFloodHazardBoundaryMap,4,null,YES,string,STRING,0,0,null,null,null,null,null,null,null,NO,null,null,null,null,null,null,NO,null,NO,NO,null,YES,null,Map showing initial flood hazard boundaries for the community
openfema,data_products,nfip_community_status_book,initialFloodInsuranceRateMap,5,null,YES,string,STRING,0,0,null,null,null,null,null,null,null,NO,null,null,null,null,null,null,NO,null,NO,NO,null,YES,null,Map showing initial flood insurance rates for the community
openfema,data_products,nfip_community_status_book,currentlyEffectiveMapDate,6,null,YES,string,STRING,0,0,null,null,null,null,null,null,null,NO,null,null,null,null,null,null,NO,null,NO,NO,null,YES,null,Date when the current flood hazard map became effective
openfema,data_products,nfip_community_status_book,regularEmergencyProgramDate,7,null,YES,string,STRING,0,0,null,null,null,null,null,null,null,NO,null,null,null,null,null,null,NO,null,NO,NO,null,YES,null,Date of regular emergency program participation for the community
openfema,data_products,nfip_community_status_book,tribal,8,null,YES,boolean,BOOLEAN,null,null,null,null,null,null,null,null,null,NO,null,null,null,null,null,null,NO,null,NO,NO,null,YES,null,Indicates if the community is a tribal community (true/false)
openfema,data_products,nfip_community_status_book,participatingInNFIP,9,null,YES,boolean,BOOLEAN,null,null,null,null,null,null,null,null,null,NO,null,null,null,null,null,null,NO,null,NO,NO,null,YES,null,Indicates if the community is currently participating in NFIP (true/false)
openfema,data_products,nfip_community_status_book,originalEntryDate,10,null,YES,string,STRING,0,0,null,null,null,null,null,null,null,NO,null,null,null,null,null,null,NO,null,NO,NO,null,YES,null,Date when the community's information was originally entered into the system
openfema,data_products,nfip_community_status_book,classRatingEffectiveDate,11,null,YES,string,STRING,0,0,null,null,null,null,null,null,null,NO,null,null,null,null,null,null,NO,null,NO,NO,null,YES,null,Date when the class rating for the community became effective
openfema,data_products,nfip_community_status_book,classRating,12,null,YES,string,STRING,0,0,null,null,null,null,null,null,null,NO,null,null,null,null,null,null,NO,null,NO,NO,null,YES,null,Class rating assigned to the community based on flood risk
openfema,data_products,nfip_community_status_book,sfhaDiscount,13,null,YES,string,STRING,0,0,null,null,null,null,null,null,null,NO,null,null,null,null,null,null,NO,null,NO,NO,null,YES,null,Discount applied for communities in Special Flood Hazard Areas (SFHA)
openfema,data_products,nfip_community_status_book,nonSfhaDiscount,14,null,YES,string,STRING,0,0,null,null,null,null,null,null,null,NO,null,null,null,null,null,null,NO,null,NO,NO,null,YES,null,Discount applied for communities not in Special Flood Hazard Areas (non-SFHA)
openfema,data_products,nfip_community_status_book,lastRefresh,15,null,YES,string,STRING,0,0,null,null,null,null,null,null,null,NO,null,null,null,null,null,null,NO,null,NO,NO,null,YES,null,Date of the last data refresh/update for the community
openfema,data_products,nfip_community_status_book,femadexLastRefresh,16,null,YES,timestamp,TIMESTAMP,null,null,null,null,null,3,null,null,null,NO,null,null,null,null,null,null,NO,null,NO,NO,null,YES,null,Timestamp of the last data refresh/update from FEMA's database
openfema,data_products,nfip_multiple_loss_properties,fipsCountyCode,0,null,YES,string,STRING,0,0,null,null,null,null,null,null,null,NO,null,null,null,null,null,null,NO,null,NO,NO,null,YES,null,The FIPS county code for the location of the property
openfema,data_products,nfip_multiple_loss_properties,state,1,null,YES,string,STRING,0,0,null,null,null,null,null,null,null,NO,null,null,null,null,null,null,NO,null,NO,NO,null,YES,null,The state where the property is located
openfema,data_products,nfip_multiple_loss_properties,stateAbbreviation,2,null,YES,string,STRING,0,0,null,null,null,null,null,null,null,NO,null,null,null,null,null,null,NO,null,NO,NO,null,YES,null,The abbreviation of the state where the property is located
openfema,data_products,nfip_multiple_loss_properties,county,3,null,YES,string,STRING,0,0,null,null,null,null,null,null,null,NO,null,null,null,null,null,null,NO,null,NO,NO,null,YES,null,The county where the property is located
openfema,data_products,nfip_multiple_loss_properties,zipCode,4,null,YES,string,STRING,0,0,null,null,null,null,null,null,null,NO,null,null,null,null,null,null,NO,null,NO,NO,null,YES,null,The ZIP code of the property location
openfema,data_products,nfip_multiple_loss_properties,reportedCity,5,null,YES,string,STRING,0,0,null,null,null,null,null,null,null,NO,null,null,null,null,null,null,NO,null,NO,NO,null,YES,null,The city where the property is reported
openfema,data_products,nfip_multiple_loss_properties,communityIdNumber,6,null,YES,string,STRING,0,0,null,null,null,null,null,null,null,NO,null,null,null,null,null,null,NO,null,NO,NO,null,YES,null,The identification number of the community where the property is located
openfema,data_products,nfip_multiple_loss_properties,communityName,7,null,YES,string,STRING,0,0,null,null,null,null,null,null,null,NO,null,null,null,null,null,null,NO,null,NO,NO,null,YES,null,The name of the community where the property is located
openfema,data_products,nfip_multiple_loss_properties,censusBlockGroup,8,null,YES,string,STRING,0,0,null,null,null,null,null,null,null,NO,null,null,null,null,null,null,NO,null,NO,NO,null,YES,null,The census block group of the property location
openfema,data_products,nfip_multiple_loss_properties,nfipRl,9,null,YES,boolean,BOOLEAN,null,null,null,null,null,null,null,null,null,NO,null,null,null,null,null,null,NO,null,NO,NO,null,YES,null,Indicates if the property is covered by NFIP Regular Loss policy
openfema,data_products,nfip_multiple_loss_properties,nfipSrl,10,null,YES,boolean,BOOLEAN,null,null,null,null,null,null,null,null,null,NO,null,null,null,null,null,null,NO,null,NO,NO,null,YES,null,Indicates if the property is covered by NFIP Severe Repetitive Loss policy
openfema,data_products,nfip_multiple_loss_properties,fmaRl,11,null,YES,boolean,BOOLEAN,null,null,null,null,null,null,null,null,null,NO,null,null,null,null,null,null,NO,null,NO,NO,null,YES,null,Indicates if the property is covered by FMA Regular Loss policy
openfema,data_products,nfip_multiple_loss_properties,fmaSrl,12,null,YES,boolean,BOOLEAN,null,null,null,null,null,null,null,null,null,NO,null,null,null,null,null,null,NO,null,NO,NO,null,YES,null,Indicates if the property is covered by FMA Severe Repetitive Loss policy
openfema,data_products,nfip_multiple_loss_properties,asOfDate,13,null,YES,string,STRING,0,0,null,null,null,null,null,null,null,NO,null,null,null,null,null,null,NO,null,NO,NO,null,YES,null,The date when the data was last updated or recorded
openfema,data_products,nfip_multiple_loss_properties,floodZone,14,null,YES,string,STRING,0,0,null,null,null,null,null,null,null,NO,null,null,null,null,null,null,NO,null,NO,NO,null,YES,null,The flood zone classification of the property location
openfema,data_products,nfip_multiple_loss_properties,latitude,15,null,YES,double,DOUBLE,null,null,null,2,null,null,null,null,null,NO,null,null,null,null,null,null,NO,null,NO,NO,null,YES,null,The latitude coordinate of the property location
openfema,data_products,nfip_multiple_loss_properties,longitude,16,null,YES,double,DOUBLE,null,null,null,2,null,null,null,null,null,NO,null,null,null,null,null,null,NO,null,NO,NO,null,YES,null,The longitude coordinate of the property location
openfema,data_products,nfip_multiple_loss_properties,occupancyType,17,null,YES,double,DOUBLE,null,null,null,2,null,null,null,null,null,NO,null,null,null,null,null,null,NO,null,NO,NO,null,YES,null,The type of occupancy for the property
openfema,data_products,nfip_multiple_loss_properties,originalConstructionDate,18,null,YES,string,STRING,0,0,null,null,null,null,null,null,null,NO,null,null,null,null,null,null,NO,null,NO,NO,null,YES,null,The date when the property was originally constructed
openfema,data_products,nfip_multiple_loss_properties,originalNBDate,19,null,YES,string,STRING,0,0,null,null,null,null,null,null,null,NO,null,null,null,null,null,null,NO,null,NO,NO,null,YES,null,The date when the National Flood Insurance Program (NFIP) policy was issued for the property
openfema,data_products,nfip_multiple_loss_properties,postFIRMConstructionIndicator,20,null,YES,boolean,BOOLEAN,null,null,null,null,null,null,null,null,null,NO,null,null,null,null,null,null,NO,null,NO,NO,null,YES,null,Indicates if the property was constructed after the Flood Insurance Rate Map (FIRM) was issued
openfema,data_products,nfip_multiple_loss_properties,primaryResidenceIndicator,21,null,YES,boolean,BOOLEAN,null,null,null,null,null,null,null,null,null,NO,null,null,null,null,null,null,NO,null,NO,NO,null,YES,null,Indicates if the property is the primary residence of the owner
openfema,data_products,nfip_multiple_loss_properties,mitigatedIndicator,22,null,YES,boolean,BOOLEAN,null,null,null,null,null,null,null,null,null,NO,null,null,null,null,null,null,NO,null,NO,NO,null,YES,null,Indicates if any mitigation measures have been implemented for the property
openfema,data_products,nfip_multiple_loss_properties,insuredIndicator,23,null,YES,boolean,BOOLEAN,null,null,null,null,null,null,null,null,null,NO,null,null,null,null,null,null,NO,null,NO,NO,null,YES,null,Indicates if the property is insured against flood damage
openfema,data_products,nfip_multiple_loss_properties,totalLosses,24,null,YES,double,DOUBLE,null,null,null,2,null,null,null,null,null,NO,null,null,null,null,null,null,NO,null,NO,NO,null,YES,null,Total number of flood losses experienced by the property
openfema,data_products,nfip_multiple_loss_properties,mostRecentDateofLoss,25,null,YES,string,STRING,0,0,null,null,null,null,null,null,null,NO,null,null,null,null,null,null,NO,null,NO,NO,null,YES,null,The most recent date when a flood loss occurred for the property
openfema,data_products,nfip_multiple_loss_properties,id,26,null,YES,string,STRING,0,0,null,null,null,null,null,null,null,NO,null,null,null,null,null,null,NO,null,NO,NO,null,YES,null,Unique identifier for each record in the table
openfema,data_products,nfip_multiple_loss_properties,femadexLastRefresh,27,null,YES,timestamp,TIMESTAMP,null,null,null,null,null,3,null,null,null,NO,null,null,null,null,null,null,NO,null,NO,NO,null,YES,null,The date when the FEMA Data Exchange (FEMADEX) was last refreshed
openfema,data_products,nfip_residential_penetration_rates,state,0,null,YES,string,STRING,0,0,null,null,null,null,null,null,null,NO,null,null,null,null,null,null,NO,null,NO,NO,null,YES,null,null
openfema,data_products,nfip_residential_penetration_rates,county,1,null,YES,string,STRING,0,0,null,null,null,null,null,null,null,NO,null,null,null,null,null,null,NO,null,NO,NO,null,YES,null,null
openfema,data_products,nfip_residential_penetration_rates,resPenetrationRate,2,null,YES,double,DOUBLE,null,null,null,2,null,null,null,null,null,NO,null,null,null,null,null,null,NO,null,NO,NO,null,YES,null,null
openfema,data_products,nfip_residential_penetration_rates,resContractsInForce,3,null,YES,double,DOUBLE,null,null,null,2,null,null,null,null,null,NO,null,null,null,null,null,null,NO,null,NO,NO,null,YES,null,null
openfema,data_products,nfip_residential_penetration_rates,totalResStructures,4,null,YES,double,DOUBLE,null,null,null,2,null,null,null,null,null,NO,null,null,null,null,null,null,NO,null,NO,NO,null,YES,null,null
openfema,data_products,nfip_residential_penetration_rates,fipsCode,5,null,YES,string,STRING,0,0,null,null,null,null,null,null,null,NO,null,null,null,null,null,null,NO,null,NO,NO,null,YES,null,null
openfema,data_products,nfip_residential_penetration_rates,asOfDate,6,null,YES,string,STRING,0,0,null,null,null,null,null,null,null,NO,null,null,null,null,null,null,NO,null,NO,NO,null,YES,null,null
openfema,data_products,nfip_residential_penetration_rates,id,7,null,YES,string,STRING,0,0,null,null,null,null,null,null,null,NO,null,null,null,null,null,null,NO,null,NO,NO,null,YES,null,null
openfema,data_products,nfip_residential_penetration_rates,femadexLastRefresh,8,null,YES,timestamp,TIMESTAMP,null,null,null,null,null,3,null,null,null,NO,null,null,null,null,null,null,NO,null,NO,NO,null,YES,null,null
openfema,data_products,non_disaster_and_assistance_to_firefighter_grants,awardNumber,0,null,YES,string,STRING,0,0,null,null,null,null,null,null,null,NO,null,null,null,null,null,null,NO,null,NO,NO,null,YES,null,null
openfema,data_products,non_disaster_and_assistance_to_firefighter_grants,fiscalYear,1,null,YES,bigint,LONG,null,null,null,null,null,null,null,null,null,NO,null,null,null,null,null,null,NO,null,NO,NO,null,YES,null,null
openfema,data_products,non_disaster_and_assistance_to_firefighter_grants,programName,2,null,YES,string,STRING,0,0,null,null,null,null,null,null,null,NO,null,null,null,null,null,null,NO,null,NO,NO,null,YES,null,null
openfema,data_products,non_disaster_and_assistance_to_firefighter_grants,programAbbreviation,3,null,YES,string,STRING,0,0,null,null,null,null,null,null,null,NO,null,null,null,null,null,null,NO,null,NO,NO,null,YES,null,null
openfema,data_products,non_disaster_and_assistance_to_firefighter_grants,vendorState,4,null,YES,string,STRING,0,0,null,null,null,null,null,null,null,NO,null,null,null,null,null,null,NO,null,NO,NO,null,YES,null,null
openfema,data_products,non_disaster_and_assistance_to_firefighter_grants,awardAmount,5,null,YES,double,DOUBLE,null,null,null,2,null,null,null,null,null,NO,null,null,null,null,null,null,NO,null,NO,NO,null,YES,null,null
openfema,data_products,non_disaster_and_assistance_to_firefighter_grants,region,6,null,YES,bigint,LONG,null,null,null,null,null,null,null,null,null,NO,null,null,null,null,null,null,NO,null,NO,NO,null,YES,null,null
openfema,data_products,non_disaster_and_assistance_to_firefighter_grants,vendorName,7,null,YES,string,STRING,0,0,null,null,null,null,null,null,null,NO,null,null,null,null,null,null,NO,null,NO,NO,null,YES,null,null
openfema,data_products,non_disaster_and_assistance_to_firefighter_grants,id,8,null,YES,string,STRING,0,0,null,null,null,null,null,null,null,NO,null,null,null,null,null,null,NO,null,NO,NO,null,YES,null,null
openfema,data_products,non_disaster_and_assistance_to_firefighter_grants,femadexLastRefresh,9,null,YES,timestamp,TIMESTAMP,null,null,null,null,null,3,null,null,null,NO,null,null,null,null,null,null,NO,null,NO,NO,null,YES,null,null
openfema,data_products,openfema_dataset_codes,datasetId,0,null,YES,string,STRING,0,0,null,null,null,null,null,null,null,NO,null,null,null,null,null,null,NO,null,NO,NO,null,YES,null,null
openfema,data_products,openfema_dataset_codes,datasetName,1,null,YES,string,STRING,0,0,null,null,null,null,null,null,null,NO,null,null,null,null,null,null,NO,null,NO,NO,null,YES,null,null
openfema,data_products,openfema_dataset_codes,datasetVersion,2,null,YES,bigint,LONG,null,null,null,null,null,null,null,null,null,NO,null,null,null,null,null,null,NO,null,NO,NO,null,YES,null,null
openfema,data_products,openfema_dataset_codes,fieldName,3,null,YES,string,STRING,0,0,null,null,null,null,null,null,null,NO,null,null,null,null,null,null,NO,null,NO,NO,null,YES,null,null
openfema,data_products,openfema_dataset_codes,code,4,null,YES,string,STRING,0,0,null,null,null,null,null,null,null,NO,null,null,null,null,null,null,NO,null,NO,NO,null,YES,null,null
openfema,data_products,openfema_dataset_codes,description,5,null,YES,string,STRING,0,0,null,null,null,null,null,null,null,NO,null,null,null,null,null,null,NO,null,NO,NO,null,YES,null,null
openfema,data_products,openfema_dataset_codes,id,6,null,YES,string,STRING,0,0,null,null,null,null,null,null,null,NO,null,null,null,null,null,null,NO,null,NO,NO,null,YES,null,null
openfema,data_products,openfema_dataset_codes,lastRefresh,7,null,YES,string,STRING,0,0,null,null,null,null,null,null,null,NO,null,null,null,null,null,null,NO,null,NO,NO,null,YES,null,null
openfema,data_products,openfema_dataset_codes,hash,8,null,YES,string,STRING,0,0,null,null,null,null,null,null,null,NO,null,null,null,null,null,null,NO,null,NO,NO,null,YES,null,null
openfema,data_products,openfema_dataset_codes,femadexLastRefresh,9,null,YES,timestamp,TIMESTAMP,null,null,null,null,null,3,null,null,null,NO,null,null,null,null,null,null,NO,null,NO,NO,null,YES,null,null
openfema,data_products,openfema_dataset_fields,datasetId,0,null,YES,string,STRING,0,0,null,null,null,null,null,null,null,NO,null,null,null,null,null,null,NO,null,NO,NO,null,YES,null,Unique identifier for each dataset
openfema,data_products,openfema_dataset_fields,openFemaDataSet,1,null,YES,string,STRING,0,0,null,null,null,null,null,null,null,NO,null,null,null,null,null,null,NO,null,NO,NO,null,YES,null,Name of the dataset within FEMA database
openfema,data_products,openfema_dataset_fields,datasetVersion,2,null,YES,bigint,LONG,null,null,null,null,null,null,null,null,null,NO,null,null,null,null,null,null,NO,null,NO,NO,null,YES,null,Version number of the dataset
openfema,data_products,openfema_dataset_fields,name,3,null,YES,string,STRING,0,0,null,null,null,null,null,null,null,NO,null,null,null,null,null,null,NO,null,NO,NO,null,YES,null,Name of the dataset
openfema,data_products,openfema_dataset_fields,title,4,null,YES,string,STRING,0,0,null,null,null,null,null,null,null,NO,null,null,null,null,null,null,NO,null,NO,NO,null,YES,null,Title of the dataset
openfema,data_products,openfema_dataset_fields,description,5,null,YES,string,STRING,0,0,null,null,null,null,null,null,null,NO,null,null,null,null,null,null,NO,null,NO,NO,null,YES,null,Description of the dataset
openfema,data_products,openfema_dataset_fields,type,6,null,YES,string,STRING,0,0,null,null,null,null,null,null,null,NO,null,null,null,null,null,null,NO,null,NO,NO,null,YES,null,Type of dataset
openfema,data_products,openfema_dataset_fields,sortOrder,7,null,YES,bigint,LONG,null,null,null,null,null,null,null,null,null,NO,null,null,null,null,null,null,NO,null,NO,NO,null,YES,null,Order in which the dataset is sorted
openfema,data_products,openfema_dataset_fields,isSearchable,8,null,YES,boolean,BOOLEAN,null,null,null,null,null,null,null,null,null,NO,null,null,null,null,null,null,NO,null,NO,NO,null,YES,null,Indicates if the dataset is searchable
openfema,data_products,openfema_dataset_fields,isNestedObject,9,null,YES,boolean,BOOLEAN,null,null,null,null,null,null,null,null,null,NO,null,null,null,null,null,null,NO,null,NO,NO,null,YES,null,Indicates if the dataset is a nested object
openfema,data_products,openfema_dataset_fields,isNullable,10,null,YES,boolean,BOOLEAN,null,null,null,null,null,null,null,null,null,NO,null,null,null,null,null,null,NO,null,NO,NO,null,YES,null,Indicates if the dataset allows null values
openfema,data_products,openfema_dataset_fields,primaryKey,11,null,YES,boolean,BOOLEAN,null,null,null,null,null,null,null,null,null,NO,null,null,null,null,null,null,NO,null,NO,NO,null,YES,null,Indicates if the dataset is a primary key
openfema,data_products,openfema_dataset_fields,id,12,null,YES,string,STRING,0,0,null,null,null,null,null,null,null,NO,null,null,null,null,null,null,NO,null,NO,NO,null,YES,null,Identifier for each record in the dataset
openfema,data_products,openfema_dataset_fields,lastRefresh,13,null,YES,string,STRING,0,0,null,null,null,null,null,null,null,NO,null,null,null,null,null,null,NO,null,NO,NO,null,YES,null,Date of the last dataset refresh
openfema,data_products,openfema_dataset_fields,hash,14,null,YES,string,STRING,0,0,null,null,null,null,null,null,null,NO,null,null,null,null,null,null,NO,null,NO,NO,null,YES,null,Hash value for data integrity purposes
openfema,data_products,openfema_dataset_fields,srid,15,null,YES,string,STRING,0,0,null,null,null,null,null,null,null,NO,null,null,null,null,null,null,NO,null,NO,NO,null,YES,null,Spatial Reference Identifier for geospatial data
openfema,data_products,openfema_dataset_fields,femadexLastRefresh,16,null,YES,timestamp,TIMESTAMP,null,null,null,null,null,3,null,null,null,NO,null,null,null,null,null,null,NO,null,NO,NO,null,YES,null,Timestamp of the last refresh in FEMA database
openfema,data_products,openfema_datasets,identifier,0,null,YES,string,STRING,0,0,null,null,null,null,null,null,null,NO,null,null,null,null,null,null,NO,null,NO,NO,null,YES,null,Unique identifier for each dataset
openfema,data_products,openfema_datasets,name,1,null,YES,string,STRING,0,0,null,null,null,null,null,null,null,NO,null,null,null,null,null,null,NO,null,NO,NO,null,YES,null,Name of the dataset
openfema,data_products,openfema_datasets,title,2,null,YES,string,STRING,0,0,null,null,null,null,null,null,null,NO,null,null,null,null,null,null,NO,null,NO,NO,null,YES,null,Title of the dataset
openfema,data_products,openfema_datasets,description,3,null,YES,string,STRING,0,0,null,null,null,null,null,null,null,NO,null,null,null,null,null,null,NO,null,NO,NO,null,YES,null,Description of the dataset
openfema,data_products,openfema_datasets,webService,4,null,YES,string,STRING,0,0,null,null,null,null,null,null,null,NO,null,null,null,null,null,null,NO,null,NO,NO,null,YES,null,Indicates if the dataset is accessible via a web service
openfema,data_products,openfema_datasets,dataDictionary,5,null,YES,string,STRING,0,0,null,null,null,null,null,null,null,NO,null,null,null,null,null,null,NO,null,NO,NO,null,YES,null,Link to the data dictionary for the dataset
openfema,data_products,openfema_datasets,keyword,6,null,YES,array<string>,ARRAY,null,null,null,null,null,null,null,null,null,NO,null,null,null,null,null,null,NO,null,NO,NO,null,YES,null,Keywords associated with the dataset
openfema,data_products,openfema_datasets,modified,7,null,YES,string,STRING,0,0,null,null,null,null,null,null,null,NO,null,null,null,null,null,null,NO,null,NO,NO,null,YES,null,Date when the dataset was last modified
openfema,data_products,openfema_datasets,publisher,8,null,YES,string,STRING,0,0,null,null,null,null,null,null,null,NO,null,null,null,null,null,null,NO,null,NO,NO,null,YES,null,Publisher of the dataset
openfema,data_products,openfema_datasets,contactPoint,9,null,YES,string,STRING,0,0,null,null,null,null,null,null,null,NO,null,null,null,null,null,null,NO,null,NO,NO,null,YES,null,Contact point for inquiries about the dataset
openfema,data_products,openfema_datasets,mbox,10,null,YES,string,STRING,0,0,null,null,null,null,null,null,null,NO,null,null,null,null,null,null,NO,null,NO,NO,null,YES,null,Email address for contacting regarding the dataset
openfema,data_products,openfema_datasets,accessLevel,11,null,YES,string,STRING,0,0,null,null,null,null,null,null,null,NO,null,null,null,null,null,null,NO,null,NO,NO,null,YES,null,Level of access to the dataset
openfema,data_products,openfema_datasets,landingPage,12,null,YES,string,STRING,0,0,null,null,null,null,null,null,null,NO,null,null,null,null,null,null,NO,null,NO,NO,null,YES,null,URL of the landing page for the dataset
openfema,data_products,openfema_datasets,temporal,13,null,YES,string,STRING,0,0,null,null,null,null,null,null,null,NO,null,null,null,null,null,null,NO,null,NO,NO,null,YES,null,Temporal coverage of the dataset
openfema,data_products,openfema_datasets,api,14,null,YES,boolean,BOOLEAN,null,null,null,null,null,null,null,null,null,NO,null,null,null,null,null,null,NO,null,NO,NO,null,YES,null,Indicates if an API is available for the dataset
openfema,data_products,openfema_datasets,version,15,null,YES,bigint,LONG,null,null,null,null,null,null,null,null,null,NO,null,null,null,null,null,null,NO,null,NO,NO,null,YES,null,Version number of the dataset
openfema,data_products,openfema_datasets,bureauCode,16,null,YES,array<string>,ARRAY,null,null,null,null,null,null,null,null,null,NO,null,null,null,null,null,null,NO,null,NO,NO,null,YES,null,Bureau codes associated with the dataset
openfema,data_products,openfema_datasets,programCode,17,null,YES,array<string>,ARRAY,null,null,null,null,null,null,null,null,null,NO,null,null,null,null,null,null,NO,null,NO,NO,null,YES,null,Program codes associated with the dataset
openfema,data_products,openfema_datasets,accessLevelComment,18,null,YES,string,STRING,0,0,null,null,null,null,null,null,null,NO,null,null,null,null,null,null,NO,null,NO,NO,null,YES,null,Additional comments on the access level of the dataset
openfema,data_products,openfema_datasets,license,19,null,YES,string,STRING,0,0,null,null,null,null,null,null,null,NO,null,null,null,null,null,null,NO,null,NO,NO,null,YES,null,Licensing information for the dataset
openfema,data_products,openfema_datasets,spatial,20,null,YES,string,STRING,0,0,null,null,null,null,null,null,null,NO,null,null,null,null,null,null,NO,null,NO,NO,null,YES,null,Spatial coverage of the dataset
openfema,data_products,openfema_datasets,theme,21,null,YES,string,STRING,0,0,null,null,null,null,null,null,null,NO,null,null,null,null,null,null,NO,null,NO,NO,null,YES,null,Theme or topic of the dataset
openfema,data_products,openfema_datasets,dataQuality,22,null,YES,string,STRING,0,0,null,null,null,null,null,null,null,NO,null,null,null,null,null,null,NO,null,NO,NO,null,YES,null,Quality of the data in the dataset
openfema,data_products,openfema_datasets,accrualPeriodicity,23,null,YES,string,STRING,0,0,null,null,null,null,null,null,null,NO,null,null,null,null,null,null,NO,null,NO,NO,null,YES,null,Frequency at which the dataset is updated
openfema,data_products,openfema_datasets,language,24,null,YES,string,STRING,0,0,null,null,null,null,null,null,null,NO,null,null,null,null,null,null,NO,null,NO,NO,null,YES,null,Language used in the dataset
openfema,data_products,openfema_datasets,primaryITInvestmentUII,25,null,YES,string,STRING,0,0,null,null,null,null,null,null,null,NO,null,null,null,null,null,null,NO,null,NO,NO,null,YES,null,Primary IT Investment UII associated with the dataset
openfema,data_products,openfema_datasets,references,26,null,YES,array<string>,ARRAY,null,null,null,null,null,null,null,null,null,NO,null,null,null,null,null,null,NO,null,NO,NO,null,YES,null,References or sources related to the dataset
openfema,data_products,openfema_datasets,issued,27,null,YES,string,STRING,0,0,null,null,null,null,null,null,null,NO,null,null,null,null,null,null,NO,null,NO,NO,null,YES,null,Date when the dataset was issued
openfema,data_products,openfema_datasets,systemOfRecords,28,null,YES,string,STRING,0,0,null,null,null,null,null,null,null,NO,null,null,null,null,null,null,NO,null,NO,NO,null,YES,null,System of records for the dataset
openfema,data_products,openfema_datasets,recordCount,29,null,YES,double,DOUBLE,null,null,null,2,null,null,null,null,null,NO,null,null,null,null,null,null,NO,null,NO,NO,null,YES,null,Number of records in the dataset
openfema,data_products,openfema_datasets,depDate,30,null,YES,string,STRING,0,0,null,null,null,null,null,null,null,NO,null,null,null,null,null,null,NO,null,NO,NO,null,YES,null,Date of data deprecation
openfema,data_products,openfema_datasets,depApiMessage,31,null,YES,string,STRING,0,0,null,null,null,null,null,null,null,NO,null,null,null,null,null,null,NO,null,NO,NO,null,YES,null,Message related to API deprecation
openfema,data_products,openfema_datasets,depWebMessage,32,null,YES,string,STRING,0,0,null,null,null,null,null,null,null,NO,null,null,null,null,null,null,NO,null,NO,NO,null,YES,null,Message related to web deprecation
openfema,data_products,openfema_datasets,depNewURL,33,null,YES,string,STRING,0,0,null,null,null,null,null,null,null,NO,null,null,null,null,null,null,NO,null,NO,NO,null,YES,null,New URL after deprecation
openfema,data_products,openfema_datasets,hash,34,null,YES,string,STRING,0,0,null,null,null,null,null,null,null,NO,null,null,null,null,null,null,NO,null,NO,NO,null,YES,null,Hash value for the dataset
openfema,data_products,openfema_datasets,lastRefresh,35,null,YES,string,STRING,0,0,null,null,null,null,null,null,null,NO,null,null,null,null,null,null,NO,null,NO,NO,null,YES,null,Date of last dataset refresh
openfema,data_products,openfema_datasets,id,36,null,YES,string,STRING,0,0,null,null,null,null,null,null,null,NO,null,null,null,null,null,null,NO,null,NO,NO,null,YES,null,Unique identifier for each record in the dataset
openfema,data_products,openfema_datasets,lastDataSetRefresh,37,null,YES,string,STRING,0,0,null,null,null,null,null,null,null,NO,null,null,null,null,null,null,NO,null,NO,NO,null,YES,null,Date of last refresh for the entire dataset
openfema,data_products,openfema_datasets,distribution,38,null,YES,"array<struct<accessURL:string,datasetSize:string,format:string>>",ARRAY,null,null,null,null,null,null,null,null,null,NO,null,null,null,null,null,null,NO,null,NO,NO,null,YES,null,Distribution information for the dataset
openfema,data_products,openfema_datasets,femadexLastRefresh,39,null,YES,timestamp,TIMESTAMP,null,null,null,null,null,3,null,null,null,NO,null,null,null,null,null,null,NO,null,NO,NO,null,YES,null,Date of last refresh in FEMADEX
openfema,data_products,public_assistance_applicants,disasterNumber,0,null,YES,bigint,LONG,null,null,null,null,null,null,null,null,null,NO,null,null,null,null,null,null,NO,null,NO,NO,null,YES,null,The unique identifier for a specific disaster event
openfema,data_products,public_assistance_applicants,applicantId,1,null,YES,string,STRING,0,0,null,null,null,null,null,null,null,NO,null,null,null,null,null,null,NO,null,NO,NO,null,YES,null,The unique identifier for each applicant
openfema,data_products,public_assistance_applicants,state,2,null,YES,string,STRING,0,0,null,null,null,null,null,null,null,NO,null,null,null,null,null,null,NO,null,NO,NO,null,YES,null,The state where the applicant is located
openfema,data_products,public_assistance_applicants,applicantName,3,null,YES,string,STRING,0,0,null,null,null,null,null,null,null,NO,null,null,null,null,null,null,NO,null,NO,NO,null,YES,null,The name of the applicant
openfema,data_products,public_assistance_applicants,addressLine1,4,null,YES,string,STRING,0,0,null,null,null,null,null,null,null,NO,null,null,null,null,null,null,NO,null,NO,NO,null,YES,null,The first line of the applicant's address
openfema,data_products,public_assistance_applicants,addressLine2,5,null,YES,string,STRING,0,0,null,null,null,null,null,null,null,NO,null,null,null,null,null,null,NO,null,NO,NO,null,YES,null,The second line of the applicant's address (if applicable)
openfema,data_products,public_assistance_applicants,city,6,null,YES,string,STRING,0,0,null,null,null,null,null,null,null,NO,null,null,null,null,null,null,NO,null,NO,NO,null,YES,null,The city where the applicant is located
openfema,data_products,public_assistance_applicants,zipCode,7,null,YES,string,STRING,0,0,null,null,null,null,null,null,null,NO,null,null,null,null,null,null,NO,null,NO,NO,null,YES,null,The zip code of the applicant's address
openfema,data_products,public_assistance_applicants,hash,8,null,YES,string,STRING,0,0,null,null,null,null,null,null,null,NO,null,null,null,null,null,null,NO,null,NO,NO,null,YES,null,A unique identifier for data integrity purposes
openfema,data_products,public_assistance_applicants,lastRefresh,9,null,YES,string,STRING,0,0,null,null,null,null,null,null,null,NO,null,null,null,null,null,null,NO,null,NO,NO,null,YES,null,Timestamp indicating when the data was last updated or refreshed
openfema,data_products,public_assistance_applicants,id,10,null,YES,string,STRING,0,0,null,null,null,null,null,null,null,NO,null,null,null,null,null,null,NO,null,NO,NO,null,YES,null,Unique identifier for each record in the table
openfema,data_products,public_assistance_applicants,femadexLastRefresh,11,null,YES,timestamp,TIMESTAMP,null,null,null,null,null,3,null,null,null,NO,null,null,null,null,null,null,NO,null,NO,NO,null,YES,null,Timestamp indicating when the FEMA index data was last updated
openfema,data_products,public_assistance_applicants_program_deliveries,declarationType,0,null,YES,string,STRING,0,0,null,null,null,null,null,null,null,NO,null,null,null,null,null,null,NO,null,NO,NO,null,YES,null,"Type of disaster declaration (e.g., major disaster, emergency)"
openfema,data_products,public_assistance_applicants_program_deliveries,disasterNumber,1,null,YES,bigint,LONG,null,null,null,null,null,null,null,null,null,NO,null,null,null,null,null,null,NO,null,NO,NO,null,YES,null,Unique identifier for each disaster event
openfema,data_products,public_assistance_applicants_program_deliveries,stateCode,2,null,YES,string,STRING,0,0,null,null,null,null,null,null,null,NO,null,null,null,null,null,null,NO,null,NO,NO,null,YES,null,Code representing the state where the disaster occurred
openfema,data_products,public_assistance_applicants_program_deliveries,stateName,3,null,YES,string,STRING,0,0,null,null,null,null,null,null,null,NO,null,null,null,null,null,null,NO,null,NO,NO,null,YES,null,Name of the state where the disaster occurred
openfema,data_products,public_assistance_applicants_program_deliveries,declarationDate,4,null,YES,string,STRING,0,0,null,null,null,null,null,null,null,NO,null,null,null,null,null,null,NO,null,NO,NO,null,YES,null,Date when the disaster declaration was made
openfema,data_products,public_assistance_applicants_program_deliveries,incidentType,5,null,YES,string,STRING,0,0,null,null,null,null,null,null,null,NO,null,null,null,null,null,null,NO,null,NO,NO,null,YES,null,"Type of incident causing the disaster (e.g., hurricane, flood)"
openfema,data_products,public_assistance_applicants_program_deliveries,declarationTitle,6,null,YES,string,STRING,0,0,null,null,null,null,null,null,null,NO,null,null,null,null,null,null,NO,null,NO,NO,null,YES,null,Title or name given to the disaster declaration
openfema,data_products,public_assistance_applicants_program_deliveries,region,7,null,YES,bigint,LONG,null,null,null,null,null,null,null,null,null,NO,null,null,null,null,null,null,NO,null,NO,NO,null,YES,null,Region code where the disaster occurred
openfema,data_products,public_assistance_applicants_program_deliveries,consolidatedResourceCenter,8,null,YES,string,STRING,0,0,null,null,null,null,null,null,null,NO,null,null,null,null,null,null,NO,null,NO,NO,null,YES,null,Name of the resource center providing assistance
openfema,data_products,public_assistance_applicants_program_deliveries,countyApplicantJurisdiction,9,null,YES,string,STRING,0,0,null,null,null,null,null,null,null,NO,null,null,null,null,null,null,NO,null,NO,NO,null,YES,null,Jurisdiction or area within a county where the applicant resides
openfema,data_products,public_assistance_applicants_program_deliveries,utilizingDirectApplication,10,null,YES,boolean,BOOLEAN,null,null,null,null,null,null,null,null,null,NO,null,null,null,null,null,null,NO,null,NO,NO,null,YES,null,Indicator if direct application method is being used for assistance
openfema,data_products,public_assistance_applicants_program_deliveries,applicantIdGm,11,null,YES,bigint,LONG,null,null,null,null,null,null,null,null,null,NO,null,null,null,null,null,null,NO,null,NO,NO,null,YES,null,Unique identifier for the applicant in the GM system
openfema,data_products,public_assistance_applicants_program_deliveries,applicantIdEmmie,12,null,YES,string,STRING,0,0,null,null,null,null,null,null,null,NO,null,null,null,null,null,null,NO,null,NO,NO,null,YES,null,Unique identifier for the applicant in the EMMIE system
openfema,data_products,public_assistance_applicants_program_deliveries,applicantName,13,null,YES,string,STRING,0,0,null,null,null,null,null,null,null,NO,null,null,null,null,null,null,NO,null,NO,NO,null,YES,null,Name of the applicant applying for assistance
openfema,data_products,public_assistance_applicants_program_deliveries,applicantType,14,null,YES,string,STRING,0,0,null,null,null,null,null,null,null,NO,null,null,null,null,null,null,NO,null,NO,NO,null,YES,null,"Type of applicant (e.g., individual, business)"
openfema,data_products,public_assistance_applicants_program_deliveries,isPnp,15,null,YES,boolean,BOOLEAN,null,null,null,null,null,null,null,null,null,NO,null,null,null,null,null,null,NO,null,NO,NO,null,YES,null,Indicator if the applicant is a private non-profit organization
openfema,data_products,public_assistance_applicants_program_deliveries,applicantStatus,16,null,YES,string,STRING,0,0,null,null,null,null,null,null,null,NO,null,null,null,null,null,null,NO,null,NO,NO,null,YES,null,Status of the applicant's assistance application
openfema,data_products,public_assistance_applicants_program_deliveries,applicantProcessStatus,17,null,YES,string,STRING,0,0,null,null,null,null,null,null,null,NO,null,null,null,null,null,null,NO,null,NO,NO,null,YES,null,Status of the applicant's application process
openfema,data_products,public_assistance_applicants_program_deliveries,numberActiveDamages,18,null,YES,bigint,LONG,null,null,null,null,null,null,null,null,null,NO,null,null,null,null,null,null,NO,null,NO,NO,null,YES,null,Total number of active damages reported by the applicant
openfema,data_products,public_assistance_applicants_program_deliveries,totalAppDamageCost,19,null,YES,double,DOUBLE,null,null,null,2,null,null,null,null,null,NO,null,null,null,null,null,null,NO,null,NO,NO,null,YES,null,Total cost of damages reported by the applicant
openfema,data_products,public_assistance_applicants_program_deliveries,numberActiveProjects,20,null,YES,bigint,LONG,null,null,null,null,null,null,null,null,null,NO,null,null,null,null,null,null,NO,null,NO,NO,null,YES,null,Total number of active projects
openfema,data_products,public_assistance_applicants_program_deliveries,currentProjectCost,21,null,YES,double,DOUBLE,null,null,null,2,null,null,null,null,null,NO,null,null,null,null,null,null,NO,null,NO,NO,null,YES,null,Total cost of the current project
openfema,data_products,public_assistance_applicants_program_deliveries,numberPhase2Projects,22,null,YES,bigint,LONG,null,null,null,null,null,null,null,null,null,NO,null,null,null,null,null,null,NO,null,NO,NO,null,YES,null,Total number of phase 2 projects
openfema,data_products,public_assistance_applicants_program_deliveries,phase2ProjectCost,23,null,YES,double,DOUBLE,null,null,null,2,null,null,null,null,null,NO,null,null,null,null,null,null,NO,null,NO,NO,null,YES,null,Total cost of phase 2 projects
openfema,data_products,public_assistance_applicants_program_deliveries,numberPhase3Projects,24,null,YES,bigint,LONG,null,null,null,null,null,null,null,null,null,NO,null,null,null,null,null,null,NO,null,NO,NO,null,YES,null,Total number of phase 3 projects
openfema,data_products,public_assistance_applicants_program_deliveries,phase3ProjectCost,25,null,YES,double,DOUBLE,null,null,null,2,null,null,null,null,null,NO,null,null,null,null,null,null,NO,null,NO,NO,null,YES,null,Total cost of phase 3 projects
openfema,data_products,public_assistance_applicants_program_deliveries,numberPhase4Projects,26,null,YES,bigint,LONG,null,null,null,null,null,null,null,null,null,NO,null,null,null,null,null,null,NO,null,NO,NO,null,YES,null,Total number of phase 4 projects
openfema,data_products,public_assistance_applicants_program_deliveries,phase4ProjectCost,27,null,YES,double,DOUBLE,null,null,null,2,null,null,null,null,null,NO,null,null,null,null,null,null,NO,null,NO,NO,null,YES,null,Total cost of phase 4 projects
openfema,data_products,public_assistance_applicants_program_deliveries,numberPhase5Projects,28,null,YES,bigint,LONG,null,null,null,null,null,null,null,null,null,NO,null,null,null,null,null,null,NO,null,NO,NO,null,YES,null,Total number of phase 5 projects
openfema,data_products,public_assistance_applicants_program_deliveries,phase5ProjectCost,29,null,YES,double,DOUBLE,null,null,null,2,null,null,null,null,null,NO,null,null,null,null,null,null,NO,null,NO,NO,null,YES,null,Total cost of phase 5 projects
openfema,data_products,public_assistance_applicants_program_deliveries,numberObligatedProjects,30,null,YES,bigint,LONG,null,null,null,null,null,null,null,null,null,NO,null,null,null,null,null,null,NO,null,NO,NO,null,YES,null,Total number of obligated projects
openfema,data_products,public_assistance_applicants_program_deliveries,federalShareObligated,31,null,YES,double,DOUBLE,null,null,null,2,null,null,null,null,null,NO,null,null,null,null,null,null,NO,null,NO,NO,null,YES,null,Total federal share obligated for projects
openfema,data_products,public_assistance_applicants_program_deliveries,hash,32,null,YES,string,STRING,0,0,null,null,null,null,null,null,null,NO,null,null,null,null,null,null,NO,null,NO,NO,null,YES,null,Hash value for data integrity
openfema,data_products,public_assistance_applicants_program_deliveries,lastRefresh,33,null,YES,string,STRING,0,0,null,null,null,null,null,null,null,NO,null,null,null,null,null,null,NO,null,NO,NO,null,YES,null,Date and time of the last data refresh
openfema,data_products,public_assistance_applicants_program_deliveries,id,34,null,YES,string,STRING,0,0,null,null,null,null,null,null,null,NO,null,null,null,null,null,null,NO,null,NO,NO,null,YES,null,Unique identifier for the record
openfema,data_products,public_assistance_applicants_program_deliveries,femadexLastRefresh,35,null,YES,timestamp,TIMESTAMP,null,null,null,null,null,3,null,null,null,NO,null,null,null,null,null,null,NO,null,NO,NO,null,YES,null,Date and time of the last data refresh in the FEMADEX system
openfema,data_products,public_assistance_funded_projects_details,disasterNumber,0,null,YES,bigint,LONG,null,null,null,null,null,null,null,null,null,NO,null,null,null,null,null,null,NO,null,NO,NO,null,YES,null,Unique identifier for each disaster event
openfema,data_products,public_assistance_funded_projects_details,declarationDate,1,null,YES,string,STRING,0,0,null,null,null,null,null,null,null,NO,null,null,null,null,null,null,NO,null,NO,NO,null,YES,null,Date when the disaster was officially declared
openfema,data_products,public_assistance_funded_projects_details,incidentType,2,null,YES,string,STRING,0,0,null,null,null,null,null,null,null,NO,null,null,null,null,null,null,NO,null,NO,NO,null,YES,null,Type of disaster incident
openfema,data_products,public_assistance_funded_projects_details,pwNumber,3,null,YES,bigint,LONG,null,null,null,null,null,null,null,null,null,NO,null,null,null,null,null,null,NO,null,NO,NO,null,YES,null,Unique identifier for each project worksheet
openfema,data_products,public_assistance_funded_projects_details,applicationTitle,4,null,YES,string,STRING,0,0,null,null,null,null,null,null,null,NO,null,null,null,null,null,null,NO,null,NO,NO,null,YES,null,Title or name of the project application
openfema,data_products,public_assistance_funded_projects_details,applicantId,5,null,YES,string,STRING,0,0,null,null,null,null,null,null,null,NO,null,null,null,null,null,null,NO,null,NO,NO,null,YES,null,Identifier for the applicant of the project
openfema,data_products,public_assistance_funded_projects_details,damageCategoryCode,6,null,YES,string,STRING,0,0,null,null,null,null,null,null,null,NO,null,null,null,null,null,null,NO,null,NO,NO,null,YES,null,Code representing the category of damage
openfema,data_products,public_assistance_funded_projects_details,projectSize,7,null,YES,string,STRING,0,0,null,null,null,null,null,null,null,NO,null,null,null,null,null,null,NO,null,NO,NO,null,YES,null,Size or scope of the project
openfema,data_products,public_assistance_funded_projects_details,county,8,null,YES,string,STRING,0,0,null,null,null,null,null,null,null,NO,null,null,null,null,null,null,NO,null,NO,NO,null,YES,null,Name of the county where the project is located
openfema,data_products,public_assistance_funded_projects_details,countyCode,9,null,YES,string,STRING,0,0,null,null,null,null,null,null,null,NO,null,null,null,null,null,null,NO,null,NO,NO,null,YES,null,Code representing the county where the project is located
openfema,data_products,public_assistance_funded_projects_details,state,10,null,YES,string,STRING,0,0,null,null,null,null,null,null,null,NO,null,null,null,null,null,null,NO,null,NO,NO,null,YES,null,Name of the state where the project is located
openfema,data_products,public_assistance_funded_projects_details,stateCode,11,null,YES,string,STRING,0,0,null,null,null,null,null,null,null,NO,null,null,null,null,null,null,NO,null,NO,NO,null,YES,null,Code representing the state where the project is located
openfema,data_products,public_assistance_funded_projects_details,stateNumberCode,12,null,YES,string,STRING,0,0,null,null,null,null,null,null,null,NO,null,null,null,null,null,null,NO,null,NO,NO,null,YES,null,Code representing the state number
openfema,data_products,public_assistance_funded_projects_details,projectAmount,13,null,YES,double,DOUBLE,null,null,null,2,null,null,null,null,null,NO,null,null,null,null,null,null,NO,null,NO,NO,null,YES,null,Total amount allocated for the project
openfema,data_products,public_assistance_funded_projects_details,federalShareObligated,14,null,YES,double,DOUBLE,null,null,null,2,null,null,null,null,null,NO,null,null,null,null,null,null,NO,null,NO,NO,null,YES,null,Amount of federal share obligated for the project
openfema,data_products,public_assistance_funded_projects_details,totalObligated,15,null,YES,double,DOUBLE,null,null,null,2,null,null,null,null,null,NO,null,null,null,null,null,null,NO,null,NO,NO,null,YES,null,Total amount obligated for the project
openfema,data_products,public_assistance_funded_projects_details,obligatedDate,16,null,YES,string,STRING,0,0,null,null,null,null,null,null,null,NO,null,null,null,null,null,null,NO,null,NO,NO,null,YES,null,Date when the obligation was made
openfema,data_products,public_assistance_funded_projects_details,mitigationAmount,17,null,YES,double,DOUBLE,null,null,null,2,null,null,null,null,null,NO,null,null,null,null,null,null,NO,null,NO,NO,null,YES,null,Amount allocated for mitigation purposes
openfema,data_products,public_assistance_funded_projects_details,dcc,18,null,YES,string,STRING,0,0,null,null,null,null,null,null,null,NO,null,null,null,null,null,null,NO,null,NO,NO,null,YES,null,Code representing the damage category
openfema,data_products,public_assistance_funded_projects_details,damageCategory,19,null,YES,string,STRING,0,0,null,null,null,null,null,null,null,NO,null,null,null,null,null,null,NO,null,NO,NO,null,YES,null,Category of damage for the project
openfema,data_products,public_assistance_funded_projects_details,lastRefresh,20,null,YES,string,STRING,0,0,null,null,null,null,null,null,null,NO,null,null,null,null,null,null,NO,null,NO,NO,null,YES,null,Date when the data was last refreshed
openfema,data_products,public_assistance_funded_projects_details,hash,21,null,YES,string,STRING,0,0,null,null,null,null,null,null,null,NO,null,null,null,null,null,null,NO,null,NO,NO,null,YES,null,Unique identifier for the data record
openfema,data_products,public_assistance_funded_projects_details,id,22,null,YES,string,STRING,0,0,null,null,null,null,null,null,null,NO,null,null,null,null,null,null,NO,null,NO,NO,null,YES,null,Unique identifier for each record in the table
openfema,data_products,public_assistance_funded_projects_details,femadexLastRefresh,23,null,YES,timestamp,TIMESTAMP,null,null,null,null,null,3,null,null,null,NO,null,null,null,null,null,null,NO,null,NO,NO,null,YES,null,Date when the FEMA data exchange was last refreshed
openfema,data_products,public_assistance_funded_projects_summaries,disasterNumber,0,null,YES,bigint,LONG,null,null,null,null,null,null,null,null,null,NO,null,null,null,null,null,null,NO,null,NO,NO,null,YES,null,Unique identifier for each disaster declaration
openfema,data_products,public_assistance_funded_projects_summaries,declarationDate,1,null,YES,string,STRING,0,0,null,null,null,null,null,null,null,NO,null,null,null,null,null,null,NO,null,NO,NO,null,YES,null,Date when the disaster was officially declared
openfema,data_products,public_assistance_funded_projects_summaries,incidentType,2,null,YES,string,STRING,0,0,null,null,null,null,null,null,null,NO,null,null,null,null,null,null,NO,null,NO,NO,null,YES,null,Type of disaster incident
openfema,data_products,public_assistance_funded_projects_summaries,state,3,null,YES,string,STRING,0,0,null,null,null,null,null,null,null,NO,null,null,null,null,null,null,NO,null,NO,NO,null,YES,null,State where the disaster occurred
openfema,data_products,public_assistance_funded_projects_summaries,county,4,null,YES,string,STRING,0,0,null,null,null,null,null,null,null,NO,null,null,null,null,null,null,NO,null,NO,NO,null,YES,null,County within the state where the disaster occurred
openfema,data_products,public_assistance_funded_projects_summaries,applicantName,5,null,YES,string,STRING,0,0,null,null,null,null,null,null,null,NO,null,null,null,null,null,null,NO,null,NO,NO,null,YES,null,Name of the applicant for assistance
openfema,data_products,public_assistance_funded_projects_summaries,educationApplicant,6,null,YES,boolean,BOOLEAN,null,null,null,null,null,null,null,null,null,NO,null,null,null,null,null,null,NO,null,NO,NO,null,YES,null,Boolean indicating if the applicant is an educational institution
openfema,data_products,public_assistance_funded_projects_summaries,numberOfProjects,7,null,YES,bigint,LONG,null,null,null,null,null,null,null,null,null,NO,null,null,null,null,null,null,NO,null,NO,NO,null,YES,null,Total number of projects funded for disaster recovery
openfema,data_products,public_assistance_funded_projects_summaries,federalObligatedAmount,8,null,YES,double,DOUBLE,null,null,null,2,null,null,null,null,null,NO,null,null,null,null,null,null,NO,null,NO,NO,null,YES,null,Amount of federal funds obligated for the projects
openfema,data_products,public_assistance_funded_projects_summaries,lastRefresh,9,null,YES,string,STRING,0,0,null,null,null,null,null,null,null,NO,null,null,null,null,null,null,NO,null,NO,NO,null,YES,null,Date of the last data refresh/update
openfema,data_products,public_assistance_funded_projects_summaries,hash,10,null,YES,string,STRING,0,0,null,null,null,null,null,null,null,NO,null,null,null,null,null,null,NO,null,NO,NO,null,YES,null,Hash value for data integrity verification
openfema,data_products,public_assistance_funded_projects_summaries,id,11,null,YES,string,STRING,0,0,null,null,null,null,null,null,null,NO,null,null,null,null,null,null,NO,null,NO,NO,null,YES,null,Unique identifier for each record in the table
openfema,data_products,public_assistance_funded_projects_summaries,femadexLastRefresh,12,null,YES,timestamp,TIMESTAMP,null,null,null,null,null,3,null,null,null,NO,null,null,null,null,null,null,NO,null,NO,NO,null,YES,null,Timestamp of the last data refresh/update from FEMA's database
openfema,data_products,public_assistance_grant_award_activities,region,0,null,YES,bigint,LONG,null,null,null,null,null,null,null,null,null,NO,null,null,null,null,null,null,NO,null,NO,NO,null,YES,null,The region where the disaster occurred
openfema,data_products,public_assistance_grant_award_activities,disasterNumber,1,null,YES,bigint,LONG,null,null,null,null,null,null,null,null,null,NO,null,null,null,null,null,null,NO,null,NO,NO,null,YES,null,Unique identifier for each disaster event
openfema,data_products,public_assistance_grant_award_activities,sriaDisaster,2,null,YES,boolean,BOOLEAN,null,null,null,null,null,null,null,null,null,NO,null,null,null,null,null,null,NO,null,NO,NO,null,YES,null,Indicator if the disaster is a Stafford Act disaster
openfema,data_products,public_assistance_grant_award_activities,declarationTitle,3,null,YES,string,STRING,0,0,null,null,null,null,null,null,null,NO,null,null,null,null,null,null,NO,null,NO,NO,null,YES,null,Title of the disaster declaration
openfema,data_products,public_assistance_grant_award_activities,disasterType,4,null,YES,string,STRING,0,0,null,null,null,null,null,null,null,NO,null,null,null,null,null,null,NO,null,NO,NO,null,YES,null,"Type of disaster event (e.g., hurricane, flood)"
openfema,data_products,public_assistance_grant_award_activities,incidentType,5,null,YES,string,STRING,0,0,null,null,null,null,null,null,null,NO,null,null,null,null,null,null,NO,null,NO,NO,null,YES,null,"Specific type of incident within the disaster (e.g., tornado, wildfire)"
openfema,data_products,public_assistance_grant_award_activities,declarationDate,6,null,YES,string,STRING,0,0,null,null,null,null,null,null,null,NO,null,null,null,null,null,null,NO,null,NO,NO,null,YES,null,Date of the disaster declaration
openfema,data_products,public_assistance_grant_award_activities,stateAbbreviation,7,null,YES,string,STRING,0,0,null,null,null,null,null,null,null,NO,null,null,null,null,null,null,NO,null,NO,NO,null,YES,null,Abbreviation of the state affected by the disaster
openfema,data_products,public_assistance_grant_award_activities,state,8,null,YES,string,STRING,0,0,null,null,null,null,null,null,null,NO,null,null,null,null,null,null,NO,null,NO,NO,null,YES,null,State affected by the disaster
openfema,data_products,public_assistance_grant_award_activities,county,9,null,YES,string,STRING,0,0,null,null,null,null,null,null,null,NO,null,null,null,null,null,null,NO,null,NO,NO,null,YES,null,County affected by the disaster
openfema,data_products,public_assistance_grant_award_activities,applicantId,10,null,YES,string,STRING,0,0,null,null,null,null,null,null,null,NO,null,null,null,null,null,null,NO,null,NO,NO,null,YES,null,Unique identifier for the applicant
openfema,data_products,public_assistance_grant_award_activities,applicantName,11,null,YES,string,STRING,0,0,null,null,null,null,null,null,null,NO,null,null,null,null,null,null,NO,null,NO,NO,null,YES,null,Name of the applicant for public assistance grant
openfema,data_products,public_assistance_grant_award_activities,pnpStatus,12,null,YES,boolean,BOOLEAN,null,null,null,null,null,null,null,null,null,NO,null,null,null,null,null,null,NO,null,NO,NO,null,YES,null,Indicator if the applicant is a private nonprofit organization
openfema,data_products,public_assistance_grant_award_activities,damageCategoryCode,13,null,YES,string,STRING,0,0,null,null,null,null,null,null,null,NO,null,null,null,null,null,null,NO,null,NO,NO,null,YES,null,Code representing the category of damage caused by the disaster
openfema,data_products,public_assistance_grant_award_activities,federalShareObligated,14,null,YES,double,DOUBLE,null,null,null,2,null,null,null,null,null,NO,null,null,null,null,null,null,NO,null,NO,NO,null,YES,null,Amount of federal funds obligated for the project
openfema,data_products,public_assistance_grant_award_activities,dateObligated,15,null,YES,string,STRING,0,0,null,null,null,null,null,null,null,NO,null,null,null,null,null,null,NO,null,NO,NO,null,YES,null,Date when federal funds were obligated for the project
openfema,data_products,public_assistance_grant_award_activities,pwNumber,16,null,YES,bigint,LONG,null,null,null,null,null,null,null,null,null,NO,null,null,null,null,null,null,NO,null,NO,NO,null,YES,null,Unique identifier for the project worksheet
openfema,data_products,public_assistance_grant_award_activities,projectTitle,17,null,YES,string,STRING,0,0,null,null,null,null,null,null,null,NO,null,null,null,null,null,null,NO,null,NO,NO,null,YES,null,Title of the project for which grant is awarded
openfema,data_products,public_assistance_grant_award_activities,versionNumber,18,null,YES,double,DOUBLE,null,null,null,2,null,null,null,null,null,NO,null,null,null,null,null,null,NO,null,NO,NO,null,YES,null,Version number of the project details
openfema,data_products,public_assistance_grant_award_activities,eligibilityStatus,19,null,YES,string,STRING,0,0,null,null,null,null,null,null,null,NO,null,null,null,null,null,null,NO,null,NO,NO,null,YES,null,Status of eligibility for public assistance grant
openfema,data_products,public_assistance_grant_award_activities,fundingStatus,20,null,YES,string,STRING,0,0,null,null,null,null,null,null,null,NO,null,null,null,null,null,null,NO,null,NO,NO,null,YES,null,Indicator of the funding status for the grant award
openfema,data_products,public_assistance_grant_award_activities,paCloseoutStatus,21,null,YES,string,STRING,0,0,null,null,null,null,null,null,null,NO,null,null,null,null,null,null,NO,null,NO,NO,null,YES,null,Status of the closeout process for public assistance grant
openfema,data_products,public_assistance_grant_award_activities,id,22,null,YES,string,STRING,0,0,null,null,null,null,null,null,null,NO,null,null,null,null,null,null,NO,null,NO,NO,null,YES,null,Unique identifier for the record
openfema,data_products,public_assistance_grant_award_activities,femadexLastRefresh,23,null,YES,timestamp,TIMESTAMP,null,null,null,null,null,3,null,null,null,NO,null,null,null,null,null,null,NO,null,NO,NO,null,YES,null,Date of the last data refresh in FEMA's system
openfema,data_products,public_assistance_second_appeals_tracker,region,0,null,YES,bigint,LONG,null,null,null,null,null,null,null,null,null,NO,null,null,null,null,null,null,NO,null,NO,NO,null,YES,null,null
openfema,data_products,public_assistance_second_appeals_tracker,disasterNumber,1,null,YES,string,STRING,0,0,null,null,null,null,null,null,null,NO,null,null,null,null,null,null,NO,null,NO,NO,null,YES,null,null
openfema,data_products,public_assistance_second_appeals_tracker,declarationType,2,null,YES,string,STRING,0,0,null,null,null,null,null,null,null,NO,null,null,null,null,null,null,NO,null,NO,NO,null,YES,null,null
openfema,data_products,public_assistance_second_appeals_tracker,recipient,3,null,YES,string,STRING,0,0,null,null,null,null,null,null,null,NO,null,null,null,null,null,null,NO,null,NO,NO,null,YES,null,null
openfema,data_products,public_assistance_second_appeals_tracker,appellant,4,null,YES,string,STRING,0,0,null,null,null,null,null,null,null,NO,null,null,null,null,null,null,NO,null,NO,NO,null,YES,null,null
openfema,data_products,public_assistance_second_appeals_tracker,applicantId,5,null,YES,string,STRING,0,0,null,null,null,null,null,null,null,NO,null,null,null,null,null,null,NO,null,NO,NO,null,YES,null,null
openfema,data_products,public_assistance_second_appeals_tracker,pwgmpNumber,6,null,YES,string,STRING,0,0,null,null,null,null,null,null,null,NO,null,null,null,null,null,null,NO,null,NO,NO,null,YES,null,null
openfema,data_products,public_assistance_second_appeals_tracker,status,7,null,YES,string,STRING,0,0,null,null,null,null,null,null,null,NO,null,null,null,null,null,null,NO,null,NO,NO,null,YES,null,null
openfema,data_products,public_assistance_second_appeals_tracker,hqReceivedDate,8,null,YES,string,STRING,0,0,null,null,null,null,null,null,null,NO,null,null,null,null,null,null,NO,null,NO,NO,null,YES,null,null
openfema,data_products,public_assistance_second_appeals_tracker,emailAcknowledgementDate,9,null,YES,string,STRING,0,0,null,null,null,null,null,null,null,NO,null,null,null,null,null,null,NO,null,NO,NO,null,YES,null,null
openfema,data_products,public_assistance_second_appeals_tracker,rfiSentDate,10,null,YES,string,STRING,0,0,null,null,null,null,null,null,null,NO,null,null,null,null,null,null,NO,null,NO,NO,null,YES,null,null
openfema,data_products,public_assistance_second_appeals_tracker,rfiDueDate,11,null,YES,string,STRING,0,0,null,null,null,null,null,null,null,NO,null,null,null,null,null,null,NO,null,NO,NO,null,YES,null,null
openfema,data_products,public_assistance_second_appeals_tracker,rfiReceivedDate,12,null,YES,string,STRING,0,0,null,null,null,null,null,null,null,NO,null,null,null,null,null,null,NO,null,NO,NO,null,YES,null,null
openfema,data_products,public_assistance_second_appeals_tracker,decisionSignedDate,13,null,YES,string,STRING,0,0,null,null,null,null,null,null,null,NO,null,null,null,null,null,null,NO,null,NO,NO,null,YES,null,null
openfema,data_products,public_assistance_second_appeals_tracker,id,14,null,YES,bigint,LONG,null,null,null,null,null,null,null,null,null,NO,null,null,null,null,null,null,NO,null,NO,NO,null,YES,null,null
openfema,data_products,public_assistance_second_appeals_tracker,femadexLastRefresh,15,null,YES,timestamp,TIMESTAMP,null,null,null,null,null,3,null,null,null,NO,null,null,null,null,null,null,NO,null,NO,NO,null,YES,null,null
openfema,data_products,registration_intake_and_individuals_household_program,disasterNumber,0,null,YES,bigint,LONG,null,null,null,null,null,null,null,null,null,NO,null,null,null,null,null,null,NO,null,NO,NO,null,YES,null,null
openfema,data_products,registration_intake_and_individuals_household_program,state,1,null,YES,string,STRING,0,0,null,null,null,null,null,null,null,NO,null,null,null,null,null,null,NO,null,NO,NO,null,YES,null,null
openfema,data_products,registration_intake_and_individuals_household_program,county,2,null,YES,string,STRING,0,0,null,null,null,null,null,null,null,NO,null,null,null,null,null,null,NO,null,NO,NO,null,YES,null,null
openfema,data_products,registration_intake_and_individuals_household_program,city,3,null,YES,string,STRING,0,0,null,null,null,null,null,null,null,NO,null,null,null,null,null,null,NO,null,NO,NO,null,YES,null,null
openfema,data_products,registration_intake_and_individuals_household_program,zipCode,4,null,YES,string,STRING,0,0,null,null,null,null,null,null,null,NO,null,null,null,null,null,null,NO,null,NO,NO,null,YES,null,null
openfema,data_products,registration_intake_and_individuals_household_program,totalValidRegistrations,5,null,YES,bigint,LONG,null,null,null,null,null,null,null,null,null,NO,null,null,null,null,null,null,NO,null,NO,NO,null,YES,null,null
openfema,data_products,registration_intake_and_individuals_household_program,validCallCenterRegistrations,6,null,YES,bigint,LONG,null,null,null,null,null,null,null,null,null,NO,null,null,null,null,null,null,NO,null,NO,NO,null,YES,null,null
openfema,data_products,registration_intake_and_individuals_household_program,validWebRegistrations,7,null,YES,bigint,LONG,null,null,null,null,null,null,null,null,null,NO,null,null,null,null,null,null,NO,null,NO,NO,null,YES,null,null
openfema,data_products,registration_intake_and_individuals_household_program,validMobileRegistrations,8,null,YES,bigint,LONG,null,null,null,null,null,null,null,null,null,NO,null,null,null,null,null,null,NO,null,NO,NO,null,YES,null,null
openfema,data_products,registration_intake_and_individuals_household_program,ihpReferrals,9,null,YES,bigint,LONG,null,null,null,null,null,null,null,null,null,NO,null,null,null,null,null,null,NO,null,NO,NO,null,YES,null,null
openfema,data_products,registration_intake_and_individuals_household_program,ihpEligible,10,null,YES,bigint,LONG,null,null,null,null,null,null,null,null,null,NO,null,null,null,null,null,null,NO,null,NO,NO,null,YES,null,null
openfema,data_products,registration_intake_and_individuals_household_program,ihpAmount,11,null,YES,double,DOUBLE,null,null,null,2,null,null,null,null,null,NO,null,null,null,null,null,null,NO,null,NO,NO,null,YES,null,null
openfema,data_products,registration_intake_and_individuals_household_program,haReferrals,12,null,YES,bigint,LONG,null,null,null,null,null,null,null,null,null,NO,null,null,null,null,null,null,NO,null,NO,NO,null,YES,null,null
openfema,data_products,registration_intake_and_individuals_household_program,haEligible,13,null,YES,bigint,LONG,null,null,null,null,null,null,null,null,null,NO,null,null,null,null,null,null,NO,null,NO,NO,null,YES,null,null
openfema,data_products,registration_intake_and_individuals_household_program,haAmount,14,null,YES,double,DOUBLE,null,null,null,2,null,null,null,null,null,NO,null,null,null,null,null,null,NO,null,NO,NO,null,YES,null,null
openfema,data_products,registration_intake_and_individuals_household_program,onaReferrals,15,null,YES,bigint,LONG,null,null,null,null,null,null,null,null,null,NO,null,null,null,null,null,null,NO,null,NO,NO,null,YES,null,null
openfema,data_products,registration_intake_and_individuals_household_program,onaEligible,16,null,YES,bigint,LONG,null,null,null,null,null,null,null,null,null,NO,null,null,null,null,null,null,NO,null,NO,NO,null,YES,null,null
openfema,data_products,registration_intake_and_individuals_household_program,onaAmount,17,null,YES,double,DOUBLE,null,null,null,2,null,null,null,null,null,NO,null,null,null,null,null,null,NO,null,NO,NO,null,YES,null,null
openfema,data_products,registration_intake_and_individuals_household_program,id,18,null,YES,string,STRING,0,0,null,null,null,null,null,null,null,NO,null,null,null,null,null,null,NO,null,NO,NO,null,YES,null,null
openfema,data_products,registration_intake_and_individuals_household_program,femadexLastRefresh,19,null,YES,timestamp,TIMESTAMP,null,null,null,null,null,3,null,null,null,NO,null,null,null,null,null,null,NO,null,NO,NO,null,YES,null,null
openfema,information_schema,abac_policy_definitions,policy_id,0,null,NO,string,STRING,0,0,null,null,null,null,null,null,null,NO,null,null,null,null,null,null,NO,null,NO,NO,null,YES,null,Unique identifier of the policy.
openfema,information_schema,abac_policy_definitions,policy_name,1,null,NO,string,STRING,0,0,null,null,null,null,null,null,null,NO,null,null,null,null,null,null,NO,null,NO,NO,null,YES,null,Name of the policy.
openfema,information_schema,abac_policy_definitions,policy_type,2,null,NO,string,STRING,0,0,null,null,null,null,null,null,null,NO,null,null,null,null,null,null,NO,null,NO,NO,null,YES,null,"The policy type. For example, ROW_FILTER, COLUMN_MASK, GRANT, or DENY."
openfema,information_schema,abac_policy_definitions,catalog_name,3,null,YES,string,STRING,0,0,null,null,null,null,null,null,null,NO,null,null,null,null,null,null,NO,null,NO,NO,null,YES,null,Name of the catalog the policy is attached to (or that contains the schema/table the policy is attached to).
openfema,information_schema,abac_policy_definitions,schema_name,4,null,YES,string,STRING,0,0,null,null,null,null,null,null,null,NO,null,null,null,null,null,null,NO,null,NO,NO,null,YES,null,Name of the schema the policy is attached to (or that contains the table the policy is attached to). NULL for CATALOG-attached policies.
openfema,information_schema,abac_policy_definitions,securable_name,5,null,YES,string,STRING,0,0,null,null,null,null,null,null,null,NO,null,null,null,null,null,null,NO,null,NO,NO,null,YES,null,Name of the securable the policy is attached to. NULL for CATALOG-attached and SCHEMA-attached policies.
openfema,information_schema,abac_policy_definitions,on_securable_type,6,null,NO,string,STRING,0,0,null,null,null,null,null,null,null,NO,null,null,null,null,null,null,NO,null,NO,NO,null,YES,null,"Type of the securable the policy is attached to. For example, CATALOG, SCHEMA, or TABLE."
openfema,information_schema,abac_policy_definitions,to_principals,7,null,NO,array<string>,ARRAY,null,null,null,null,null,null,null,null,null,NO,null,null,null,null,null,null,NO,null,NO,NO,null,YES,null,"List of principals (users, groups, service principals) the policy applies to."
openfema,information_schema,abac_policy_definitions,except_principals,8,null,NO,array<string>,ARRAY,null,null,null,null,null,null,null,null,null,NO,null,null,null,null,null,null,NO,null,NO,NO,null,YES,null,List of principals excluded from the policy.
openfema,information_schema,abac_policy_definitions,for_securable_type,9,null,NO,string,STRING,0,0,null,null,null,null,null,null,null,NO,null,null,null,null,null,null,NO,null,NO,NO,null,YES,null,Type of securable the policy targets when evaluated.
openfema,information_schema,abac_policy_definitions,privileges,10,null,YES,array<string>,ARRAY,null,null,null,null,null,null,null,null,null,NO,null,null,null,null,null,null,NO,null,NO,NO,null,YES,null,Privileges granted or denied by the policy. NULL for ROW_FILTER and COLUMN_MASK policies.
openfema,information_schema,abac_policy_definitions,when_condition,11,null,YES,string,STRING,0,0,null,null,null,null,null,null,null,NO,null,null,null,null,null,null,NO,null,NO,NO,null,YES,null,Conditional expression under which the policy applies. NULL when no WHEN clause is set.
openfema,information_schema,abac_policy_definitions,match_columns,12,null,YES,array<string>,ARRAY,null,null,null,null,null,null,null,null,null,NO,null,null,null,null,null,null,NO,null,NO,NO,null,YES,null,Columns referenced by the policy. NULL for GRANT and DENY policies.
openfema,information_schema,abac_policy_definitions,created_by,13,null,NO,string,STRING,0,0,null,null,null,null,null,null,null,NO,null,null,null,null,null,null,NO,null,NO,NO,null,YES,null,Principal who created the policy.
openfema,information_schema,catalog_privileges,grantor,0,null,NO,string,STRING,0,0,null,null,null,null,null,null,null,NO,null,null,null,null,null,null,NO,null,NO,NO,null,YES,null,Principal that granted the privilege.
openfema,information_schema,catalog_privileges,grantee,1,null,NO,string,STRING,0,0,null,null,null,null,null,null,null,NO,null,null,null,null,null,null,NO,null,NO,NO,null,YES,null,Principal to which the privilege is granted.
openfema,information_schema,catalog_privileges,catalog_name,2,null,NO,string,STRING,0,0,null,null,null,null,null,null,null,NO,null,null,null,null,null,null,NO,null,NO,NO,null,YES,null,Catalog on which the privilege is granted.
openfema,information_schema,catalog_privileges,privilege_type,3,null,NO,string,STRING,0,0,null,null,null,null,null,null,null,NO,null,null,null,null,null,null,NO,null,NO,NO,null,YES,null,Privilege being granted.
openfema,information_schema,catalog_privileges,is_grantable,4,null,NO,string,STRING,0,0,null,null,null,null,null,null,null,NO,null,null,null,null,null,null,NO,null,NO,NO,null,YES,null,Always NO. Reserved for future use.
openfema,information_schema,catalog_privileges,inherited_from,5,null,NO,string,STRING,0,0,null,null,null,null,null,null,null,NO,null,null,null,null,null,null,NO,null,NO,NO,null,YES,null,The ancestor relation that the privilege is inherited from.
openfema,information_schema,catalog_properties,catalog_name,0,null,NO,string,STRING,0,0,null,null,null,null,null,null,null,NO,null,null,null,null,null,null,NO,null,NO,NO,null,YES,null,Name of the catalog.
openfema,information_schema,catalog_properties,collation_catalog,1,null,NO,string,STRING,0,0,null,null,null,null,null,null,null,NO,null,null,null,null,null,null,NO,null,NO,NO,null,YES,null,Always SYSTEM. Reserved for future use.
openfema,information_schema,catalog_properties,collation_schema,2,null,NO,string,STRING,0,0,null,null,null,null,null,null,null,NO,null,null,null,null,null,null,NO,null,NO,NO,null,YES,null,Always BUILTIN. Reserved for future use.
openfema,information_schema,catalog_properties,collation_name,3,null,NO,string,STRING,0,0,null,null,null,null,null,null,null,NO,null,null,null,null,null,null,NO,null,NO,NO,null,YES,null,The name of the collation used by default for new schemas.
openfema,information_schema,catalog_tags,catalog_name,0,null,NO,string,STRING,0,0,null,null,null,null,null,null,null,NO,null,null,null,null,null,null,NO,null,NO,NO,null,YES,null,null
openfema,information_schema,catalog_tags,tag_name,1,null,NO,string,STRING,0,0,null,null,null,null,null,null,null,NO,null,null,null,null,null,null,NO,null,NO,NO,null,YES,null,null
openfema,information_schema,catalog_tags,tag_value,2,null,NO,string,STRING,0,0,null,null,null,null,null,null,null,NO,null,null,null,null,null,null,NO,null,NO,NO,null,YES,null,null
openfema,information_schema,catalogs,catalog_name,0,null,NO,string,STRING,0,0,null,null,null,null,null,null,null,NO,null,null,null,null,null,null,NO,null,NO,NO,null,YES,null,Name of the catalog.
openfema,information_schema,catalogs,catalog_owner,1,null,NO,string,STRING,0,0,null,null,null,null,null,null,null,NO,null,null,null,null,null,null,NO,null,NO,NO,null,YES,null,Owner of the catalog.
openfema,information_schema,catalogs,comment,2,null,YES,string,STRING,0,0,null,null,null,null,null,null,null,NO,null,null,null,null,null,null,NO,null,NO,NO,null,YES,null,An optional comment that describes the catalog.
openfema,information_schema,catalogs,created,3,null,NO,timestamp,TIMESTAMP,null,null,null,null,null,3,null,null,null,NO,null,null,null,null,null,null,NO,null,NO,NO,null,YES,null,Timestamp when the catalog was created.
openfema,information_schema,catalogs,created_by,4,null,NO,string,STRING,0,0,null,null,null,null,null,null,null,NO,null,null,null,null,null,null,NO,null,NO,NO,null,YES,null,Principal who created the catalog.
openfema,information_schema,catalogs,last_altered,5,null,NO,timestamp,TIMESTAMP,null,null,null,null,null,3,null,null,null,NO,null,null,null,null,null,null,NO,null,NO,NO,null,YES,null,Timestamp when the catalog was last altered in any way.
openfema,information_schema,catalogs,last_altered_by,6,null,NO,string,STRING,0,0,null,null,null,null,null,null,null,NO,null,null,null,null,null,null,NO,null,NO,NO,null,YES,null,Principal who last altered the catalog.
openfema,information_schema,catalogs,url,7,null,YES,string,STRING,0,0,null,null,null,null,null,null,null,NO,null,null,null,null,null,null,NO,null,NO,NO,null,YES,null,The external location where the catalog was stored
openfema,information_schema,catalogs,custom_max_retention_hours,8,null,YES,long,LONG,null,null,null,null,null,null,null,null,null,NO,null,null,null,null,null,null,NO,null,NO,NO,null,YES,null,The user specified period in hours in which a dropped catalog and its children are restorable
openfema,information_schema,check_constraints,constraint_catalog,0,null,NO,string,STRING,0,0,null,null,null,null,null,null,null,NO,null,null,null,null,null,null,NO,null,NO,NO,null,YES,null,Catalog containing the check constraint.
openfema,information_schema,check_constraints,constraint_schema,1,null,NO,string,STRING,0,0,null,null,null,null,null,null,null,NO,null,null,null,null,null,null,NO,null,NO,NO,null,YES,null,Schema containing the check constraint.
openfema,information_schema,check_constraints,constraint_name,2,null,NO,string,STRING,0,0,null,null,null,null,null,null,null,NO,null,null,null,null,null,null,NO,null,NO,NO,null,YES,null,Name of the check constraint.
openfema,information_schema,check_constraints,check_clause,3,null,NO,string,STRING,0,0,null,null,null,null,null,null,null,NO,null,null,null,null,null,null,NO,null,NO,NO,null,YES,null,The text of the check constraint condition.
openfema,information_schema,check_constraints,sql_path,4,null,YES,string,STRING,0,0,null,null,null,null,null,null,null,NO,null,null,null,null,null,null,NO,null,NO,NO,null,YES,null,"Always NULL, reserved for future use."
openfema,information_schema,check_constraints,comment,5,null,YES,string,STRING,0,0,null,null,null,null,null,null,null,NO,null,null,null,null,null,null,NO,null,NO,NO,null,YES,null,null
openfema,information_schema,column_masks,table_catalog,0,null,NO,string,STRING,0,0,null,null,null,null,null,null,null,NO,null,null,null,null,null,null,NO,null,NO,NO,null,YES,null,null
openfema,information_schema,column_masks,table_schema,1,null,NO,string,STRING,0,0,null,null,null,null,null,null,null,NO,null,null,null,null,null,null,NO,null,NO,NO,null,YES,null,null
openfema,information_schema,column_masks,table_name,2,null,NO,string,STRING,0,0,null,null,null,null,null,null,null,NO,null,null,null,null,null,null,NO,null,NO,NO,null,YES,null,null
openfema,information_schema,column_masks,column_name,3,null,NO,string,STRING,0,0,null,null,null,null,null,null,null,NO,null,null,null,null,null,null,NO,null,NO,NO,null,YES,null,null
openfema,information_schema,column_masks,mask_name,4,null,YES,string,STRING,0,0,null,null,null,null,null,null,null,NO,null,null,null,null,null,null,NO,null,NO,NO,null,YES,null,null
openfema,information_schema,column_masks,using_columns,5,null,YES,string,STRING,0,0,null,null,null,null,null,null,null,NO,null,null,null,null,null,null,NO,null,NO,NO,null,YES,null,null
openfema,information_schema,column_tags,catalog_name,0,null,NO,string,STRING,0,0,null,null,null,null,null,null,null,NO,null,null,null,null,null,null,NO,null,NO,NO,null,YES,null,null
openfema,information_schema,column_tags,schema_name,1,null,NO,string,STRING,0,0,null,null,null,null,null,null,null,NO,null,null,null,null,null,null,NO,null,NO,NO,null,YES,null,null
openfema,information_schema,column_tags,table_name,2,null,NO,string,STRING,0,0,null,null,null,null,null,null,null,NO,null,null,null,null,null,null,NO,null,NO,NO,null,YES,null,null
openfema,information_schema,column_tags,column_name,3,null,NO,string,STRING,0,0,null,null,null,null,null,null,null,NO,null,null,null,null,null,null,NO,null,NO,NO,null,YES,null,null
openfema,information_schema,column_tags,tag_name,4,null,NO,string,STRING,0,0,null,null,null,null,null,null,null,NO,null,null,null,null,null,null,NO,null,NO,NO,null,YES,null,null
openfema,information_schema,column_tags,tag_value,5,null,NO,string,STRING,0,0,null,null,null,null,null,null,null,NO,null,null,null,null,null,null,NO,null,NO,NO,null,YES,null,null
openfema,information_schema,columns,table_catalog,0,null,NO,string,STRING,0,0,null,null,null,null,null,null,null,NO,null,null,null,null,null,null,NO,null,NO,NO,null,YES,null,Catalog that contains the relation.
openfema,information_schema,columns,table_schema,1,null,NO,string,STRING,0,0,null,null,null,null,null,null,null,NO,null,null,null,null,null,null,NO,null,NO,NO,null,YES,null,Schema that contains the relation.
openfema,information_schema,columns,table_name,2,null,NO,string,STRING,0,0,null,null,null,null,null,null,null,NO,null,null,null,null,null,null,NO,null,NO,NO,null,YES,null,Name of the relation the column is part of.
openfema,information_schema,columns,column_name,3,null,NO,string,STRING,0,0,null,null,null,null,null,null,null,NO,null,null,null,null,null,null,NO,null,NO,NO,null,YES,null,Name of the column.
openfema,information_schema,columns,ordinal_position,4,null,NO,int,INT,null,null,null,null,null,null,null,null,null,NO,null,null,null,null,null,null,NO,null,NO,NO,null,YES,null,The position (numbered from 1) of the column within the relation.
openfema,information_schema,columns,column_default,5,null,YES,string,STRING,0,0,null,null,null,null,null,null,null,NO,null,null,null,null,null,null,NO,null,NO,NO,null,YES,null,"The default value used when the column is not specified in an INSERT, NULL if undefined."
openfema,information_schema,columns,is_nullable,6,null,NO,string,STRING,0,0,null,null,null,null,null,null,null,NO,null,null,null,null,null,null,NO,null,NO,NO,null,YES,null,"YES if column is nullable, NO otherwise."
openfema,information_schema,columns,full_data_type,7,null,NO,string,STRING,0,0,null,null,null,null,null,null,null,NO,null,null,null,null,null,null,NO,null,NO,NO,null,YES,null,The data type as specified in the column definition.
openfema,information_schema,columns,data_type,8,null,NO,string,STRING,0,0,null,null,null,null,null,null,null,NO,null,null,null,null,null,null,NO,null,NO,NO,null,YES,null,"The simple data type name of the column, or STRUCT, or ARRAY."
openfema,information_schema,columns,character_maximum_length,9,null,YES,long,LONG,null,null,null,null,null,null,null,null,null,NO,null,null,null,null,null,null,NO,null,NO,NO,null,YES,null,"Always NULL, reserved for future use."
openfema,information_schema,columns,character_octet_length,10,null,YES,long,LONG,null,null,null,null,null,null,null,null,null,NO,null,null,null,null,null,null,NO,null,NO,NO,null,YES,null,"Always NULL, reserved for future use."
openfema,information_schema,columns,numeric_precision,11,null,YES,int,INT,null,null,null,null,null,null,null,null,null,NO,null,null,null,null,null,null,NO,null,NO,NO,null,YES,null,"For base-2 integral numeric types, FLOAT, and DOUBLE, the number of supported bits. For DECIMAL the number of digits, NULL otherwise."
openfema,information_schema,columns,numeric_precision_radix,12,null,YES,int,INT,null,null,null,null,null,null,null,null,null,NO,null,null,null,null,null,null,NO,null,NO,NO,null,YES,null,"For DECIMAL 10, for all other numeric types 2, NULL otherwise."
openfema,information_schema,columns,numeric_scale,13,null,YES,int,INT,null,null,null,null,null,null,null,null,null,NO,null,null,null,null,null,null,NO,null,NO,NO,null,YES,null,"For integral numeric types 0, for DECIMAL the number of digits to the right of the decimal point, NULL otherwise."
openfema,information_schema,columns,datetime_precision,14,null,YES,int,INT,null,null,null,null,null,null,null,null,null,NO,null,null,null,null,null,null,NO,null,NO,NO,null,YES,null,"For DATE 0, for TIMESTAMP, and INTERVAL … SECOND 6, any other INTERVAL 0, NULL otherwise."
openfema,information_schema,columns,interval_type,15,null,YES,string,STRING,0,0,null,null,null,null,null,null,null,NO,null,null,null,null,null,null,NO,null,NO,NO,null,YES,null,"For INTERVAL the unit portion of the interval, e.g. 'YEAR TO MONTH', NULL otherwise."
openfema,information_schema,columns,interval_precision,16,null,YES,int,INT,null,null,null,null,null,null,null,null,null,NO,null,null,null,null,null,null,NO,null,NO,NO,null,YES,null,"Always NULL, reserved for future use."
openfema,information_schema,columns,maximum_cardinality,17,null,YES,long,LONG,null,null,null,null,null,null,null,null,null,NO,null,null,null,null,null,null,NO,null,NO,NO,null,YES,null,"Always NULL, reserved for future use."
openfema,information_schema,columns,is_identity,18,null,NO,string,STRING,0,0,null,null,null,null,null,null,null,NO,null,null,null,null,null,null,NO,null,NO,NO,null,YES,null,"Always 'NO', reserved for future use."
openfema,information_schema,columns,identity_generation,19,null,YES,string,STRING,0,0,null,null,null,null,null,null,null,NO,null,null,null,null,null,null,NO,null,NO,NO,null,YES,null,"Always NULL, reserved for future use."
openfema,information_schema,columns,identity_start,20,null,YES,string,STRING,0,0,null,null,null,null,null,null,null,NO,null,null,null,null,null,null,NO,null,NO,NO,null,YES,null,"Always NULL, reserved for future use."
openfema,information_schema,columns,identity_increment,21,null,YES,string,STRING,0,0,null,null,null,null,null,null,null,NO,null,null,null,null,null,null,NO,null,NO,NO,null,YES,null,"Always NULL, reserved for future use."
openfema,information_schema,columns,identity_maximum,22,null,YES,string,STRING,0,0,null,null,null,null,null,null,null,NO,null,null,null,null,null,null,NO,null,NO,NO,null,YES,null,"Always NULL, reserved for future use."
openfema,information_schema,columns,identity_minimum,23,null,YES,string,STRING,0,0,null,null,null,null,null,null,null,NO,null,null,null,null,null,null,NO,null,NO,NO,null,YES,null,"Always NULL, reserved for future use."
openfema,information_schema,columns,identity_cycle,24,null,YES,string,STRING,0,0,null,null,null,null,null,null,null,NO,null,null,null,null,null,null,NO,null,NO,NO,null,YES,null,"Always NULL, reserved for future use."
openfema,information_schema,columns,is_generated,25,null,NO,string,STRING,0,0,null,null,null,null,null,null,null,NO,null,null,null,null,null,null,NO,null,NO,NO,null,YES,null,"Always NULL, reserved for future use."
openfema,information_schema,columns,generation_expression,26,null,YES,string,STRING,0,0,null,null,null,null,null,null,null,NO,null,null,null,null,null,null,NO,null,NO,NO,null,YES,null,"Always NULL, reserved for future use."
openfema,information_schema,columns,is_system_time_period_start,27,null,NO,string,STRING,0,0,null,null,null,null,null,null,null,NO,null,null,null,null,null,null,NO,null,NO,NO,null,YES,null,"Always NO, reserved for future use."
openfema,information_schema,columns,is_system_time_period_end,28,null,NO,string,STRING,0,0,null,null,null,null,null,null,null,NO,null,null,null,null,null,null,NO,null,NO,NO,null,YES,null,"Always NO, reserved for future use."
openfema,information_schema,columns,system_time_period_timestamp_generation,29,null,YES,string,STRING,0,0,null,null,null,null,null,null,null,NO,null,null,null,null,null,null,NO,null,NO,NO,null,YES,null,"Always NULL, reserved for future use."
openfema,information_schema,columns,is_updatable,30,null,NO,string,STRING,0,0,null,null,null,null,null,null,null,NO,null,null,null,null,null,null,NO,null,NO,NO,null,YES,null,"YES if column is updatable, NO otherwise."
openfema,information_schema,columns,partition_index,31,null,YES,int,INT,null,null,null,null,null,null,null,null,null,NO,null,null,null,null,null,null,NO,null,NO,NO,null,YES,null,"Position (numbered from 1) of the column in the partition, NULL if not a partitioning column."
openfema,information_schema,columns,comment,32,null,YES,string,STRING,0,0,null,null,null,null,null,null,null,NO,null,null,null,null,null,null,NO,null,NO,NO,null,YES,null,Optional description of the column.
openfema,information_schema,columns,collation_catalog,33,null,YES,string,STRING,0,0,null,null,null,null,null,null,null,NO,null,null,null,null,null,null,NO,null,NO,NO,null,YES,null,"For string columns, always SYSTEM. Reserved for future use, NULL if not a string column."
openfema,information_schema,columns,collation_schema,34,null,YES,string,STRING,0,0,null,null,null,null,null,null,null,NO,null,null,null,null,null,null,NO,null,NO,NO,null,YES,null,"For string columns, always BUILTIN. Reserved for future use, NULL if not a string column."
openfema,information_schema,columns,collation_name,35,null,YES,string,STRING,0,0,null,null,null,null,null,null,null,NO,null,null,null,null,null,null,NO,null,NO,NO,null,YES,null,"For string columns, the name of the collation, NULL if not a string column."
openfema,information_schema,constraint_column_usage,table_catalog,0,null,NO,string,STRING,0,0,null,null,null,null,null,null,null,NO,null,null,null,null,null,null,NO,null,NO,NO,null,YES,null,Catalog containing the relation.
openfema,information_schema,constraint_column_usage,table_schema,1,null,NO,string,STRING,0,0,null,null,null,null,null,null,null,NO,null,null,null,null,null,null,NO,null,NO,NO,null,YES,null,Schema containing the relation.
openfema,information_schema,constraint_column_usage,table_name,2,null,NO,string,STRING,0,0,null,null,null,null,null,null,null,NO,null,null,null,null,null,null,NO,null,NO,NO,null,YES,null,Name of the relation.
openfema,information_schema,constraint_column_usage,column_name,3,null,NO,string,STRING,0,0,null,null,null,null,null,null,null,NO,null,null,null,null,null,null,NO,null,NO,NO,null,YES,null,Name of the column.
openfema,information_schema,constraint_column_usage,constraint_catalog,4,null,NO,string,STRING,0,0,null,null,null,null,null,null,null,NO,null,null,null,null,null,null,NO,null,NO,NO,null,YES,null,Catalog containing the constraint.
openfema,information_schema,constraint_column_usage,constraint_schema,5,null,NO,string,STRING,0,0,null,null,null,null,null,null,null,NO,null,null,null,null,null,null,NO,null,NO,NO,null,YES,null,Schema containing the constraint.
openfema,information_schema,constraint_column_usage,constraint_name,6,null,NO,string,STRING,0,0,null,null,null,null,null,null,null,NO,null,null,null,null,null,null,NO,null,NO,NO,null,YES,null,Name of the constraint.
openfema,information_schema,constraint_table_usage,table_catalog,0,null,NO,string,STRING,0,0,null,null,null,null,null,null,null,NO,null,null,null,null,null,null,NO,null,NO,NO,null,YES,null,Catalog containing the relation.
openfema,information_schema,constraint_table_usage,table_schema,1,null,NO,string,STRING,0,0,null,null,null,null,null,null,null,NO,null,null,null,null,null,null,NO,null,NO,NO,null,YES,null,Schema containing the relation.
openfema,information_schema,constraint_table_usage,table_name,2,null,NO,string,STRING,0,0,null,null,null,null,null,null,null,NO,null,null,null,null,null,null,NO,null,NO,NO,null,YES,null,Name of the relation.
openfema,information_schema,constraint_table_usage,constraint_catalog,3,null,NO,string,STRING,0,0,null,null,null,null,null,null,null,NO,null,null,null,null,null,null,NO,null,NO,NO,null,YES,null,Catalog containing the constraint.
openfema,information_schema,constraint_table_usage,constraint_schema,4,null,NO,string,STRING,0,0,null,null,null,null,null,null,null,NO,null,null,null,null,null,null,NO,null,NO,NO,null,YES,null,Schema containing the constraint.
openfema,information_schema,constraint_table_usage,constraint_name,5,null,NO,string,STRING,0,0,null,null,null,null,null,null,null,NO,null,null,null,null,null,null,NO,null,NO,NO,null,YES,null,Name of the constraint.
openfema,information_schema,information_schema_catalog_name,catalog_name,0,null,NO,string,STRING,0,0,null,null,null,null,null,null,null,NO,null,null,null,null,null,null,NO,null,NO,NO,null,YES,null,The name of the catalog containing this information schema.
openfema,information_schema,key_column_usage,constraint_catalog,0,null,NO,string,STRING,0,0,null,null,null,null,null,null,null,NO,null,null,null,null,null,null,NO,null,NO,NO,null,YES,null,Catalog containing the constraint.
openfema,information_schema,key_column_usage,constraint_schema,1,null,NO,string,STRING,0,0,null,null,null,null,null,null,null,NO,null,null,null,null,null,null,NO,null,NO,NO,null,YES,null,Schema containing the constraint.
openfema,information_schema,key_column_usage,constraint_name,2,null,NO,string,STRING,0,0,null,null,null,null,null,null,null,NO,null,null,null,null,null,null,NO,null,NO,NO,null,YES,null,Name of the constraint.
openfema,information_schema,key_column_usage,table_catalog,3,null,NO,string,STRING,0,0,null,null,null,null,null,null,null,NO,null,null,null,null,null,null,NO,null,NO,NO,null,YES,null,Catalog containing the table.
openfema,information_schema,key_column_usage,table_schema,4,null,NO,string,STRING,0,0,null,null,null,null,null,null,null,NO,null,null,null,null,null,null,NO,null,NO,NO,null,YES,null,Schema containing the table.
openfema,information_schema,key_column_usage,table_name,5,null,NO,string,STRING,0,0,null,null,null,null,null,null,null,NO,null,null,null,null,null,null,NO,null,NO,NO,null,YES,null,Name of the table in which the constraint is defined.
openfema,information_schema,key_column_usage,column_name,6,null,NO,string,STRING,0,0,null,null,null,null,null,null,null,NO,null,null,null,null,null,null,NO,null,NO,NO,null,YES,null,Name of the column.
openfema,information_schema,key_column_usage,ordinal_position,7,null,NO,int,INT,null,null,null,null,null,null,null,null,null,NO,null,null,null,null,null,null,NO,null,NO,NO,null,YES,null,Position (1-based) of the column in the key.
openfema,information_schema,key_column_usage,position_in_unique_constraint,8,null,YES,int,INT,null,null,null,null,null,null,null,null,null,NO,null,null,null,null,null,null,NO,null,NO,NO,null,YES,null,"For foreign key, position (1-based) of the column in parent unique or primary key constraint, NULL otherwise."
openfema,information_schema,parameters,specific_catalog,0,null,NO,string,STRING,0,0,null,null,null,null,null,null,null,NO,null,null,null,null,null,null,NO,null,NO,NO,null,YES,null,Catalog containing the routine.
openfema,information_schema,parameters,specific_schema,1,null,NO,string,STRING,0,0,null,null,null,null,null,null,null,NO,null,null,null,null,null,null,NO,null,NO,NO,null,YES,null,Database (schema) containing the routine.
openfema,information_schema,parameters,specific_name,2,null,NO,string,STRING,0,0,null,null,null,null,null,null,null,NO,null,null,null,null,null,null,NO,null,NO,NO,null,YES,null,Schema unique (specific) name of the routine.
openfema,information_schema,parameters,ordinal_position,3,null,NO,int,INT,null,null,null,null,null,null,null,null,null,NO,null,null,null,null,null,null,NO,null,NO,NO,null,YES,null,The position (1-based) of the parameter in the routine parameter list.
openfema,information_schema,parameters,parameter_mode,4,null,NO,string,STRING,0,0,null,null,null,null,null,null,null,NO,null,null,null,null,null,null,NO,null,NO,NO,null,YES,null,"The parameter mode, 'IN' 'OUT' or 'INOUT."
openfema,information_schema,parameters,is_result,5,null,NO,string,STRING,0,0,null,null,null,null,null,null,null,NO,null,null,null,null,null,null,NO,null,NO,NO,null,YES,null,Always 'NO'. Reserved for future use.
openfema,information_schema,parameters,as_locator,6,null,NO,string,STRING,0,0,null,null,null,null,null,null,null,NO,null,null,null,null,null,null,NO,null,NO,NO,null,YES,null,Always 'NO'. Reserved for future use.
openfema,information_schema,parameters,parameter_name,7,null,YES,string,STRING,0,0,null,null,null,null,null,null,null,NO,null,null,null,null,null,null,NO,null,NO,NO,null,YES,null,"Name of the parameters, NULL if unnamed."
openfema,information_schema,parameters,data_type,8,null,NO,string,STRING,0,0,null,null,null,null,null,null,null,NO,null,null,null,null,null,null,NO,null,NO,NO,null,YES,null,The parameter data type name.
openfema,information_schema,parameters,full_data_type,9,null,NO,string,STRING,0,0,null,null,null,null,null,null,null,NO,null,null,null,null,null,null,NO,null,NO,NO,null,YES,null,"The parameter data type definition, for example 'DECIMAL(10, 4)'."
openfema,information_schema,parameters,character_maximum_length,10,null,YES,long,LONG,null,null,null,null,null,null,null,null,null,NO,null,null,null,null,null,null,NO,null,NO,NO,null,YES,null,"Always NULL, reserved for future use."
openfema,information_schema,parameters,character_octet_length,11,null,YES,long,LONG,null,null,null,null,null,null,null,null,null,NO,null,null,null,null,null,null,NO,null,NO,NO,null,YES,null,"Always NULL, reserved for future use."
openfema,information_schema,parameters,numeric_precision,12,null,YES,int,INT,null,null,null,null,null,null,null,null,null,NO,null,null,null,null,null,null,NO,null,NO,NO,null,YES,null,"For base-2 integral numeric types, FLOAT, and DOUBLE, the number of supported bits. For DECIMAL the number of digits, NULL otherwise."
openfema,information_schema,parameters,numeric_precision_radix,13,null,YES,int,INT,null,null,null,null,null,null,null,null,null,NO,null,null,null,null,null,null,NO,null,NO,NO,null,YES,null,"For DECIMAL 10, for all other numeric types 2, NULL otherwise."
openfema,information_schema,parameters,numeric_scale,14,null,YES,int,INT,null,null,null,null,null,null,null,null,null,NO,null,null,null,null,null,null,NO,null,NO,NO,null,YES,null,"For integral numeric types 0, for DECIMAL the number of digits to the right of the decimal point, NULL otherwise."
openfema,information_schema,parameters,datetime_precision,15,null,YES,int,INT,null,null,null,null,null,null,null,null,null,NO,null,null,null,null,null,null,NO,null,NO,NO,null,YES,null,"For DATE 0, for TIMESTAMP, and INTERVAL … SECOND 6, any other INTERVAL 0, NULL otherwise."
openfema,information_schema,parameters,interval_type,16,null,YES,string,STRING,0,0,null,null,null,null,null,null,null,NO,null,null,null,null,null,null,NO,null,NO,NO,null,YES,null,"For INTERVAL the unit portion of the interval, e.g. 'YEAR TO MONTH', NULL otherwise."
openfema,information_schema,parameters,interval_precision,17,null,YES,int,INT,null,null,null,null,null,null,null,null,null,NO,null,null,null,null,null,null,NO,null,NO,NO,null,YES,null,"Always NULL, reserved for future use."
openfema,information_schema,parameters,maximum_cardinality,18,null,YES,long,LONG,null,null,null,null,null,null,null,null,null,NO,null,null,null,null,null,null,NO,null,NO,NO,null,YES,null,"Always NULL, reserved for future use."
openfema,information_schema,parameters,parameter_default,19,null,YES,string,STRING,0,0,null,null,null,null,null,null,null,NO,null,null,null,null,null,null,NO,null,NO,NO,null,YES,null,"Always NULL, reserved for future use."
openfema,information_schema,parameters,comment,20,null,YES,string,STRING,0,0,null,null,null,null,null,null,null,NO,null,null,null,null,null,null,NO,null,NO,NO,null,YES,null,An optional comment describing the parameter.
openfema,information_schema,parameters,collation_catalog,21,null,YES,string,STRING,0,0,null,null,null,null,null,null,null,NO,null,null,null,null,null,null,NO,null,NO,NO,null,YES,null,"For string columns, always SYSTEM. Reserved for future use, NULL if not a string column."
openfema,information_schema,parameters,collation_schema,22,null,YES,string,STRING,0,0,null,null,null,null,null,null,null,NO,null,null,null,null,null,null,NO,null,NO,NO,null,YES,null,"For string columns, always BUILTIN. Reserved for future use, NULL if not a string column."
openfema,information_schema,parameters,collation_name,23,null,YES,string,STRING,0,0,null,null,null,null,null,null,null,NO,null,null,null,null,null,null,NO,null,NO,NO,null,YES,null,"For string columns, the name of the collation, NULL if not a string column."
openfema,information_schema,referential_constraints,constraint_catalog,0,null,NO,string,STRING,0,0,null,null,null,null,null,null,null,NO,null,null,null,null,null,null,NO,null,NO,NO,null,YES,null,Catalog containing the foreign key constraint.
openfema,information_schema,referential_constraints,constraint_schema,1,null,NO,string,STRING,0,0,null,null,null,null,null,null,null,NO,null,null,null,null,null,null,NO,null,NO,NO,null,YES,null,Schema containing the foreign key constraints.
openfema,information_schema,referential_constraints,constraint_name,2,null,NO,string,STRING,0,0,null,null,null,null,null,null,null,NO,null,null,null,null,null,null,NO,null,NO,NO,null,YES,null,Name of the check constraint.
openfema,information_schema,referential_constraints,unique_constraint_catalog,3,null,NO,string,STRING,0,0,null,null,null,null,null,null,null,NO,null,null,null,null,null,null,NO,null,NO,NO,null,YES,null,Catalog containing the referenced constraint.
openfema,information_schema,referential_constraints,unique_constraint_schema,4,null,NO,string,STRING,0,0,null,null,null,null,null,null,null,NO,null,null,null,null,null,null,NO,null,NO,NO,null,YES,null,Schema containing the referenced constraint.
openfema,information_schema,referential_constraints,unique_constraint_name,5,null,NO,string,STRING,0,0,null,null,null,null,null,null,null,NO,null,null,null,null,null,null,NO,null,NO,NO,null,YES,null,Name of the referenced constraint.
openfema,information_schema,referential_constraints,match_option,6,null,NO,string,STRING,0,0,null,null,null,null,null,null,null,NO,null,null,null,null,null,null,NO,null,NO,NO,null,YES,null,"Always FULL, reserved for future use.."
openfema,information_schema,referential_constraints,update_rule,7,null,NO,string,STRING,0,0,null,null,null,null,null,null,null,NO,null,null,null,null,null,null,NO,null,NO,NO,null,YES,null,"Always NO ACTION, reserved for future use."
openfema,information_schema,referential_constraints,delete_rule,8,null,NO,string,STRING,0,0,null,null,null,null,null,null,null,NO,null,null,null,null,null,null,NO,null,NO,NO,null,YES,null,"Always NO ACTION, reserved for future use."
openfema,information_schema,routine_columns,specific_catalog,0,null,NO,string,STRING,0,0,null,null,null,null,null,null,null,NO,null,null,null,null,null,null,NO,null,NO,NO,null,YES,null,Catalog containing the routine.
openfema,information_schema,routine_columns,specific_schema,1,null,NO,string,STRING,0,0,null,null,null,null,null,null,null,NO,null,null,null,null,null,null,NO,null,NO,NO,null,YES,null,Database (schema) containing the routine.
openfema,information_schema,routine_columns,specific_name,2,null,NO,string,STRING,0,0,null,null,null,null,null,null,null,NO,null,null,null,null,null,null,NO,null,NO,NO,null,YES,null,Schema unique (specific) name of the routine.
openfema,information_schema,routine_columns,ordinal_position,3,null,NO,int,INT,null,null,null,null,null,null,null,null,null,NO,null,null,null,null,null,null,NO,null,NO,NO,null,YES,null,The position (1-based) of the column in the result column list.
openfema,information_schema,routine_columns,column_name,4,null,NO,string,STRING,0,0,null,null,null,null,null,null,null,NO,null,null,null,null,null,null,NO,null,NO,NO,null,YES,null,"Name of the column, NULL if unnamed."
openfema,information_schema,routine_columns,data_type,5,null,NO,string,STRING,0,0,null,null,null,null,null,null,null,NO,null,null,null,null,null,null,NO,null,NO,NO,null,YES,null,The parameter data type name.
openfema,information_schema,routine_columns,full_data_type,6,null,NO,string,STRING,0,0,null,null,null,null,null,null,null,NO,null,null,null,null,null,null,NO,null,NO,NO,null,YES,null,"The parameter data type definition, for example 'DECIMAL(10, 4)'."
openfema,information_schema,routine_columns,character_maximum_length,7,null,YES,long,LONG,null,null,null,null,null,null,null,null,null,NO,null,null,null,null,null,null,NO,null,NO,NO,null,YES,null,"Always NULL, reserved for future use."
openfema,information_schema,routine_columns,character_octet_length,8,null,YES,long,LONG,null,null,null,null,null,null,null,null,null,NO,null,null,null,null,null,null,NO,null,NO,NO,null,YES,null,"Always NULL, reserved for future use."
openfema,information_schema,routine_columns,numeric_precision,9,null,YES,int,INT,null,null,null,null,null,null,null,null,null,NO,null,null,null,null,null,null,NO,null,NO,NO,null,YES,null,"For base-2 integral numeric types, FLOAT, and DOUBLE, the number of supported bits. For DECIMAL the number of digits, NULL otherwise."
openfema,information_schema,routine_columns,numeric_precision_radix,10,null,YES,int,INT,null,null,null,null,null,null,null,null,null,NO,null,null,null,null,null,null,NO,null,NO,NO,null,YES,null,"For DECIMAL 10, for all other numeric types 2, NULL otherwise."
openfema,information_schema,routine_columns,numeric_scale,11,null,YES,int,INT,null,null,null,null,null,null,null,null,null,NO,null,null,null,null,null,null,NO,null,NO,NO,null,YES,null,"For integral numeric types 0, for DECIMAL the number of digits to the right of the decimal point, NULL otherwise."
openfema,information_schema,routine_columns,datetime_precision,12,null,YES,int,INT,null,null,null,null,null,null,null,null,null,NO,null,null,null,null,null,null,NO,null,NO,NO,null,YES,null,"For DATE 0, for TIMESTAMP, and INTERVAL … SECOND 6, any other INTERVAL 0, NULL otherwise."
openfema,information_schema,routine_columns,interval_type,13,null,YES,string,STRING,0,0,null,null,null,null,null,null,null,NO,null,null,null,null,null,null,NO,null,NO,NO,null,YES,null,"For INTERVAL the unit portion of the interval, e.g. 'YEAR TO MONTH', NULL otherwise."
openfema,information_schema,routine_columns,interval_precision,14,null,YES,int,INT,null,null,null,null,null,null,null,null,null,NO,null,null,null,null,null,null,NO,null,NO,NO,null,YES,null,"Always NULL, reserved for future use."
openfema,information_schema,routine_columns,maximum_cardinality,15,null,YES,long,LONG,null,null,null,null,null,null,null,null,null,NO,null,null,null,null,null,null,NO,null,NO,NO,null,YES,null,"Always NULL, reserved for future use."
openfema,information_schema,routine_columns,comment,16,null,YES,string,STRING,0,0,null,null,null,null,null,null,null,NO,null,null,null,null,null,null,NO,null,NO,NO,null,YES,null,An optional comment describing the result column.
openfema,information_schema,routine_columns,collation_catalog,17,null,YES,string,STRING,0,0,null,null,null,null,null,null,null,NO,null,null,null,null,null,null,NO,null,NO,NO,null,YES,null,"For string columns, always SYSTEM. Reserved for future use, NULL if not a string column."
openfema,information_schema,routine_columns,collation_schema,18,null,YES,string,STRING,0,0,null,null,null,null,null,null,null,NO,null,null,null,null,null,null,NO,null,NO,NO,null,YES,null,"For string columns, always BUILTIN. Reserved for future use, NULL if not a string column."
openfema,information_schema,routine_columns,collation_name,19,null,YES,string,STRING,0,0,null,null,null,null,null,null,null,NO,null,null,null,null,null,null,NO,null,NO,NO,null,YES,null,"For string columns, the name of the collation, NULL if not a string column."
openfema,information_schema,routine_privileges,grantor,0,null,NO,string,STRING,0,0,null,null,null,null,null,null,null,NO,null,null,null,null,null,null,NO,null,NO,NO,null,YES,null,Principal who granted the privilege.
openfema,information_schema,routine_privileges,grantee,1,null,NO,string,STRING,0,0,null,null,null,null,null,null,null,NO,null,null,null,null,null,null,NO,null,NO,NO,null,YES,null,Principal to which the privilege is granted.
openfema,information_schema,routine_privileges,specific_catalog,2,null,NO,string,STRING,0,0,null,null,null,null,null,null,null,NO,null,null,null,null,null,null,NO,null,NO,NO,null,YES,null,Catalog of routine on which the privilege is granted.
openfema,information_schema,routine_privileges,specific_schema,3,null,NO,string,STRING,0,0,null,null,null,null,null,null,null,NO,null,null,null,null,null,null,NO,null,NO,NO,null,YES,null,Database of routine on which the privilege is granted.
openfema,information_schema,routine_privileges,specific_name,4,null,NO,string,STRING,0,0,null,null,null,null,null,null,null,NO,null,null,null,null,null,null,NO,null,NO,NO,null,YES,null,Schema unique (specific) name of routine on which the privilege is granted.
openfema,information_schema,routine_privileges,routine_catalog,5,null,NO,string,STRING,0,0,null,null,null,null,null,null,null,NO,null,null,null,null,null,null,NO,null,NO,NO,null,YES,null,Matches SPECIFIC_CATALOG.
openfema,information_schema,routine_privileges,routine_schema,6,null,NO,string,STRING,0,0,null,null,null,null,null,null,null,NO,null,null,null,null,null,null,NO,null,NO,NO,null,YES,null,Matches SPECIFIC_SCHEMA.
openfema,information_schema,routine_privileges,routine_name,7,null,NO,string,STRING,0,0,null,null,null,null,null,null,null,NO,null,null,null,null,null,null,NO,null,NO,NO,null,YES,null,Name of routine on which the privilege is granted.
openfema,information_schema,routine_privileges,privilege_type,8,null,NO,string,STRING,0,0,null,null,null,null,null,null,null,NO,null,null,null,null,null,null,NO,null,NO,NO,null,YES,null,Privilege being granted.
openfema,information_schema,routine_privileges,is_grantable,9,null,NO,string,STRING,0,0,null,null,null,null,null,null,null,NO,null,null,null,null,null,null,NO,null,NO,NO,null,YES,null,Always NO. Reserved for future use.
openfema,information_schema,routine_privileges,inherited_from,10,null,NO,string,STRING,0,0,null,null,null,null,null,null,null,NO,null,null,null,null,null,null,NO,null,NO,NO,null,YES,null,The ancestor relation that the privilege is inherited from.
openfema,information_schema,routine_tags,catalog_name,0,null,NO,string,STRING,0,0,null,null,null,null,null,null,null,NO,null,null,null,null,null,null,NO,null,NO,NO,null,YES,null,null
openfema,information_schema,routine_tags,schema_name,1,null,NO,string,STRING,0,0,null,null,null,null,null,null,null,NO,null,null,null,null,null,null,NO,null,NO,NO,null,YES,null,null
openfema,information_schema,routine_tags,routine_name,2,null,NO,string,STRING,0,0,null,null,null,null,null,null,null,NO,null,null,null,null,null,null,NO,null,NO,NO,null,YES,null,null
openfema,information_schema,routine_tags,tag_name,3,null,NO,string,STRING,0,0,null,null,null,null,null,null,null,NO,null,null,null,null,null,null,NO,null,NO,NO,null,YES,null,null
openfema,information_schema,routine_tags,tag_value,4,null,NO,string,STRING,0,0,null,null,null,null,null,null,null,NO,null,null,null,null,null,null,NO,null,NO,NO,null,YES,null,null
openfema,information_schema,routines,specific_catalog,0,null,NO,string,STRING,0,0,null,null,null,null,null,null,null,NO,null,null,null,null,null,null,NO,null,NO,NO,null,YES,null,Catalog containing the routine.
openfema,information_schema,routines,specific_schema,1,null,NO,string,STRING,0,0,null,null,null,null,null,null,null,NO,null,null,null,null,null,null,NO,null,NO,NO,null,YES,null,Database (schema) containing the routine.
openfema,information_schema,routines,specific_name,2,null,NO,string,STRING,0,0,null,null,null,null,null,null,null,NO,null,null,null,null,null,null,NO,null,NO,NO,null,YES,null,Schema unique (specific) name of the routine.
openfema,information_schema,routines,routine_catalog,3,null,NO,string,STRING,0,0,null,null,null,null,null,null,null,NO,null,null,null,null,null,null,NO,null,NO,NO,null,YES,null,Matches SPECIFIC_CATALOG.
openfema,information_schema,routines,routine_schema,4,null,NO,string,STRING,0,0,null,null,null,null,null,null,null,NO,null,null,null,null,null,null,NO,null,NO,NO,null,YES,null,Matches SPECIFIC_SCHEMA.
openfema,information_schema,routines,routine_name,5,null,NO,string,STRING,0,0,null,null,null,null,null,null,null,NO,null,null,null,null,null,null,NO,null,NO,NO,null,YES,null,Name of the routine.
openfema,information_schema,routines,routine_owner,6,null,NO,string,STRING,0,0,null,null,null,null,null,null,null,NO,null,null,null,null,null,null,NO,null,NO,NO,null,YES,null,null
openfema,information_schema,routines,routine_type,7,null,NO,string,STRING,0,0,null,null,null,null,null,null,null,NO,null,null,null,null,null,null,NO,null,NO,NO,null,YES,null,"The routine type, 'FUNCTION' or 'PROCEDURE'."
openfema,information_schema,routines,data_type,8,null,NO,string,STRING,0,0,null,null,null,null,null,null,null,NO,null,null,null,null,null,null,NO,null,NO,NO,null,YES,null,"The result data type name, or 'TABLE' for a table valued function, 'NULL' for procedures."
openfema,information_schema,routines,full_data_type,9,null,NO,string,STRING,0,0,null,null,null,null,null,null,null,NO,null,null,null,null,null,null,NO,null,NO,NO,null,YES,null,"The result data type definition, for example 'DECIMAL(10, 4)', 'NULL' for procedures."
openfema,information_schema,routines,character_maximum_length,10,null,YES,long,LONG,null,null,null,null,null,null,null,null,null,NO,null,null,null,null,null,null,NO,null,NO,NO,null,YES,null,"Always NULL, reserved for future use."
openfema,information_schema,routines,character_octet_length,11,null,YES,long,LONG,null,null,null,null,null,null,null,null,null,NO,null,null,null,null,null,null,NO,null,NO,NO,null,YES,null,"Always NULL, reserved for future use."
openfema,information_schema,routines,numeric_precision,12,null,YES,int,INT,null,null,null,null,null,null,null,null,null,NO,null,null,null,null,null,null,NO,null,NO,NO,null,YES,null,"For base-2 integral numeric types, FLOAT, and DOUBLE, the number of supported bits. For DECIMAL the number of digits, NULL otherwise."
openfema,information_schema,routines,numeric_precision_radix,13,null,YES,int,INT,null,null,null,null,null,null,null,null,null,NO,null,null,null,null,null,null,NO,null,NO,NO,null,YES,null,"For DECIMAL 10, for all other numeric types 2, NULL otherwise."
openfema,information_schema,routines,numeric_scale,14,null,YES,int,INT,null,null,null,null,null,null,null,null,null,NO,null,null,null,null,null,null,NO,null,NO,NO,null,YES,null,"For integral numeric types 0, for DECIMAL the number of digits to the right of the decimal point, NULL otherwise."
openfema,information_schema,routines,datetime_precision,15,null,YES,int,INT,null,null,null,null,null,null,null,null,null,NO,null,null,null,null,null,null,NO,null,NO,NO,null,YES,null,"For DATE 0, for TIMESTAMP, and INTERVAL … SECOND 6, any other INTERVAL 0, NULL otherwise."
openfema,information_schema,routines,interval_type,16,null,YES,string,STRING,0,0,null,null,null,null,null,null,null,NO,null,null,null,null,null,null,NO,null,NO,NO,null,YES,null,"For INTERVAL the unit portion of the interval, e.g. 'YEAR TO MONTH', NULL otherwise."
openfema,information_schema,routines,interval_precision,17,null,YES,int,INT,null,null,null,null,null,null,null,null,null,NO,null,null,null,null,null,null,NO,null,NO,NO,null,YES,null,"Always NULL, reserved for future use."
openfema,information_schema,routines,maximum_cardinality,18,null,YES,long,LONG,null,null,null,null,null,null,null,null,null,NO,null,null,null,null,null,null,NO,null,NO,NO,null,YES,null,"Always NULL, reserved for future use."
openfema,information_schema,routines,routine_body,19,null,NO,string,STRING,0,0,null,null,null,null,null,null,null,NO,null,null,null,null,null,null,NO,null,NO,NO,null,YES,null,"The routine body, 'SQL' or 'EXTERNAL'."
openfema,information_schema,routines,routine_definition,20,null,YES,string,STRING,0,0,null,null,null,null,null,null,null,NO,null,null,null,null,null,null,NO,null,NO,NO,null,YES,null,The full definition of the routine. NULL if the user is not the owner.
openfema,information_schema,routines,external_name,21,null,YES,string,STRING,0,0,null,null,null,null,null,null,null,NO,null,null,null,null,null,null,NO,null,NO,NO,null,YES,null,"Always NULL, reserved for future use."
openfema,information_schema,routines,external_language,22,null,YES,string,STRING,0,0,null,null,null,null,null,null,null,NO,null,null,null,null,null,null,NO,null,NO,NO,null,YES,null,"The routine language, 'SQL' or 'Python' or 'FeatureSpec' or NULL."
openfema,information_schema,routines,parameter_style,23,null,NO,string,STRING,0,0,null,null,null,null,null,null,null,NO,null,null,null,null,null,null,NO,null,NO,NO,null,YES,null,"Always 'SQL', reserved for future use."
openfema,information_schema,routines,is_deterministic,24,null,NO,string,STRING,0,0,null,null,null,null,null,null,null,NO,null,null,null,null,null,null,NO,null,NO,NO,null,YES,null,"'YES' if routine defined as deterministic, 'NO' otherwise."
openfema,information_schema,routines,sql_data_access,25,null,NO,string,STRING,0,0,null,null,null,null,null,null,null,NO,null,null,null,null,null,null,NO,null,NO,NO,null,YES,null,"'MODIFIES SQL DATA' for procedures, 'READS SQL DATA' if routine reads from a relation, 'CONTAINS SQL' otherwise."
openfema,information_schema,routines,is_null_call,26,null,NO,string,STRING,0,0,null,null,null,null,null,null,null,NO,null,null,null,null,null,null,NO,null,NO,NO,null,YES,null,"Always 'YES', reserved for future use."
openfema,information_schema,routines,security_type,27,null,NO,string,STRING,0,0,null,null,null,null,null,null,null,NO,null,null,null,null,null,null,NO,null,NO,NO,null,YES,null,"The security type, 'DEFINER' or 'INVOKER'."
openfema,information_schema,routines,sql_path,28,null,YES,string,STRING,0,0,null,null,null,null,null,null,null,NO,null,null,null,null,null,null,NO,null,NO,NO,null,YES,null,Comma-separated list of qualified schema names.
openfema,information_schema,routines,comment,29,null,YES,string,STRING,0,0,null,null,null,null,null,null,null,NO,null,null,null,null,null,null,NO,null,NO,NO,null,YES,null,An optional comment describing the routine.
openfema,information_schema,routines,created,30,null,NO,timestamp,TIMESTAMP,null,null,null,null,null,3,null,null,null,NO,null,null,null,null,null,null,NO,null,NO,NO,null,YES,null,Timestamp when the routine was created.
openfema,information_schema,routines,created_by,31,null,NO,string,STRING,0,0,null,null,null,null,null,null,null,NO,null,null,null,null,null,null,NO,null,NO,NO,null,YES,null,Principal which created the routine.
openfema,information_schema,routines,last_altered,32,null,NO,timestamp,TIMESTAMP,null,null,null,null,null,3,null,null,null,NO,null,null,null,null,null,null,NO,null,NO,NO,null,YES,null,Timestamp when the routine definition was last altered in any way.
openfema,information_schema,routines,last_altered_by,33,null,NO,string,STRING,0,0,null,null,null,null,null,null,null,NO,null,null,null,null,null,null,NO,null,NO,NO,null,YES,null,Principal which last altered the routine.
openfema,information_schema,routines,collation_catalog,34,null,NO,string,STRING,0,0,null,null,null,null,null,null,null,NO,null,null,null,null,null,null,NO,null,NO,NO,null,YES,null,Always SYSTEM. Reserved for future use.
openfema,information_schema,routines,collation_schema,35,null,NO,string,STRING,0,0,null,null,null,null,null,null,null,NO,null,null,null,null,null,null,NO,null,NO,NO,null,YES,null,Always BUILTIN. Reserved for future use.
openfema,information_schema,routines,collation_name,36,null,NO,string,STRING,0,0,null,null,null,null,null,null,null,NO,null,null,null,null,null,null,NO,null,NO,NO,null,YES,null,The name of the collation used by default in the body of the SQL routine.
openfema,information_schema,row_filters,table_catalog,0,null,NO,string,STRING,0,0,null,null,null,null,null,null,null,NO,null,null,null,null,null,null,NO,null,NO,NO,null,YES,null,null
openfema,information_schema,row_filters,table_schema,1,null,NO,string,STRING,0,0,null,null,null,null,null,null,null,NO,null,null,null,null,null,null,NO,null,NO,NO,null,YES,null,null
openfema,information_schema,row_filters,table_name,2,null,NO,string,STRING,0,0,null,null,null,null,null,null,null,NO,null,null,null,null,null,null,NO,null,NO,NO,null,YES,null,null
openfema,information_schema,row_filters,filter_name,3,null,YES,string,STRING,0,0,null,null,null,null,null,null,null,NO,null,null,null,null,null,null,NO,null,NO,NO,null,YES,null,null
openfema,information_schema,row_filters,target_columns,4,null,YES,string,STRING,0,0,null,null,null,null,null,null,null,NO,null,null,null,null,null,null,NO,null,NO,NO,null,YES,null,null
openfema,information_schema,schema_privileges,grantor,0,null,NO,string,STRING,0,0,null,null,null,null,null,null,null,NO,null,null,null,null,null,null,NO,null,NO,NO,null,YES,null,Principal that granted the privilege.
openfema,information_schema,schema_privileges,grantee,1,null,NO,string,STRING,0,0,null,null,null,null,null,null,null,NO,null,null,null,null,null,null,NO,null,NO,NO,null,YES,null,Principal to which the privilege is granted.
openfema,information_schema,schema_privileges,catalog_name,2,null,NO,string,STRING,0,0,null,null,null,null,null,null,null,NO,null,null,null,null,null,null,NO,null,NO,NO,null,YES,null,Catalog of schema on which the privilege is granted.
openfema,information_schema,schema_privileges,schema_name,3,null,NO,string,STRING,0,0,null,null,null,null,null,null,null,NO,null,null,null,null,null,null,NO,null,NO,NO,null,YES,null,Schema on which the privilege is granted.
openfema,information_schema,schema_privileges,privilege_type,4,null,NO,string,STRING,0,0,null,null,null,null,null,null,null,NO,null,null,null,null,null,null,NO,null,NO,NO,null,YES,null,Privilege being granted.
openfema,information_schema,schema_privileges,is_grantable,5,null,NO,string,STRING,0,0,null,null,null,null,null,null,null,NO,null,null,null,null,null,null,NO,null,NO,NO,null,YES,null,Always NO. Reserved for future use.
openfema,information_schema,schema_privileges,inherited_from,6,null,NO,string,STRING,0,0,null,null,null,null,null,null,null,NO,null,null,null,null,null,null,NO,null,NO,NO,null,YES,null,The ancestor relation that the privilege is inherited from.
openfema,information_schema,schema_tags,catalog_name,0,null,NO,string,STRING,0,0,null,null,null,null,null,null,null,NO,null,null,null,null,null,null,NO,null,NO,NO,null,YES,null,null
openfema,information_schema,schema_tags,schema_name,1,null,NO,string,STRING,0,0,null,null,null,null,null,null,null,NO,null,null,null,null,null,null,NO,null,NO,NO,null,YES,null,null
openfema,information_schema,schema_tags,tag_name,2,null,NO,string,STRING,0,0,null,null,null,null,null,null,null,NO,null,null,null,null,null,null,NO,null,NO,NO,null,YES,null,null
openfema,information_schema,schema_tags,tag_value,3,null,NO,string,STRING,0,0,null,null,null,null,null,null,null,NO,null,null,null,null,null,null,NO,null,NO,NO,null,YES,null,null
openfema,information_schema,schemata,catalog_name,0,null,NO,string,STRING,0,0,null,null,null,null,null,null,null,NO,null,null,null,null,null,null,NO,null,NO,NO,null,YES,null,Catalog containing the schema.
openfema,information_schema,schemata,schema_name,1,null,NO,string,STRING,0,0,null,null,null,null,null,null,null,NO,null,null,null,null,null,null,NO,null,NO,NO,null,YES,null,Name of the schema.
openfema,information_schema,schemata,schema_owner,2,null,NO,string,STRING,0,0,null,null,null,null,null,null,null,NO,null,null,null,null,null,null,NO,null,NO,NO,null,YES,null,User or group (principal) that currently owns the schema.
openfema,information_schema,schemata,comment,3,null,YES,string,STRING,0,0,null,null,null,null,null,null,null,NO,null,null,null,null,null,null,NO,null,NO,NO,null,YES,null,An optional comment that describes the relation.
openfema,information_schema,schemata,created,4,null,NO,timestamp,TIMESTAMP,null,null,null,null,null,3,null,null,null,NO,null,null,null,null,null,null,NO,null,NO,NO,null,YES,null,Timestamp when the relation was created.
openfema,information_schema,schemata,created_by,5,null,NO,string,STRING,0,0,null,null,null,null,null,null,null,NO,null,null,null,null,null,null,NO,null,NO,NO,null,YES,null,Principal which created the relation.
openfema,information_schema,schemata,last_altered,6,null,NO,timestamp,TIMESTAMP,null,null,null,null,null,3,null,null,null,NO,null,null,null,null,null,null,NO,null,NO,NO,null,YES,null,Timestamp when the relation definition was last altered in any way.
openfema,information_schema,schemata,last_altered_by,7,null,NO,string,STRING,0,0,null,null,null,null,null,null,null,NO,null,null,null,null,null,null,NO,null,NO,NO,null,YES,null,Principal which last altered the relation.
openfema,information_schema,schemata,url,8,null,YES,string,STRING,0,0,null,null,null,null,null,null,null,NO,null,null,null,null,null,null,NO,null,NO,NO,null,YES,null,The external location where the schema was stored
openfema,information_schema,schemata,custom_max_retention_hours,9,null,YES,long,LONG,null,null,null,null,null,null,null,null,null,NO,null,null,null,null,null,null,NO,null,NO,NO,null,YES,null,The user specified period in hours in which a dropped schema and its children are restorable
openfema,information_schema,table_constraints,constraint_catalog,0,null,NO,string,STRING,0,0,null,null,null,null,null,null,null,NO,null,null,null,null,null,null,NO,null,NO,NO,null,YES,null,Catalog containing the constraint.
openfema,information_schema,table_constraints,constraint_schema,1,null,NO,string,STRING,0,0,null,null,null,null,null,null,null,NO,null,null,null,null,null,null,NO,null,NO,NO,null,YES,null,Schema containing the constraint.
openfema,information_schema,table_constraints,constraint_name,2,null,NO,string,STRING,0,0,null,null,null,null,null,null,null,NO,null,null,null,null,null,null,NO,null,NO,NO,null,YES,null,Name of the constraint.
openfema,information_schema,table_constraints,table_catalog,3,null,NO,string,STRING,0,0,null,null,null,null,null,null,null,NO,null,null,null,null,null,null,NO,null,NO,NO,null,YES,null,Catalog containing the table.
openfema,information_schema,table_constraints,table_schema,4,null,NO,string,STRING,0,0,null,null,null,null,null,null,null,NO,null,null,null,null,null,null,NO,null,NO,NO,null,YES,null,Schema containing the table.
openfema,information_schema,table_constraints,table_name,5,null,NO,string,STRING,0,0,null,null,null,null,null,null,null,NO,null,null,null,null,null,null,NO,null,NO,NO,null,YES,null,Name of the table in which the constraint is defined.
openfema,information_schema,table_constraints,constraint_type,6,null,NO,string,STRING,0,0,null,null,null,null,null,null,null,NO,null,null,null,null,null,null,NO,null,NO,NO,null,YES,null,"One of 'CHECK', 'PRIMARY KEY', 'FOREIGN KEY'"
openfema,information_schema,table_constraints,is_deferrable,7,null,NO,string,STRING,0,0,null,null,null,null,null,null,null,NO,null,null,null,null,null,null,NO,null,NO,NO,null,YES,null,Always`’YES’`. Reserved for future use.
openfema,information_schema,table_constraints,initially_deferred,8,null,NO,string,STRING,0,0,null,null,null,null,null,null,null,NO,null,null,null,null,null,null,NO,null,NO,NO,null,YES,null,Always 'YES'. Reserved for future use.
openfema,information_schema,table_constraints,enforced,9,null,NO,string,STRING,0,0,null,null,null,null,null,null,null,NO,null,null,null,null,null,null,NO,null,NO,NO,null,YES,null,"'YES' if constraint is enforced, 'NO' otherwise."
openfema,information_schema,table_privileges,grantor,0,null,NO,string,STRING,0,0,null,null,null,null,null,null,null,NO,null,null,null,null,null,null,NO,null,NO,NO,null,YES,null,Principal that granted the privilege.
openfema,information_schema,table_privileges,grantee,1,null,NO,string,STRING,0,0,null,null,null,null,null,null,null,NO,null,null,null,null,null,null,NO,null,NO,NO,null,YES,null,Principal to which the privilege is granted.
openfema,information_schema,table_privileges,table_catalog,2,null,NO,string,STRING,0,0,null,null,null,null,null,null,null,NO,null,null,null,null,null,null,NO,null,NO,NO,null,YES,null,Catalog of relation on which the privilege is granted.
openfema,information_schema,table_privileges,table_schema,3,null,NO,string,STRING,0,0,null,null,null,null,null,null,null,NO,null,null,null,null,null,null,NO,null,NO,NO,null,YES,null,Schema of relation on which the privilege is granted.
openfema,information_schema,table_privileges,table_name,4,null,NO,string,STRING,0,0,null,null,null,null,null,null,null,NO,null,null,null,null,null,null,NO,null,NO,NO,null,YES,null,Relation on which the privilege is granted.
openfema,information_schema,table_privileges,privilege_type,5,null,NO,string,STRING,0,0,null,null,null,null,null,null,null,NO,null,null,null,null,null,null,NO,null,NO,NO,null,YES,null,Privilege being granted.
openfema,information_schema,table_privileges,is_grantable,6,null,NO,string,STRING,0,0,null,null,null,null,null,null,null,NO,null,null,null,null,null,null,NO,null,NO,NO,null,YES,null,Always NO. Reserved for future use.
openfema,information_schema,table_privileges,inherited_from,7,null,NO,string,STRING,0,0,null,null,null,null,null,null,null,NO,null,null,null,null,null,null,NO,null,NO,NO,null,YES,null,The ancestor relation that the privilege is inherited from.
openfema,information_schema,table_tags,catalog_name,0,null,NO,string,STRING,0,0,null,null,null,null,null,null,null,NO,null,null,null,null,null,null,NO,null,NO,NO,null,YES,null,null
openfema,information_schema,table_tags,schema_name,1,null,NO,string,STRING,0,0,null,null,null,null,null,null,null,NO,null,null,null,null,null,null,NO,null,NO,NO,null,YES,null,null
openfema,information_schema,table_tags,table_name,2,null,NO,string,STRING,0,0,null,null,null,null,null,null,null,NO,null,null,null,null,null,null,NO,null,NO,NO,null,YES,null,null
openfema,information_schema,table_tags,tag_name,3,null,NO,string,STRING,0,0,null,null,null,null,null,null,null,NO,null,null,null,null,null,null,NO,null,NO,NO,null,YES,null,null
openfema,information_schema,table_tags,tag_value,4,null,NO,string,STRING,0,0,null,null,null,null,null,null,null,NO,null,null,null,null,null,null,NO,null,NO,NO,null,YES,null,null
openfema,information_schema,tables,table_catalog,0,null,NO,string,STRING,0,0,null,null,null,null,null,null,null,NO,null,null,null,null,null,null,NO,null,NO,NO,null,YES,null,Catalog that contains the relation.
openfema,information_schema,tables,table_schema,1,null,NO,string,STRING,0,0,null,null,null,null,null,null,null,NO,null,null,null,null,null,null,NO,null,NO,NO,null,YES,null,Schema that contains the relation.
openfema,information_schema,tables,table_name,2,null,NO,string,STRING,0,0,null,null,null,null,null,null,null,NO,null,null,null,null,null,null,NO,null,NO,NO,null,YES,null,Name of the relation.
openfema,information_schema,tables,table_type,3,null,NO,string,STRING,0,0,null,null,null,null,null,null,null,NO,null,null,null,null,null,null,NO,null,NO,NO,null,YES,null,"One of 'BASE TABLE', 'VIEW'."
openfema,information_schema,tables,is_insertable_into,4,null,NO,string,STRING,0,0,null,null,null,null,null,null,null,NO,null,null,null,null,null,null,NO,null,NO,NO,null,YES,null,"'YES' if the relation can be inserted into, 'NO' otherwise."
openfema,information_schema,tables,commit_action,5,null,NO,string,STRING,0,0,null,null,null,null,null,null,null,NO,null,null,null,null,null,null,NO,null,NO,NO,null,YES,null,Always 'PRESERVE'. Reserved for future use.
openfema,information_schema,tables,table_owner,6,null,NO,string,STRING,0,0,null,null,null,null,null,null,null,NO,null,null,null,null,null,null,NO,null,NO,NO,null,YES,null,User or group (principal) currently owning the relation.
openfema,information_schema,tables,comment,7,null,YES,string,STRING,0,0,null,null,null,null,null,null,null,NO,null,null,null,null,null,null,NO,null,NO,NO,null,YES,null,An optional comment that describes the relation.
openfema,information_schema,tables,created,8,null,NO,timestamp,TIMESTAMP,null,null,null,null,null,3,null,null,null,NO,null,null,null,null,null,null,NO,null,NO,NO,null,YES,null,Timestamp when the relation was created.
openfema,information_schema,tables,created_by,9,null,NO,string,STRING,0,0,null,null,null,null,null,null,null,NO,null,null,null,null,null,null,NO,null,NO,NO,null,YES,null,Principal which created the relation.
openfema,information_schema,tables,last_altered,10,null,NO,timestamp,TIMESTAMP,null,null,null,null,null,3,null,null,null,NO,null,null,null,null,null,null,NO,null,NO,NO,null,YES,null,Timestamp when the relation definition was last altered in any way.
openfema,information_schema,tables,last_altered_by,11,null,NO,string,STRING,0,0,null,null,null,null,null,null,null,NO,null,null,null,null,null,null,NO,null,NO,NO,null,YES,null,Principal which last altered the relation.
openfema,information_schema,tables,data_source_format,12,null,NO,string,STRING,0,0,null,null,null,null,null,null,null,NO,null,null,null,null,null,null,NO,null,NO,NO,null,YES,null,"Format of the data source such as PARQUET, or CSV."
openfema,information_schema,tables,storage_sub_directory,13,null,YES,string,STRING,0,0,null,null,null,null,null,null,null,NO,null,null,null,null,null,null,NO,null,NO,NO,null,YES,null,"Path to the storage of an external table, NULL otherwise."
openfema,information_schema,tables,storage_path,14,null,YES,string,STRING,0,0,null,null,null,null,null,null,null,NO,null,null,null,null,null,null,NO,null,NO,NO,null,YES,null,null
openfema,information_schema,views,table_catalog,0,null,NO,string,STRING,0,0,null,null,null,null,null,null,null,NO,null,null,null,null,null,null,NO,null,NO,NO,null,YES,null,Catalog containing the view.
openfema,information_schema,views,table_schema,1,null,NO,string,STRING,0,0,null,null,null,null,null,null,null,NO,null,null,null,null,null,null,NO,null,NO,NO,null,YES,null,Schema containing the view.
openfema,information_schema,views,table_name,2,null,NO,string,STRING,0,0,null,null,null,null,null,null,null,NO,null,null,null,null,null,null,NO,null,NO,NO,null,YES,null,Name of the relation.
openfema,information_schema,views,view_definition,3,null,YES,string,STRING,0,0,null,null,null,null,null,null,null,NO,null,null,null,null,null,null,NO,null,NO,NO,null,YES,null,"The view text if the user owns the view, NULL otherwise."
openfema,information_schema,views,check_option,4,null,NO,string,STRING,0,0,null,null,null,null,null,null,null,NO,null,null,null,null,null,null,NO,null,NO,NO,null,YES,null,Always 'NONE'. Reserved for future use.
openfema,information_schema,views,is_updatable,5,null,NO,string,STRING,0,0,null,null,null,null,null,null,null,NO,null,null,null,null,null,null,NO,null,NO,NO,null,YES,null,Always NO. Reserved for future use
openfema,information_schema,views,is_insertable_into,6,null,NO,string,STRING,0,0,null,null,null,null,null,null,null,NO,null,null,null,null,null,null,NO,null,NO,NO,null,YES,null,Always NO. Reserved for future use.
openfema,information_schema,views,sql_path,7,null,YES,string,STRING,0,0,null,null,null,null,null,null,null,NO,null,null,null,null,null,null,NO,null,NO,NO,null,YES,null,Always NULL. Reserved for future use.
openfema,information_schema,views,is_materialized,8,null,YES,string,STRING,0,0,null,null,null,null,null,null,null,NO,null,null,null,null,null,null,NO,null,NO,NO,null,YES,null,null
openfema,information_schema,volume_privileges,grantor,0,null,NO,string,STRING,0,0,null,null,null,null,null,null,null,NO,null,null,null,null,null,null,NO,null,NO,NO,null,YES,null,null
openfema,information_schema,volume_privileges,grantee,1,null,NO,string,STRING,0,0,null,null,null,null,null,null,null,NO,null,null,null,null,null,null,NO,null,NO,NO,null,YES,null,null
openfema,information_schema,volume_privileges,volume_catalog,2,null,NO,string,STRING,0,0,null,null,null,null,null,null,null,NO,null,null,null,null,null,null,NO,null,NO,NO,null,YES,null,null
openfema,information_schema,volume_privileges,volume_schema,3,null,NO,string,STRING,0,0,null,null,null,null,null,null,null,NO,null,null,null,null,null,null,NO,null,NO,NO,null,YES,null,null
openfema,information_schema,volume_privileges,volume_name,4,null,NO,string,STRING,0,0,null,null,null,null,null,null,null,NO,null,null,null,null,null,null,NO,null,NO,NO,null,YES,null,null
openfema,information_schema,volume_privileges,privilege_type,5,null,NO,string,STRING,0,0,null,null,null,null,null,null,null,NO,null,null,null,null,null,null,NO,null,NO,NO,null,YES,null,null
openfema,information_schema,volume_privileges,is_grantable,6,null,NO,string,STRING,0,0,null,null,null,null,null,null,null,NO,null,null,null,null,null,null,NO,null,NO,NO,null,YES,null,null
openfema,information_schema,volume_privileges,inherited_from,7,null,NO,string,STRING,0,0,null,null,null,null,null,null,null,NO,null,null,null,null,null,null,NO,null,NO,NO,null,YES,null,null
openfema,information_schema,volume_tags,catalog_name,0,null,NO,string,STRING,0,0,null,null,null,null,null,null,null,NO,null,null,null,null,null,null,NO,null,NO,NO,null,YES,null,null
openfema,information_schema,volume_tags,schema_name,1,null,NO,string,STRING,0,0,null,null,null,null,null,null,null,NO,null,null,null,null,null,null,NO,null,NO,NO,null,YES,null,null
openfema,information_schema,volume_tags,volume_name,2,null,NO,string,STRING,0,0,null,null,null,null,null,null,null,NO,null,null,null,null,null,null,NO,null,NO,NO,null,YES,null,null
openfema,information_schema,volume_tags,tag_name,3,null,NO,string,STRING,0,0,null,null,null,null,null,null,null,NO,null,null,null,null,null,null,NO,null,NO,NO,null,YES,null,null
openfema,information_schema,volume_tags,tag_value,4,null,NO,string,STRING,0,0,null,null,null,null,null,null,null,NO,null,null,null,null,null,null,NO,null,NO,NO,null,YES,null,null
openfema,information_schema,volumes,volume_catalog,0,null,NO,string,STRING,0,0,null,null,null,null,null,null,null,NO,null,null,null,null,null,null,NO,null,NO,NO,null,YES,null,null
openfema,information_schema,volumes,volume_schema,1,null,NO,string,STRING,0,0,null,null,null,null,null,null,null,NO,null,null,null,null,null,null,NO,null,NO,NO,null,YES,null,null
openfema,information_schema,volumes,volume_name,2,null,NO,string,STRING,0,0,null,null,null,null,null,null,null,NO,null,null,null,null,null,null,NO,null,NO,NO,null,YES,null,null
openfema,information_schema,volumes,volume_type,3,null,NO,string,STRING,0,0,null,null,null,null,null,null,null,NO,null,null,null,null,null,null,NO,null,NO,NO,null,YES,null,null
openfema,information_schema,volumes,volume_owner,4,null,NO,string,STRING,0,0,null,null,null,null,null,null,null,NO,null,null,null,null,null,null,NO,null,NO,NO,null,YES,null,null
openfema,information_schema,volumes,comment,5,null,YES,string,STRING,0,0,null,null,null,null,null,null,null,NO,null,null,null,null,null,null,NO,null,NO,NO,null,YES,null,null
openfema,information_schema,volumes,storage_location,6,null,YES,string,STRING,0,0,null,null,null,null,null,null,null,NO,null,null,null,null,null,null,NO,null,NO,NO,null,YES,null,null
openfema,information_schema,volumes,created,7,null,NO,timestamp,TIMESTAMP,null,null,null,null,null,3,null,null,null,NO,null,null,null,null,null,null,NO,null,NO,NO,null,YES,null,null
openfema,information_schema,volumes,created_by,8,null,NO,string,STRING,0,0,null,null,null,null,null,null,null,NO,null,null,null,null,null,null,NO,null,NO,NO,null,YES,null,null
openfema,information_schema,volumes,last_altered,9,null,NO,timestamp,TIMESTAMP,null,null,null,null,null,3,null,null,null,NO,null,null,null,null,null,null,NO,null,NO,NO,null,YES,null,null
openfema,information_schema,volumes,last_altered_by,10,null,NO,string,STRING,0,0,null,null,null,null,null,null,null,NO,null,null,null,null,null,null,NO,null,NO,NO,null,YES,null,null
openfema,odp,declaration_denials,declarationRequestNumber,0,null,YES,bigint,LONG,null,null,null,null,null,null,null,null,null,NO,null,null,null,null,null,null,NO,null,NO,NO,null,YES,null,null
openfema,odp,declaration_denials,region,1,null,YES,bigint,LONG,null,null,null,null,null,null,null,null,null,NO,null,null,null,null,null,null,NO,null,NO,NO,null,YES,null,null
openfema,odp,declaration_denials,stateAbbreviation,2,null,YES,string,STRING,0,0,null,null,null,null,null,null,null,NO,null,null,null,null,null,null,NO,null,NO,NO,null,YES,null,null
openfema,odp,declaration_denials,state,3,null,YES,string,STRING,0,0,null,null,null,null,null,null,null,NO,null,null,null,null,null,null,NO,null,NO,NO,null,YES,null,null
openfema,odp,declaration_denials,tribalRequest,4,null,YES,boolean,BOOLEAN,null,null,null,null,null,null,null,null,null,NO,null,null,null,null,null,null,NO,null,NO,NO,null,YES,null,null
openfema,odp,declaration_denials,declarationRequestDate,5,null,YES,string,STRING,0,0,null,null,null,null,null,null,null,NO,null,null,null,null,null,null,NO,null,NO,NO,null,YES,null,null
openfema,odp,declaration_denials,declarationRequestType,6,null,YES,string,STRING,0,0,null,null,null,null,null,null,null,NO,null,null,null,null,null,null,NO,null,NO,NO,null,YES,null,null
openfema,odp,declaration_denials,incidentName,7,null,YES,string,STRING,0,0,null,null,null,null,null,null,null,NO,null,null,null,null,null,null,NO,null,NO,NO,null,YES,null,null
openfema,odp,declaration_denials,requestedIncidentTypes,8,null,YES,string,STRING,0,0,null,null,null,null,null,null,null,NO,null,null,null,null,null,null,NO,null,NO,NO,null,YES,null,null
openfema,odp,declaration_denials,requestedIncidentBeginDate,9,null,YES,string,STRING,0,0,null,null,null,null,null,null,null,NO,null,null,null,null,null,null,NO,null,NO,NO,null,YES,null,null
openfema,odp,declaration_denials,requestedIncidentEndDate,10,null,YES,string,STRING,0,0,null,null,null,null,null,null,null,NO,null,null,null,null,null,null,NO,null,NO,NO,null,YES,null,null
openfema,odp,declaration_denials,currentRequestStatus,11,null,YES,string,STRING,0,0,null,null,null,null,null,null,null,NO,null,null,null,null,null,null,NO,null,NO,NO,null,YES,null,null
openfema,odp,declaration_denials,requestStatusDate,12,null,YES,string,STRING,0,0,null,null,null,null,null,null,null,NO,null,null,null,null,null,null,NO,null,NO,NO,null,YES,null,null
openfema,odp,declaration_denials,ihProgramRequested,13,null,YES,boolean,BOOLEAN,null,null,null,null,null,null,null,null,null,NO,null,null,null,null,null,null,NO,null,NO,NO,null,YES,null,null
openfema,odp,declaration_denials,iaProgramRequested,14,null,YES,boolean,BOOLEAN,null,null,null,null,null,null,null,null,null,NO,null,null,null,null,null,null,NO,null,NO,NO,null,YES,null,null
openfema,odp,declaration_denials,paProgramRequested,15,null,YES,boolean,BOOLEAN,null,null,null,null,null,null,null,null,null,NO,null,null,null,null,null,null,NO,null,NO,NO,null,YES,null,null
openfema,odp,declaration_denials,hmProgramRequested,16,null,YES,boolean,BOOLEAN,null,null,null,null,null,null,null,null,null,NO,null,null,null,null,null,null,NO,null,NO,NO,null,YES,null,null
openfema,odp,declaration_denials,incidentId,17,null,YES,bigint,LONG,null,null,null,null,null,null,null,null,null,NO,null,null,null,null,null,null,NO,null,NO,NO,null,YES,null,null
openfema,odp,declaration_denials,incidentBeginDate,18,null,YES,string,STRING,0,0,null,null,null,null,null,null,null,NO,null,null,null,null,null,null,NO,null,NO,NO,null,YES,null,null
openfema,odp,declaration_denials,id,19,null,YES,string,STRING,0,0,null,null,null,null,null,null,null,NO,null,null,null,null,null,null,NO,null,NO,NO,null,YES,null,null
openfema,odp,declaration_denials,femadexLastRefresh,20,null,YES,timestamp,TIMESTAMP,null,null,null,null,null,3,null,null,null,NO,null,null,null,null,null,null,NO,null,NO,NO,null,YES,null,null
openfema,odp,disaster_declarations_summaries,femaDeclarationString,0,null,YES,string,STRING,0,0,null,null,null,null,null,null,null,NO,null,null,null,null,null,null,NO,null,NO,NO,null,YES,null,Unique identifier for FEMA declaration
openfema,odp,disaster_declarations_summaries,disasterNumber,1,null,YES,bigint,LONG,null,null,null,null,null,null,null,null,null,NO,null,null,null,null,null,null,NO,null,NO,NO,null,YES,null,Unique identifier for disaster event
openfema,odp,disaster_declarations_summaries,state,2,null,YES,string,STRING,0,0,null,null,null,null,null,null,null,NO,null,null,null,null,null,null,NO,null,NO,NO,null,YES,null,State where the disaster occurred
openfema,odp,disaster_declarations_summaries,declarationType,3,null,YES,string,STRING,0,0,null,null,null,null,null,null,null,NO,null,null,null,null,null,null,NO,null,NO,NO,null,YES,null,Type of declaration issued by FEMA
openfema,odp,disaster_declarations_summaries,declarationDate,4,null,YES,string,STRING,0,0,null,null,null,null,null,null,null,NO,null,null,null,null,null,null,NO,null,NO,NO,null,YES,null,Date when the declaration was made
openfema,odp,disaster_declarations_summaries,fyDeclared,5,null,YES,bigint,LONG,null,null,null,null,null,null,null,null,null,NO,null,null,null,null,null,null,NO,null,NO,NO,null,YES,null,Fiscal year in which the declaration was made
openfema,odp,disaster_declarations_summaries,incidentType,6,null,YES,string,STRING,0,0,null,null,null,null,null,null,null,NO,null,null,null,null,null,null,NO,null,NO,NO,null,YES,null,Type of disaster incident
openfema,odp,disaster_declarations_summaries,declarationTitle,7,null,YES,string,STRING,0,0,null,null,null,null,null,null,null,NO,null,null,null,null,null,null,NO,null,NO,NO,null,YES,null,Title or name given to the declaration
openfema,odp,disaster_declarations_summaries,ihProgramDeclared,8,null,YES,boolean,BOOLEAN,null,null,null,null,null,null,null,null,null,NO,null,null,null,null,null,null,NO,null,NO,NO,null,YES,null,Indicates if Individual Housing Program was declared
openfema,odp,disaster_declarations_summaries,iaProgramDeclared,9,null,YES,boolean,BOOLEAN,null,null,null,null,null,null,null,null,null,NO,null,null,null,null,null,null,NO,null,NO,NO,null,YES,null,Indicates if Individual Assistance Program was declared
openfema,odp,disaster_declarations_summaries,paProgramDeclared,10,null,YES,boolean,BOOLEAN,null,null,null,null,null,null,null,null,null,NO,null,null,null,null,null,null,NO,null,NO,NO,null,YES,null,Indicates if Public Assistance Program was declared
openfema,odp,disaster_declarations_summaries,hmProgramDeclared,11,null,YES,boolean,BOOLEAN,null,null,null,null,null,null,null,null,null,NO,null,null,null,null,null,null,NO,null,NO,NO,null,YES,null,Indicates if Hazard Mitigation Program was declared
openfema,odp,disaster_declarations_summaries,incidentBeginDate,12,null,YES,string,STRING,0,0,null,null,null,null,null,null,null,NO,null,null,null,null,null,null,NO,null,NO,NO,null,YES,null,Start date of the disaster incident
openfema,odp,disaster_declarations_summaries,incidentEndDate,13,null,YES,string,STRING,0,0,null,null,null,null,null,null,null,NO,null,null,null,null,null,null,NO,null,NO,NO,null,YES,null,End date of the disaster incident
openfema,odp,disaster_declarations_summaries,disasterCloseoutDate,14,null,YES,string,STRING,0,0,null,null,null,null,null,null,null,NO,null,null,null,null,null,null,NO,null,NO,NO,null,YES,null,Date when the disaster declaration was closed out
openfema,odp,disaster_declarations_summaries,tribalRequest,15,null,YES,boolean,BOOLEAN,null,null,null,null,null,null,null,null,null,NO,null,null,null,null,null,null,NO,null,NO,NO,null,YES,null,Indicates if the declaration was requested by a tribal entity
openfema,odp,disaster_declarations_summaries,fipsStateCode,16,null,YES,string,STRING,0,0,null,null,null,null,null,null,null,NO,null,null,null,null,null,null,NO,null,NO,NO,null,YES,null,Federal Information Processing Standards code for state
openfema,odp,disaster_declarations_summaries,fipsCountyCode,17,null,YES,string,STRING,0,0,null,null,null,null,null,null,null,NO,null,null,null,null,null,null,NO,null,NO,NO,null,YES,null,Federal Information Processing Standards code for county
openfema,odp,disaster_declarations_summaries,placeCode,18,null,YES,string,STRING,0,0,null,null,null,null,null,null,null,NO,null,null,null,null,null,null,NO,null,NO,NO,null,YES,null,Code representing a specific place or area
openfema,odp,disaster_declarations_summaries,designatedArea,19,null,YES,string,STRING,0,0,null,null,null,null,null,null,null,NO,null,null,null,null,null,null,NO,null,NO,NO,null,YES,null,Area designated for federal assistance
openfema,odp,disaster_declarations_summaries,declarationRequestNumber,20,null,YES,string,STRING,0,0,null,null,null,null,null,null,null,NO,null,null,null,null,null,null,NO,null,NO,NO,null,YES,null,Unique identifier for the declaration request
openfema,odp,disaster_declarations_summaries,lastIAFilingDate,21,null,YES,string,STRING,0,0,null,null,null,null,null,null,null,NO,null,null,null,null,null,null,NO,null,NO,NO,null,YES,null,Date of the last filing for Individual Assistance
openfema,odp,disaster_declarations_summaries,incidentId,22,null,YES,string,STRING,0,0,null,null,null,null,null,null,null,NO,null,null,null,null,null,null,NO,null,NO,NO,null,YES,null,Unique identifier for the incident
openfema,odp,disaster_declarations_summaries,region,23,null,YES,bigint,LONG,null,null,null,null,null,null,null,null,null,NO,null,null,null,null,null,null,NO,null,NO,NO,null,YES,null,Region where the disaster incident occurred
openfema,odp,disaster_declarations_summaries,designatedIncidentTypes,24,null,YES,string,STRING,0,0,null,null,null,null,null,null,null,NO,null,null,null,null,null,null,NO,null,NO,NO,null,YES,null,Types of incidents designated in the disaster declaration
openfema,odp,disaster_declarations_summaries,lastRefresh,25,null,YES,string,STRING,0,0,null,null,null,null,null,null,null,NO,null,null,null,null,null,null,NO,null,NO,NO,null,YES,null,Date of the last data refresh
openfema,odp,disaster_declarations_summaries,hash,26,null,YES,string,STRING,0,0,null,null,null,null,null,null,null,NO,null,null,null,null,null,null,NO,null,NO,NO,null,YES,null,Hash value for data integrity
openfema,odp,disaster_declarations_summaries,id,27,null,YES,string,STRING,0,0,null,null,null,null,null,null,null,NO,null,null,null,null,null,null,NO,null,NO,NO,null,YES,null,Unique identifier for the record
openfema,odp,disaster_declarations_summaries,femadexLastRefresh,28,null,YES,timestamp,TIMESTAMP,null,null,null,null,null,3,null,null,null,NO,null,null,null,null,null,null,NO,null,NO,NO,null,YES,null,Date of the last refresh for FEMA data exchange
openfema,odp,emergency_management_performance_grants,id,0,null,YES,string,STRING,0,0,null,null,null,null,null,null,null,NO,null,null,null,null,null,null,NO,null,NO,NO,null,YES,null,Unique identifier for each grant project
openfema,odp,emergency_management_performance_grants,reportingPeriod,1,null,YES,string,STRING,0,0,null,null,null,null,null,null,null,NO,null,null,null,null,null,null,NO,null,NO,NO,null,YES,null,Time period during which the grant project report is submitted
openfema,odp,emergency_management_performance_grants,state,2,null,YES,string,STRING,0,0,null,null,null,null,null,null,null,NO,null,null,null,null,null,null,NO,null,NO,NO,null,YES,null,The state where the grant project is located
openfema,odp,emergency_management_performance_grants,legalAgencyName,3,null,YES,string,STRING,0,0,null,null,null,null,null,null,null,NO,null,null,null,null,null,null,NO,null,NO,NO,null,YES,null,Name of the legal agency responsible for the grant project
openfema,odp,emergency_management_performance_grants,projectType,4,null,YES,string,STRING,0,0,null,null,null,null,null,null,null,NO,null,null,null,null,null,null,NO,null,NO,NO,null,YES,null,Type or category of the grant project
openfema,odp,emergency_management_performance_grants,projectStartDate,5,null,YES,string,STRING,0,0,null,null,null,null,null,null,null,NO,null,null,null,null,null,null,NO,null,NO,NO,null,YES,null,Date when the grant project officially starts
openfema,odp,emergency_management_performance_grants,projectEndDate,6,null,YES,string,STRING,0,0,null,null,null,null,null,null,null,NO,null,null,null,null,null,null,NO,null,NO,NO,null,YES,null,Date when the grant project officially ends
openfema,odp,emergency_management_performance_grants,nameOfProgram,7,null,YES,string,STRING,0,0,null,null,null,null,null,null,null,NO,null,null,null,null,null,null,NO,null,NO,NO,null,YES,null,Name of the program associated with the grant project
openfema,odp,emergency_management_performance_grants,fundingAmount,8,null,YES,double,DOUBLE,null,null,null,2,null,null,null,null,null,NO,null,null,null,null,null,null,NO,null,NO,NO,null,YES,null,Amount of funding awarded for the grant project
openfema,odp,emergency_management_performance_grants,femadexLastRefresh,9,null,YES,timestamp,TIMESTAMP,null,null,null,null,null,3,null,null,null,NO,null,null,null,null,null,null,NO,null,NO,NO,null,YES,null,Timestamp indicating when the FEMADEX data was last updated
openfema,odp,fema_regions,name,0,null,YES,string,STRING,0,0,null,null,null,null,null,null,null,NO,null,null,null,null,null,null,NO,null,NO,NO,null,YES,null,The name of the FEMA region
openfema,odp,fema_regions,region,1,null,YES,string,STRING,0,0,null,null,null,null,null,null,null,NO,null,null,null,null,null,null,NO,null,NO,NO,null,YES,null,The region code or identifier
openfema,odp,fema_regions,address,2,null,YES,string,STRING,0,0,null,null,null,null,null,null,null,NO,null,null,null,null,null,null,NO,null,NO,NO,null,YES,null,The street address of the FEMA region
openfema,odp,fema_regions,city,3,null,YES,string,STRING,0,0,null,null,null,null,null,null,null,NO,null,null,null,null,null,null,NO,null,NO,NO,null,YES,null,The city where the FEMA region is located
openfema,odp,fema_regions,state,4,null,YES,string,STRING,0,0,null,null,null,null,null,null,null,NO,null,null,null,null,null,null,NO,null,NO,NO,null,YES,null,The state where the FEMA region is located
openfema,odp,fema_regions,zipCode,5,null,YES,string,STRING,0,0,null,null,null,null,null,null,null,NO,null,null,null,null,null,null,NO,null,NO,NO,null,YES,null,The ZIP code of the FEMA region
openfema,odp,fema_regions,states,6,null,YES,string,STRING,0,0,null,null,null,null,null,null,null,NO,null,null,null,null,null,null,NO,null,NO,NO,null,YES,null,The states covered by the FEMA region
openfema,odp,fema_regions,lastRefresh,7,null,YES,string,STRING,0,0,null,null,null,null,null,null,null,NO,null,null,null,null,null,null,NO,null,NO,NO,null,YES,null,Timestamp of the last data refresh for the FEMA region
openfema,odp,fema_regions,hash,8,null,YES,string,STRING,0,0,null,null,null,null,null,null,null,NO,null,null,null,null,null,null,NO,null,NO,NO,null,YES,null,Unique hash value for the FEMA region
openfema,odp,fema_regions,id,9,null,YES,string,STRING,0,0,null,null,null,null,null,null,null,NO,null,null,null,null,null,null,NO,null,NO,NO,null,YES,null,Unique identifier for the FEMA region
openfema,odp,fema_regions,loc.type,10,null,YES,string,STRING,0,0,null,null,null,null,null,null,null,NO,null,null,null,null,null,null,NO,null,NO,NO,null,YES,null,Type of geographic location data
openfema,odp,fema_regions,loc.coordinates,11,null,YES,string,STRING,0,0,null,null,null,null,null,null,null,NO,null,null,null,null,null,null,NO,null,NO,NO,null,YES,null,Geographic coordinates of the FEMA region
openfema,odp,fema_regions,regionGeometry.type,12,null,YES,string,STRING,0,0,null,null,null,null,null,null,null,NO,null,null,null,null,null,null,NO,null,NO,NO,null,YES,null,Type of geometry data for the region
openfema,odp,fema_regions,regionGeometry.coordinates,13,null,YES,string,STRING,0,0,null,null,null,null,null,null,null,NO,null,null,null,null,null,null,NO,null,NO,NO,null,YES,null,Geographic coordinates defining the region's geometry
openfema,odp,fema_regions,regionGeometry,14,null,YES,string,STRING,0,0,null,null,null,null,null,null,null,NO,null,null,null,null,null,null,NO,null,NO,NO,null,YES,null,Additional information about the region's geometry
openfema,odp,fema_regions,femadexLastRefresh,15,null,YES,timestamp,TIMESTAMP,null,null,null,null,null,3,null,null,null,NO,null,null,null,null,null,null,NO,null,NO,NO,null,YES,null,Timestamp of the last data refresh for FEMA index
openfema,odp,femaweb_declaration_areas,id,0,null,YES,string,STRING,0,0,null,null,null,null,null,null,null,NO,null,null,null,null,null,null,NO,null,NO,NO,null,YES,null,Unique identifier for each record in the table
openfema,odp,femaweb_declaration_areas,disasterNumber,1,null,YES,bigint,LONG,null,null,null,null,null,null,null,null,null,NO,null,null,null,null,null,null,NO,null,NO,NO,null,YES,null,Identifier for each disaster declaration
openfema,odp,femaweb_declaration_areas,programTypeCode,2,null,YES,string,STRING,0,0,null,null,null,null,null,null,null,NO,null,null,null,null,null,null,NO,null,NO,NO,null,YES,null,Code representing the type of program related to the disaster
openfema,odp,femaweb_declaration_areas,programTypeDescription,3,null,YES,string,STRING,0,0,null,null,null,null,null,null,null,NO,null,null,null,null,null,null,NO,null,NO,NO,null,YES,null,Description of the program type related to the disaster
openfema,odp,femaweb_declaration_areas,stateCode,4,null,YES,string,STRING,0,0,null,null,null,null,null,null,null,NO,null,null,null,null,null,null,NO,null,NO,NO,null,YES,null,Code representing the state affected by the disaster
openfema,odp,femaweb_declaration_areas,stateName,5,null,YES,string,STRING,0,0,null,null,null,null,null,null,null,NO,null,null,null,null,null,null,NO,null,NO,NO,null,YES,null,Name of the state affected by the disaster
openfema,odp,femaweb_declaration_areas,placeCode,6,null,YES,string,STRING,0,0,null,null,null,null,null,null,null,NO,null,null,null,null,null,null,NO,null,NO,NO,null,YES,null,Code representing the specific place affected by the disaster
openfema,odp,femaweb_declaration_areas,placeName,7,null,YES,string,STRING,0,0,null,null,null,null,null,null,null,NO,null,null,null,null,null,null,NO,null,NO,NO,null,YES,null,Name of the specific place affected by the disaster
openfema,odp,femaweb_declaration_areas,designatedDate,8,null,YES,string,STRING,0,0,null,null,null,null,null,null,null,NO,null,null,null,null,null,null,NO,null,NO,NO,null,YES,null,Date when the disaster was designated
openfema,odp,femaweb_declaration_areas,entryDate,9,null,YES,string,STRING,0,0,null,null,null,null,null,null,null,NO,null,null,null,null,null,null,NO,null,NO,NO,null,YES,null,Date when the record was entered into the system
openfema,odp,femaweb_declaration_areas,updateDate,10,null,YES,string,STRING,0,0,null,null,null,null,null,null,null,NO,null,null,null,null,null,null,NO,null,NO,NO,null,YES,null,Date when the record was last updated
openfema,odp,femaweb_declaration_areas,closeoutDate,11,null,YES,string,STRING,0,0,null,null,null,null,null,null,null,NO,null,null,null,null,null,null,NO,null,NO,NO,null,YES,null,Date when the disaster declaration was closed out
openfema,odp,femaweb_declaration_areas,hash,12,null,YES,string,STRING,0,0,null,null,null,null,null,null,null,NO,null,null,null,null,null,null,NO,null,NO,NO,null,YES,null,Hash value for data integrity checks
openfema,odp,femaweb_declaration_areas,lastRefresh,13,null,YES,string,STRING,0,0,null,null,null,null,null,null,null,NO,null,null,null,null,null,null,NO,null,NO,NO,null,YES,null,Date of the last data refresh
openfema,odp,femaweb_declaration_areas,femadexLastRefresh,14,null,YES,timestamp,TIMESTAMP,null,null,null,null,null,3,null,null,null,NO,null,null,null,null,null,null,NO,null,NO,NO,null,YES,null,Timestamp of the last refresh from FEMA's data exchange platform
openfema,odp,femaweb_disaster_declarations,disasterNumber,0,null,YES,bigint,LONG,null,null,null,null,null,null,null,null,null,NO,null,null,null,null,null,null,NO,null,NO,NO,null,YES,null,Unique identifier for each declared disaster
openfema,odp,femaweb_disaster_declarations,declarationDate,1,null,YES,string,STRING,0,0,null,null,null,null,null,null,null,NO,null,null,null,null,null,null,NO,null,NO,NO,null,YES,null,Date when the disaster was officially declared by FEMA
openfema,odp,femaweb_disaster_declarations,disasterName,2,null,YES,string,STRING,0,0,null,null,null,null,null,null,null,NO,null,null,null,null,null,null,NO,null,NO,NO,null,YES,null,Name or title of the declared disaster
openfema,odp,femaweb_disaster_declarations,incidentBeginDate,3,null,YES,string,STRING,0,0,null,null,null,null,null,null,null,NO,null,null,null,null,null,null,NO,null,NO,NO,null,YES,null,Start date of the disaster incident
openfema,odp,femaweb_disaster_declarations,incidentEndDate,4,null,YES,string,STRING,0,0,null,null,null,null,null,null,null,NO,null,null,null,null,null,null,NO,null,NO,NO,null,YES,null,End date of the disaster incident
openfema,odp,femaweb_disaster_declarations,declarationType,5,null,YES,string,STRING,0,0,null,null,null,null,null,null,null,NO,null,null,null,null,null,null,NO,null,NO,NO,null,YES,null,"Type of declaration made by FEMA (e.g., emergency, major disaster)"
openfema,odp,femaweb_disaster_declarations,stateCode,6,null,YES,string,STRING,0,0,null,null,null,null,null,null,null,NO,null,null,null,null,null,null,NO,null,NO,NO,null,YES,null,Code representing the state where the disaster occurred
openfema,odp,femaweb_disaster_declarations,stateName,7,null,YES,string,STRING,0,0,null,null,null,null,null,null,null,NO,null,null,null,null,null,null,NO,null,NO,NO,null,YES,null,Name of the state where the disaster occurred
openfema,odp,femaweb_disaster_declarations,incidentType,8,null,YES,string,STRING,0,0,null,null,null,null,null,null,null,NO,null,null,null,null,null,null,NO,null,NO,NO,null,YES,null,"Type of disaster incident (e.g., hurricane, wildfire)"
openfema,odp,femaweb_disaster_declarations,entryDate,9,null,YES,string,STRING,0,0,null,null,null,null,null,null,null,NO,null,null,null,null,null,null,NO,null,NO,NO,null,YES,null,Date when the disaster information was entered into the system
openfema,odp,femaweb_disaster_declarations,updateDate,10,null,YES,string,STRING,0,0,null,null,null,null,null,null,null,NO,null,null,null,null,null,null,NO,null,NO,NO,null,YES,null,Date when the disaster information was last updated
openfema,odp,femaweb_disaster_declarations,closeoutDate,11,null,YES,string,STRING,0,0,null,null,null,null,null,null,null,NO,null,null,null,null,null,null,NO,null,NO,NO,null,YES,null,Date when the disaster declaration was closed out
openfema,odp,femaweb_disaster_declarations,region,12,null,YES,bigint,LONG,null,null,null,null,null,null,null,null,null,NO,null,null,null,null,null,null,NO,null,NO,NO,null,YES,null,Region code where the disaster occurred
openfema,odp,femaweb_disaster_declarations,ihProgramDeclared,13,null,YES,boolean,BOOLEAN,null,null,null,null,null,null,null,null,null,NO,null,null,null,null,null,null,NO,null,NO,NO,null,YES,null,Indicator if Individual Housing Program was declared for the disaster
openfema,odp,femaweb_disaster_declarations,iaProgramDeclared,14,null,YES,boolean,BOOLEAN,null,null,null,null,null,null,null,null,null,NO,null,null,null,null,null,null,NO,null,NO,NO,null,YES,null,Indicator if Individual Assistance Program was declared for the disaster
openfema,odp,femaweb_disaster_declarations,paProgramDeclared,15,null,YES,boolean,BOOLEAN,null,null,null,null,null,null,null,null,null,NO,null,null,null,null,null,null,NO,null,NO,NO,null,YES,null,Indicator if Public Assistance Program was declared for the disaster
openfema,odp,femaweb_disaster_declarations,hmProgramDeclared,16,null,YES,boolean,BOOLEAN,null,null,null,null,null,null,null,null,null,NO,null,null,null,null,null,null,NO,null,NO,NO,null,YES,null,Indicator if Hazard Mitigation Program was declared for the disaster
openfema,odp,femaweb_disaster_declarations,designatedIncidentTypes,17,null,YES,string,STRING,0,0,null,null,null,null,null,null,null,NO,null,null,null,null,null,null,NO,null,NO,NO,null,YES,null,Types of incidents designated for the disaster declaration
openfema,odp,femaweb_disaster_declarations,declarationRequestDate,18,null,YES,string,STRING,0,0,null,null,null,null,null,null,null,NO,null,null,null,null,null,null,NO,null,NO,NO,null,YES,null,Date when the disaster declaration request was made
openfema,odp,femaweb_disaster_declarations,disasterPageUrl,19,null,YES,string,STRING,0,0,null,null,null,null,null,null,null,NO,null,null,null,null,null,null,NO,null,NO,NO,null,YES,null,URL link to the FEMA page providing details about the disaster
openfema,odp,femaweb_disaster_declarations,shapefileUrl,20,null,YES,string,STRING,0,0,null,null,null,null,null,null,null,NO,null,null,null,null,null,null,NO,null,NO,NO,null,YES,null,URL link to the shapefile data for the declared disaster
openfema,odp,femaweb_disaster_declarations,kmzfileUrl,21,null,YES,string,STRING,0,0,null,null,null,null,null,null,null,NO,null,null,null,null,null,null,NO,null,NO,NO,null,YES,null,URL link to the KMZ file data for the declared disaster
openfema,odp,femaweb_disaster_declarations,geoJsonUrl,22,null,YES,string,STRING,0,0,null,null,null,null,null,null,null,NO,null,null,null,null,null,null,NO,null,NO,NO,null,YES,null,URL link to the GeoJSON file data for the declared disaster
openfema,odp,femaweb_disaster_declarations,id,23,null,YES,string,STRING,0,0,null,null,null,null,null,null,null,NO,null,null,null,null,null,null,NO,null,NO,NO,null,YES,null,Unique identifier for each record in the table
openfema,odp,femaweb_disaster_declarations,hash,24,null,YES,string,STRING,0,0,null,null,null,null,null,null,null,NO,null,null,null,null,null,null,NO,null,NO,NO,null,YES,null,Hash value for data integrity verification
openfema,odp,femaweb_disaster_declarations,lastRefresh,25,null,YES,string,STRING,0,0,null,null,null,null,null,null,null,NO,null,null,null,null,null,null,NO,null,NO,NO,null,YES,null,Date of the last data refresh/update
openfema,odp,femaweb_disaster_declarations,femadexLastRefresh,26,null,YES,timestamp,TIMESTAMP,null,null,null,null,null,3,null,null,null,NO,null,null,null,null,null,null,NO,null,NO,NO,null,YES,null,Date of the last FEMADEX data refresh/update
openfema,odp,femaweb_disaster_summaries,disasterNumber,0,null,YES,bigint,LONG,null,null,null,null,null,null,null,null,null,NO,null,null,null,null,null,null,NO,null,NO,NO,null,YES,null,Unique identifier for each disaster event
openfema,odp,femaweb_disaster_summaries,totalNumberIaApproved,1,null,YES,string,STRING,0,0,null,null,null,null,null,null,null,NO,null,null,null,null,null,null,NO,null,NO,NO,null,YES,null,Total number of approved Individual Assistance applications
openfema,odp,femaweb_disaster_summaries,totalAmountIhpApproved,2,null,YES,string,STRING,0,0,null,null,null,null,null,null,null,NO,null,null,null,null,null,null,NO,null,NO,NO,null,YES,null,Total amount approved for Housing Assistance
openfema,odp,femaweb_disaster_summaries,totalAmountHaApproved,3,null,YES,string,STRING,0,0,null,null,null,null,null,null,null,NO,null,null,null,null,null,null,NO,null,NO,NO,null,YES,null,Total amount approved for Other Needs Assistance
openfema,odp,femaweb_disaster_summaries,totalAmountOnaApproved,4,null,YES,string,STRING,0,0,null,null,null,null,null,null,null,NO,null,null,null,null,null,null,NO,null,NO,NO,null,YES,null,Total amount approved for Public Assistance
openfema,odp,femaweb_disaster_summaries,totalObligatedAmountPa,5,null,YES,double,DOUBLE,null,null,null,2,null,null,null,null,null,NO,null,null,null,null,null,null,NO,null,NO,NO,null,YES,null,Total obligated amount for Public Assistance
openfema,odp,femaweb_disaster_summaries,totalObligatedAmountCatAb,6,null,YES,double,DOUBLE,null,null,null,2,null,null,null,null,null,NO,null,null,null,null,null,null,NO,null,NO,NO,null,YES,null,Total obligated amount for Category A and B assistance
openfema,odp,femaweb_disaster_summaries,totalObligatedAmountCatC2g,7,null,YES,double,DOUBLE,null,null,null,2,null,null,null,null,null,NO,null,null,null,null,null,null,NO,null,NO,NO,null,YES,null,Total obligated amount for Category C to G assistance
openfema,odp,femaweb_disaster_summaries,paLoadDate,8,null,YES,string,STRING,0,0,null,null,null,null,null,null,null,NO,null,null,null,null,null,null,NO,null,NO,NO,null,YES,null,Timestamp for loading Public Assistance data
openfema,odp,femaweb_disaster_summaries,iaLoadDate,9,null,YES,string,STRING,0,0,null,null,null,null,null,null,null,NO,null,null,null,null,null,null,NO,null,NO,NO,null,YES,null,Timestamp for loading Individual Assistance data
openfema,odp,femaweb_disaster_summaries,totalObligatedAmountHmgp,10,null,YES,double,DOUBLE,null,null,null,2,null,null,null,null,null,NO,null,null,null,null,null,null,NO,null,NO,NO,null,YES,null,Total obligated amount for Hazard Mitigation Grant Program
openfema,odp,femaweb_disaster_summaries,hash,11,null,YES,string,STRING,0,0,null,null,null,null,null,null,null,NO,null,null,null,null,null,null,NO,null,NO,NO,null,YES,null,Unique identifier hash for each record
openfema,odp,femaweb_disaster_summaries,lastRefresh,12,null,YES,string,STRING,0,0,null,null,null,null,null,null,null,NO,null,null,null,null,null,null,NO,null,NO,NO,null,YES,null,Timestamp for last data refresh
openfema,odp,femaweb_disaster_summaries,id,13,null,YES,string,STRING,0,0,null,null,null,null,null,null,null,NO,null,null,null,null,null,null,NO,null,NO,NO,null,YES,null,Unique identifier for each record
openfema,odp,femaweb_disaster_summaries,femadexLastRefresh,14,null,YES,timestamp,TIMESTAMP,null,null,null,null,null,3,null,null,null,NO,null,null,null,null,null,null,NO,null,NO,NO,null,YES,null,Timestamp for last refresh in FEMADEX system
openfema,odp,fima_nfip_claims,agricultureStructureIndicator,0,null,YES,string,STRING,0,0,null,null,null,null,null,null,null,NO,null,null,null,null,null,null,NO,null,NO,NO,null,YES,null,Indicates if the structure is related to agriculture
openfema,odp,fima_nfip_claims,asOfDate,1,null,YES,string,STRING,0,0,null,null,null,null,null,null,null,NO,null,null,null,null,null,null,NO,null,NO,NO,null,YES,null,Date when the data was last updated
openfema,odp,fima_nfip_claims,basementEnclosureCrawlspaceType,2,null,YES,string,STRING,0,0,null,null,null,null,null,null,null,NO,null,null,null,null,null,null,NO,null,NO,NO,null,YES,null,"Type of basement, enclosure, or crawlspace"
openfema,odp,fima_nfip_claims,policyCount,3,null,YES,string,STRING,0,0,null,null,null,null,null,null,null,NO,null,null,null,null,null,null,NO,null,NO,NO,null,YES,null,Number of insurance policies associated with the claim
openfema,odp,fima_nfip_claims,crsClassificationCode,4,null,YES,string,STRING,0,0,null,null,null,null,null,null,null,NO,null,null,null,null,null,null,NO,null,NO,NO,null,YES,null,Code indicating the Community Rating System classification
openfema,odp,fima_nfip_claims,dateOfLoss,5,null,YES,string,STRING,0,0,null,null,null,null,null,null,null,NO,null,null,null,null,null,null,NO,null,NO,NO,null,YES,null,Date when the loss occurred
openfema,odp,fima_nfip_claims,elevatedBuildingIndicator,6,null,YES,string,STRING,0,0,null,null,null,null,null,null,null,NO,null,null,null,null,null,null,NO,null,NO,NO,null,YES,null,Indicates if the building is elevated above ground level
openfema,odp,fima_nfip_claims,elevationCertificateIndicator,7,null,YES,string,STRING,0,0,null,null,null,null,null,null,null,NO,null,null,null,null,null,null,NO,null,NO,NO,null,YES,null,Indicates if an elevation certificate is available
openfema,odp,fima_nfip_claims,elevationDifference,8,null,YES,string,STRING,0,0,null,null,null,null,null,null,null,NO,null,null,null,null,null,null,NO,null,NO,NO,null,YES,null,Difference in elevation from base flood level
openfema,odp,fima_nfip_claims,baseFloodElevation,9,null,YES,string,STRING,0,0,null,null,null,null,null,null,null,NO,null,null,null,null,null,null,NO,null,NO,NO,null,YES,null,Elevation of the base flood level
openfema,odp,fima_nfip_claims,ratedFloodZone,10,null,YES,string,STRING,0,0,null,null,null,null,null,null,null,NO,null,null,null,null,null,null,NO,null,NO,NO,null,YES,null,Zone rating for flood risk
openfema,odp,fima_nfip_claims,houseWorship,11,null,YES,string,STRING,0,0,null,null,null,null,null,null,null,NO,null,null,null,null,null,null,NO,null,NO,NO,null,YES,null,Indicates if the structure is used for worship purposes
openfema,odp,fima_nfip_claims,locationOfContents,12,null,YES,string,STRING,0,0,null,null,null,null,null,null,null,NO,null,null,null,null,null,null,NO,null,NO,NO,null,YES,null,Location of contents within the structure
openfema,odp,fima_nfip_claims,lowestAdjacentGrade,13,null,YES,string,STRING,0,0,null,null,null,null,null,null,null,NO,null,null,null,null,null,null,NO,null,NO,NO,null,YES,null,Lowest grade level adjacent to the building
openfema,odp,fima_nfip_claims,lowestFloorElevation,14,null,YES,string,STRING,0,0,null,null,null,null,null,null,null,NO,null,null,null,null,null,null,NO,null,NO,NO,null,YES,null,Elevation of the lowest floor in the building
openfema,odp,fima_nfip_claims,numberOfFloorsInTheInsuredBuilding,15,null,YES,string,STRING,0,0,null,null,null,null,null,null,null,NO,null,null,null,null,null,null,NO,null,NO,NO,null,YES,null,Number of floors in the insured building
openfema,odp,fima_nfip_claims,nonProfitIndicator,16,null,YES,string,STRING,0,0,null,null,null,null,null,null,null,NO,null,null,null,null,null,null,NO,null,NO,NO,null,YES,null,Indicates if the structure is owned by a non-profit organization
openfema,odp,fima_nfip_claims,obstructionType,17,null,YES,string,STRING,0,0,null,null,null,null,null,null,null,NO,null,null,null,null,null,null,NO,null,NO,NO,null,YES,null,Type of obstruction present in or around the structure
openfema,odp,fima_nfip_claims,occupancyType,18,null,YES,string,STRING,0,0,null,null,null,null,null,null,null,NO,null,null,null,null,null,null,NO,null,NO,NO,null,YES,null,Type of occupancy within the structure
openfema,odp,fima_nfip_claims,originalConstructionDate,19,null,YES,string,STRING,0,0,null,null,null,null,null,null,null,NO,null,null,null,null,null,null,NO,null,NO,NO,null,YES,null,Date when the structure was originally constructed
openfema,odp,fima_nfip_claims,originalNBDate,20,null,YES,string,STRING,0,0,null,null,null,null,null,null,null,NO,null,null,null,null,null,null,NO,null,NO,NO,null,YES,null,Date when the National Flood Insurance Program policy was originally bound
openfema,odp,fima_nfip_claims,amountPaidOnBuildingClaim,21,null,YES,string,STRING,0,0,null,null,null,null,null,null,null,NO,null,null,null,null,null,null,NO,null,NO,NO,null,YES,null,Total amount paid on building claim
openfema,odp,fima_nfip_claims,amountPaidOnContentsClaim,22,null,YES,string,STRING,0,0,null,null,null,null,null,null,null,NO,null,null,null,null,null,null,NO,null,NO,NO,null,YES,null,Total amount paid on contents claim
openfema,odp,fima_nfip_claims,amountPaidOnIncreasedCostOfComplianceClaim,23,null,YES,string,STRING,0,0,null,null,null,null,null,null,null,NO,null,null,null,null,null,null,NO,null,NO,NO,null,YES,null,Total amount paid on increased cost of compliance claim
openfema,odp,fima_nfip_claims,postFIRMConstructionIndicator,24,null,YES,string,STRING,0,0,null,null,null,null,null,null,null,NO,null,null,null,null,null,null,NO,null,NO,NO,null,YES,null,Indicates if the construction occurred after the Flood Insurance Rate Map (FIRM) was in effect
openfema,odp,fima_nfip_claims,rateMethod,25,null,YES,string,STRING,0,0,null,null,null,null,null,null,null,NO,null,null,null,null,null,null,NO,null,NO,NO,null,YES,null,Method used to calculate insurance rates
openfema,odp,fima_nfip_claims,smallBusinessIndicatorBuilding,26,null,YES,string,STRING,0,0,null,null,null,null,null,null,null,NO,null,null,null,null,null,null,NO,null,NO,NO,null,YES,null,Indicates if the building is associated with a small business
openfema,odp,fima_nfip_claims,totalBuildingInsuranceCoverage,27,null,YES,string,STRING,0,0,null,null,null,null,null,null,null,NO,null,null,null,null,null,null,NO,null,NO,NO,null,YES,null,Total insurance coverage for the building
openfema,odp,fima_nfip_claims,totalContentsInsuranceCoverage,28,null,YES,string,STRING,0,0,null,null,null,null,null,null,null,NO,null,null,null,null,null,null,NO,null,NO,NO,null,YES,null,Total insurance coverage for the contents
openfema,odp,fima_nfip_claims,yearOfLoss,29,null,YES,string,STRING,0,0,null,null,null,null,null,null,null,NO,null,null,null,null,null,null,NO,null,NO,NO,null,YES,null,Year when the loss occurred
openfema,odp,fima_nfip_claims,primaryResidenceIndicator,30,null,YES,string,STRING,0,0,null,null,null,null,null,null,null,NO,null,null,null,null,null,null,NO,null,NO,NO,null,YES,null,Indicates if the structure is the primary residence
openfema,odp,fima_nfip_claims,buildingDamageAmount,31,null,YES,string,STRING,0,0,null,null,null,null,null,null,null,NO,null,null,null,null,null,null,NO,null,NO,NO,null,YES,null,Amount of damage to the building
openfema,odp,fima_nfip_claims,buildingDeductibleCode,32,null,YES,string,STRING,0,0,null,null,null,null,null,null,null,NO,null,null,null,null,null,null,NO,null,NO,NO,null,YES,null,Code indicating the deductible for building coverage
openfema,odp,fima_nfip_claims,netBuildingPaymentAmount,33,null,YES,string,STRING,0,0,null,null,null,null,null,null,null,NO,null,null,null,null,null,null,NO,null,NO,NO,null,YES,null,Net payment amount for building claims
openfema,odp,fima_nfip_claims,buildingPropertyValue,34,null,YES,string,STRING,0,0,null,null,null,null,null,null,null,NO,null,null,null,null,null,null,NO,null,NO,NO,null,YES,null,Value of the building
openfema,odp,fima_nfip_claims,causeOfDamage,35,null,YES,string,STRING,0,0,null,null,null,null,null,null,null,NO,null,null,null,null,null,null,NO,null,NO,NO,null,YES,null,Cause of the damage incurred
openfema,odp,fima_nfip_claims,condominiumCoverageTypeCode,36,null,YES,string,STRING,0,0,null,null,null,null,null,null,null,NO,null,null,null,null,null,null,NO,null,NO,NO,null,YES,null,Code indicating the type of coverage for condominiums
openfema,odp,fima_nfip_claims,contentsDamageAmount,37,null,YES,string,STRING,0,0,null,null,null,null,null,null,null,NO,null,null,null,null,null,null,NO,null,NO,NO,null,YES,null,Amount of damage to the contents
openfema,odp,fima_nfip_claims,contentsDeductibleCode,38,null,YES,string,STRING,0,0,null,null,null,null,null,null,null,NO,null,null,null,null,null,null,NO,null,NO,NO,null,YES,null,Code indicating the deductible for contents coverage
openfema,odp,fima_nfip_claims,netContentsPaymentAmount,39,null,YES,string,STRING,0,0,null,null,null,null,null,null,null,NO,null,null,null,null,null,null,NO,null,NO,NO,null,YES,null,Net payment amount for contents claims
openfema,odp,fima_nfip_claims,contentsPropertyValue,40,null,YES,string,STRING,0,0,null,null,null,null,null,null,null,NO,null,null,null,null,null,null,NO,null,NO,NO,null,YES,null,Value of contents within the structure
openfema,odp,fima_nfip_claims,disasterAssistanceCoverageRequired,41,null,YES,string,STRING,0,0,null,null,null,null,null,null,null,NO,null,null,null,null,null,null,NO,null,NO,NO,null,YES,null,Indicates if disaster assistance coverage is required
openfema,odp,fima_nfip_claims,eventDesignationNumber,42,null,YES,string,STRING,0,0,null,null,null,null,null,null,null,NO,null,null,null,null,null,null,NO,null,NO,NO,null,YES,null,Number assigned to the event designation
openfema,odp,fima_nfip_claims,ficoNumber,43,null,YES,string,STRING,0,0,null,null,null,null,null,null,null,NO,null,null,null,null,null,null,NO,null,NO,NO,null,YES,null,Flood Insurance Compliance Office (FICO) number
openfema,odp,fima_nfip_claims,floodCharacteristicsIndicator,44,null,YES,string,STRING,0,0,null,null,null,null,null,null,null,NO,null,null,null,null,null,null,NO,null,NO,NO,null,YES,null,Indicator for flood characteristics
openfema,odp,fima_nfip_claims,floodWaterDuration,45,null,YES,string,STRING,0,0,null,null,null,null,null,null,null,NO,null,null,null,null,null,null,NO,null,NO,NO,null,YES,null,Duration of flood water exposure
openfema,odp,fima_nfip_claims,floodproofedIndicator,46,null,YES,string,STRING,0,0,null,null,null,null,null,null,null,NO,null,null,null,null,null,null,NO,null,NO,NO,null,YES,null,Indicates if the structure is floodproofed
openfema,odp,fima_nfip_claims,floodEvent,47,null,YES,string,STRING,0,0,null,null,null,null,null,null,null,NO,null,null,null,null,null,null,NO,null,NO,NO,null,YES,null,Details of the flood event
openfema,odp,fima_nfip_claims,iccCoverage,48,null,YES,string,STRING,0,0,null,null,null,null,null,null,null,NO,null,null,null,null,null,null,NO,null,NO,NO,null,YES,null,Insurance coverage for Increased Cost of Compliance (ICC)
openfema,odp,fima_nfip_claims,netIccPaymentAmount,49,null,YES,string,STRING,0,0,null,null,null,null,null,null,null,NO,null,null,null,null,null,null,NO,null,NO,NO,null,YES,null,Net payment amount for ICC coverage
openfema,odp,fima_nfip_claims,nfipRatedCommunityNumber,50,null,YES,string,STRING,0,0,null,null,null,null,null,null,null,NO,null,null,null,null,null,null,NO,null,NO,NO,null,YES,null,Number assigned to NFIP rated community
openfema,odp,fima_nfip_claims,nfipCommunityNumberCurrent,51,null,YES,string,STRING,0,0,null,null,null,null,null,null,null,NO,null,null,null,null,null,null,NO,null,NO,NO,null,YES,null,Current NFIP community number
openfema,odp,fima_nfip_claims,nfipCommunityName,52,null,YES,string,STRING,0,0,null,null,null,null,null,null,null,NO,null,null,null,null,null,null,NO,null,NO,NO,null,YES,null,Name of the NFIP community
openfema,odp,fima_nfip_claims,nonPaymentReasonContents,53,null,YES,string,STRING,0,0,null,null,null,null,null,null,null,NO,null,null,null,null,null,null,NO,null,NO,NO,null,YES,null,Reason for non-payment related to contents
openfema,odp,fima_nfip_claims,nonPaymentReasonBuilding,54,null,YES,string,STRING,0,0,null,null,null,null,null,null,null,NO,null,null,null,null,null,null,NO,null,NO,NO,null,YES,null,Reason for non-payment related to building
openfema,odp,fima_nfip_claims,numberOfUnits,55,null,YES,string,STRING,0,0,null,null,null,null,null,null,null,NO,null,null,null,null,null,null,NO,null,NO,NO,null,YES,null,Total number of units in the structure
openfema,odp,fima_nfip_claims,buildingReplacementCost,56,null,YES,string,STRING,0,0,null,null,null,null,null,null,null,NO,null,null,null,null,null,null,NO,null,NO,NO,null,YES,null,Cost of replacing the building
openfema,odp,fima_nfip_claims,contentsReplacementCost,57,null,YES,string,STRING,0,0,null,null,null,null,null,null,null,NO,null,null,null,null,null,null,NO,null,NO,NO,null,YES,null,Cost of replacing contents
openfema,odp,fima_nfip_claims,replacementCostBasis,58,null,YES,string,STRING,0,0,null,null,null,null,null,null,null,NO,null,null,null,null,null,null,NO,null,NO,NO,null,YES,null,Basis for calculating replacement cost
openfema,odp,fima_nfip_claims,stateOwnedIndicator,59,null,YES,string,STRING,0,0,null,null,null,null,null,null,null,NO,null,null,null,null,null,null,NO,null,NO,NO,null,YES,null,Indicates if the structure is owned by the state
openfema,odp,fima_nfip_claims,waterDepth,60,null,YES,string,STRING,0,0,null,null,null,null,null,null,null,NO,null,null,null,null,null,null,NO,null,NO,NO,null,YES,null,Depth of water during the flood event
openfema,odp,fima_nfip_claims,floodZoneCurrent,61,null,YES,string,STRING,0,0,null,null,null,null,null,null,null,NO,null,null,null,null,null,null,NO,null,NO,NO,null,YES,null,Current flood zone rating for the location
openfema,odp,fima_nfip_claims,buildingDescriptionCode,62,null,YES,string,STRING,0,0,null,null,null,null,null,null,null,NO,null,null,null,null,null,null,NO,null,NO,NO,null,YES,null,Code describing the building characteristics
openfema,odp,fima_nfip_claims,rentalPropertyIndicator,63,null,YES,string,STRING,0,0,null,null,null,null,null,null,null,NO,null,null,null,null,null,null,NO,null,NO,NO,null,YES,null,Indicates if the property is used for rental purposes
openfema,odp,fima_nfip_claims,state,64,null,YES,string,STRING,0,0,null,null,null,null,null,null,null,NO,null,null,null,null,null,null,NO,null,NO,NO,null,YES,null,State where the flood insurance claim is located
openfema,odp,fima_nfip_claims,reportedCity,65,null,YES,string,STRING,0,0,null,null,null,null,null,null,null,NO,null,null,null,null,null,null,NO,null,NO,NO,null,YES,null,City where the flood damage was reported
openfema,odp,fima_nfip_claims,reportedZipCode,66,null,YES,string,STRING,0,0,null,null,null,null,null,null,null,NO,null,null,null,null,null,null,NO,null,NO,NO,null,YES,null,Zip code of the location where the flood damage occurred
openfema,odp,fima_nfip_claims,countyCode,67,null,YES,string,STRING,0,0,null,null,null,null,null,null,null,NO,null,null,null,null,null,null,NO,null,NO,NO,null,YES,null,Code identifying the county of the property location
openfema,odp,fima_nfip_claims,censusTract,68,null,YES,string,STRING,0,0,null,null,null,null,null,null,null,NO,null,null,null,null,null,null,NO,null,NO,NO,null,YES,null,Census tract where the property is situated
openfema,odp,fima_nfip_claims,censusBlockGroupFips,69,null,YES,string,STRING,0,0,null,null,null,null,null,null,null,NO,null,null,null,null,null,null,NO,null,NO,NO,null,YES,null,FIPS code for the census block group
openfema,odp,fima_nfip_claims,latitude,70,null,YES,string,STRING,0,0,null,null,null,null,null,null,null,NO,null,null,null,null,null,null,NO,null,NO,NO,null,YES,null,Latitude coordinate of the property location
openfema,odp,fima_nfip_claims,longitude,71,null,YES,string,STRING,0,0,null,null,null,null,null,null,null,NO,null,null,null,null,null,null,NO,null,NO,NO,null,YES,null,Longitude coordinate of the property location
openfema,odp,fima_nfip_claims,id,72,null,YES,string,STRING,0,0,null,null,null,null,null,null,null,NO,null,null,null,null,null,null,NO,null,NO,NO,null,YES,null,Unique identifier for the NFIP claim record
openfema,odp,fima_nfip_claims,femadexLastRefresh,73,null,YES,timestamp,TIMESTAMP,null,null,null,null,null,3,null,null,null,NO,null,null,null,null,null,null,NO,null,NO,NO,null,YES,null,Date when the FEMADEX data was last refreshed
openfema,odp,fima_nfip_policies,agricultureStructureIndicator,0,null,YES,string,STRING,0,0,null,null,null,null,null,null,null,NO,null,null,null,null,null,null,NO,null,NO,NO,null,YES,null,Indicates if the structure is related to agriculture
openfema,odp,fima_nfip_policies,baseFloodElevation,1,null,YES,string,STRING,0,0,null,null,null,null,null,null,null,NO,null,null,null,null,null,null,NO,null,NO,NO,null,YES,null,The elevation of the base flood in relation to the structure
openfema,odp,fima_nfip_policies,basementEnclosureCrawlspaceType,2,null,YES,string,STRING,0,0,null,null,null,null,null,null,null,NO,null,null,null,null,null,null,NO,null,NO,NO,null,YES,null,Type of enclosure or crawlspace in the basement
openfema,odp,fima_nfip_policies,cancellationDateOfFloodPolicy,3,null,YES,string,STRING,0,0,null,null,null,null,null,null,null,NO,null,null,null,null,null,null,NO,null,NO,NO,null,YES,null,Date when the flood policy was cancelled
openfema,odp,fima_nfip_policies,condominiumCoverageTypeCode,4,null,YES,string,STRING,0,0,null,null,null,null,null,null,null,NO,null,null,null,null,null,null,NO,null,NO,NO,null,YES,null,Code indicating the type of coverage for condominiums
openfema,odp,fima_nfip_policies,construction,5,null,YES,string,STRING,0,0,null,null,null,null,null,null,null,NO,null,null,null,null,null,null,NO,null,NO,NO,null,YES,null,Type of construction of the building
openfema,odp,fima_nfip_policies,crsClassCode,6,null,YES,string,STRING,0,0,null,null,null,null,null,null,null,NO,null,null,null,null,null,null,NO,null,NO,NO,null,YES,null,Code representing the Community Rating System class
openfema,odp,fima_nfip_policies,buildingDeductibleCode,7,null,YES,string,STRING,0,0,null,null,null,null,null,null,null,NO,null,null,null,null,null,null,NO,null,NO,NO,null,YES,null,Code for the deductible amount for the building
openfema,odp,fima_nfip_policies,contentsDeductibleCode,8,null,YES,string,STRING,0,0,null,null,null,null,null,null,null,NO,null,null,null,null,null,null,NO,null,NO,NO,null,YES,null,Code for the deductible amount for contents
openfema,odp,fima_nfip_policies,elevatedBuildingIndicator,9,null,YES,string,STRING,0,0,null,null,null,null,null,null,null,NO,null,null,null,null,null,null,NO,null,NO,NO,null,YES,null,Indicates if the building is elevated
openfema,odp,fima_nfip_policies,elevationCertificateIndicator,10,null,YES,string,STRING,0,0,null,null,null,null,null,null,null,NO,null,null,null,null,null,null,NO,null,NO,NO,null,YES,null,Indicates if an elevation certificate is available
openfema,odp,fima_nfip_policies,elevationDifference,11,null,YES,string,STRING,0,0,null,null,null,null,null,null,null,NO,null,null,null,null,null,null,NO,null,NO,NO,null,YES,null,Difference in elevation between the structure and base flood
openfema,odp,fima_nfip_policies,federalPolicyFee,12,null,YES,string,STRING,0,0,null,null,null,null,null,null,null,NO,null,null,null,null,null,null,NO,null,NO,NO,null,YES,null,Fee associated with the federal flood policy
openfema,odp,fima_nfip_policies,ratedFloodZone,13,null,YES,string,STRING,0,0,null,null,null,null,null,null,null,NO,null,null,null,null,null,null,NO,null,NO,NO,null,YES,null,Zone rating for flood risk
openfema,odp,fima_nfip_policies,hfiaaSurcharge,14,null,YES,string,STRING,0,0,null,null,null,null,null,null,null,NO,null,null,null,null,null,null,NO,null,NO,NO,null,YES,null,Surcharge related to Homeowners Flood Insurance Affordability Act
openfema,odp,fima_nfip_policies,houseOfWorshipIndicator,15,null,YES,string,STRING,0,0,null,null,null,null,null,null,null,NO,null,null,null,null,null,null,NO,null,NO,NO,null,YES,null,Indicates if the structure is a house of worship
openfema,odp,fima_nfip_policies,locationOfContents,16,null,YES,string,STRING,0,0,null,null,null,null,null,null,null,NO,null,null,null,null,null,null,NO,null,NO,NO,null,YES,null,Location where contents are stored within the structure
openfema,odp,fima_nfip_policies,lowestAdjacentGrade,17,null,YES,string,STRING,0,0,null,null,null,null,null,null,null,NO,null,null,null,null,null,null,NO,null,NO,NO,null,YES,null,Lowest grade level adjacent to the structure
openfema,odp,fima_nfip_policies,lowestFloorElevation,18,null,YES,string,STRING,0,0,null,null,null,null,null,null,null,NO,null,null,null,null,null,null,NO,null,NO,NO,null,YES,null,Elevation of the lowest floor in the structure
openfema,odp,fima_nfip_policies,nonProfitIndicator,19,null,YES,string,STRING,0,0,null,null,null,null,null,null,null,NO,null,null,null,null,null,null,NO,null,NO,NO,null,YES,null,Indicates if the structure belongs to a non-profit organization
openfema,odp,fima_nfip_policies,numberOfFloorsInInsuredBuilding,20,null,YES,string,STRING,0,0,null,null,null,null,null,null,null,NO,null,null,null,null,null,null,NO,null,NO,NO,null,YES,null,Number of floors in the insured building
openfema,odp,fima_nfip_policies,obstructionType,21,null,YES,string,STRING,0,0,null,null,null,null,null,null,null,NO,null,null,null,null,null,null,NO,null,NO,NO,null,YES,null,Type of obstruction present
openfema,odp,fima_nfip_policies,occupancyType,22,null,YES,string,STRING,0,0,null,null,null,null,null,null,null,NO,null,null,null,null,null,null,NO,null,NO,NO,null,YES,null,Type of occupancy for the building
openfema,odp,fima_nfip_policies,originalConstructionDate,23,null,YES,string,STRING,0,0,null,null,null,null,null,null,null,NO,null,null,null,null,null,null,NO,null,NO,NO,null,YES,null,Date of original construction of the building
openfema,odp,fima_nfip_policies,originalNBDate,24,null,YES,string,STRING,0,0,null,null,null,null,null,null,null,NO,null,null,null,null,null,null,NO,null,NO,NO,null,YES,null,Original National Flood Insurance Program (NFIP) date
openfema,odp,fima_nfip_policies,policyCost,25,null,YES,string,STRING,0,0,null,null,null,null,null,null,null,NO,null,null,null,null,null,null,NO,null,NO,NO,null,YES,null,Cost associated with the policy
openfema,odp,fima_nfip_policies,policyCount,26,null,YES,string,STRING,0,0,null,null,null,null,null,null,null,NO,null,null,null,null,null,null,NO,null,NO,NO,null,YES,null,Count of policies associated with the building
openfema,odp,fima_nfip_policies,policyEffectiveDate,27,null,YES,string,STRING,0,0,null,null,null,null,null,null,null,NO,null,null,null,null,null,null,NO,null,NO,NO,null,YES,null,Effective date of the policy
openfema,odp,fima_nfip_policies,policyTerminationDate,28,null,YES,string,STRING,0,0,null,null,null,null,null,null,null,NO,null,null,null,null,null,null,NO,null,NO,NO,null,YES,null,Date when the policy terminates
openfema,odp,fima_nfip_policies,policyTermIndicator,29,null,YES,string,STRING,0,0,null,null,null,null,null,null,null,NO,null,null,null,null,null,null,NO,null,NO,NO,null,YES,null,Indicator for the policy term
openfema,odp,fima_nfip_policies,postFIRMConstructionIndicator,30,null,YES,string,STRING,0,0,null,null,null,null,null,null,null,NO,null,null,null,null,null,null,NO,null,NO,NO,null,YES,null,Indicator for post-FIRM construction
openfema,odp,fima_nfip_policies,primaryResidenceIndicator,31,null,YES,string,STRING,0,0,null,null,null,null,null,null,null,NO,null,null,null,null,null,null,NO,null,NO,NO,null,YES,null,Indicates if the building is a primary residence
openfema,odp,fima_nfip_policies,rateMethod,32,null,YES,string,STRING,0,0,null,null,null,null,null,null,null,NO,null,null,null,null,null,null,NO,null,NO,NO,null,YES,null,Method used for determining the rate
openfema,odp,fima_nfip_policies,regularEmergencyProgramIndicator,33,null,YES,string,STRING,0,0,null,null,null,null,null,null,null,NO,null,null,null,null,null,null,NO,null,NO,NO,null,YES,null,Indicator for regular emergency program participation
openfema,odp,fima_nfip_policies,smallBusinessIndicatorBuilding,34,null,YES,string,STRING,0,0,null,null,null,null,null,null,null,NO,null,null,null,null,null,null,NO,null,NO,NO,null,YES,null,Indicates if the building is a small business
openfema,odp,fima_nfip_policies,totalBuildingInsuranceCoverage,35,null,YES,string,STRING,0,0,null,null,null,null,null,null,null,NO,null,null,null,null,null,null,NO,null,NO,NO,null,YES,null,Total insurance coverage for the building
openfema,odp,fima_nfip_policies,totalContentsInsuranceCoverage,36,null,YES,string,STRING,0,0,null,null,null,null,null,null,null,NO,null,null,null,null,null,null,NO,null,NO,NO,null,YES,null,Total insurance coverage for contents
openfema,odp,fima_nfip_policies,totalInsurancePremiumOfThePolicy,37,null,YES,string,STRING,0,0,null,null,null,null,null,null,null,NO,null,null,null,null,null,null,NO,null,NO,NO,null,YES,null,Total insurance premium of the policy
openfema,odp,fima_nfip_policies,cancellationVoidanceReasonCode,38,null,YES,string,STRING,0,0,null,null,null,null,null,null,null,NO,null,null,null,null,null,null,NO,null,NO,NO,null,YES,null,Code indicating reason for cancellation or voidance
openfema,odp,fima_nfip_policies,subsidizedRateType,39,null,YES,string,STRING,0,0,null,null,null,null,null,null,null,NO,null,null,null,null,null,null,NO,null,NO,NO,null,YES,null,Type of subsidized rate
openfema,odp,fima_nfip_policies,iccPremium,40,null,YES,string,STRING,0,0,null,null,null,null,null,null,null,NO,null,null,null,null,null,null,NO,null,NO,NO,null,YES,null,Premium related to Increased Cost of Compliance coverage
openfema,odp,fima_nfip_policies,reserveFundAssessment,41,null,YES,string,STRING,0,0,null,null,null,null,null,null,null,NO,null,null,null,null,null,null,NO,null,NO,NO,null,YES,null,Assessment related to reserve fund for NFIP policies
openfema,odp,fima_nfip_policies,communityProbationSurcharge,42,null,YES,string,STRING,0,0,null,null,null,null,null,null,null,NO,null,null,null,null,null,null,NO,null,NO,NO,null,YES,null,Surcharge associated with community probation status
openfema,odp,fima_nfip_policies,premiumPaymentIndicator,43,null,YES,string,STRING,0,0,null,null,null,null,null,null,null,NO,null,null,null,null,null,null,NO,null,NO,NO,null,YES,null,Indicator for premium payment status
openfema,odp,fima_nfip_policies,buildingReplacementCost,44,null,YES,string,STRING,0,0,null,null,null,null,null,null,null,NO,null,null,null,null,null,null,NO,null,NO,NO,null,YES,null,Cost associated with replacing the building
openfema,odp,fima_nfip_policies,basicBuildingRate,45,null,YES,string,STRING,0,0,null,null,null,null,null,null,null,NO,null,null,null,null,null,null,NO,null,NO,NO,null,YES,null,Basic rate for building coverage
openfema,odp,fima_nfip_policies,additionalBuildingRate,46,null,YES,string,STRING,0,0,null,null,null,null,null,null,null,NO,null,null,null,null,null,null,NO,null,NO,NO,null,YES,null,Additional rate for building coverage
openfema,odp,fima_nfip_policies,basicContentsRate,47,null,YES,string,STRING,0,0,null,null,null,null,null,null,null,NO,null,null,null,null,null,null,NO,null,NO,NO,null,YES,null,Basic rate for contents coverage
openfema,odp,fima_nfip_policies,AdditionalContentsRate,48,null,YES,string,STRING,0,0,null,null,null,null,null,null,null,NO,null,null,null,null,null,null,NO,null,NO,NO,null,YES,null,Additional rate for contents coverage
openfema,odp,fima_nfip_policies,enclosureTypeCode,49,null,YES,string,STRING,0,0,null,null,null,null,null,null,null,NO,null,null,null,null,null,null,NO,null,NO,NO,null,YES,null,Code indicating the type of enclosure for the structure
openfema,odp,fima_nfip_policies,buildingDescriptionCode,50,null,YES,string,STRING,0,0,null,null,null,null,null,null,null,NO,null,null,null,null,null,null,NO,null,NO,NO,null,YES,null,Code describing the building characteristics
openfema,odp,fima_nfip_policies,insuranceToValueCode,51,null,YES,string,STRING,0,0,null,null,null,null,null,null,null,NO,null,null,null,null,null,null,NO,null,NO,NO,null,YES,null,Code representing insurance-to-value ratio
openfema,odp,fima_nfip_policies,postFirmVzoneIndicator,52,null,YES,string,STRING,0,0,null,null,null,null,null,null,null,NO,null,null,null,null,null,null,NO,null,NO,NO,null,YES,null,Indicator for post-FIRM V zone status
openfema,odp,fima_nfip_policies,floodproofedIndicator,53,null,YES,string,STRING,0,0,null,null,null,null,null,null,null,NO,null,null,null,null,null,null,NO,null,NO,NO,null,YES,null,Indicates if the structure is floodproofed
openfema,odp,fima_nfip_policies,waitingPeriodType,54,null,YES,string,STRING,0,0,null,null,null,null,null,null,null,NO,null,null,null,null,null,null,NO,null,NO,NO,null,YES,null,Type of waiting period for policy coverage
openfema,odp,fima_nfip_policies,rolloverTransferCode,55,null,YES,string,STRING,0,0,null,null,null,null,null,null,null,NO,null,null,null,null,null,null,NO,null,NO,NO,null,YES,null,Code for rollover or transfer of policy
openfema,odp,fima_nfip_policies,endorsementEffectiveDate,56,null,YES,string,STRING,0,0,null,null,null,null,null,null,null,NO,null,null,null,null,null,null,NO,null,NO,NO,null,YES,null,Effective date of policy endorsement
openfema,odp,fima_nfip_policies,propertyPurchaseDate,57,null,YES,string,STRING,0,0,null,null,null,null,null,null,null,NO,null,null,null,null,null,null,NO,null,NO,NO,null,YES,null,Date of property purchase
openfema,odp,fima_nfip_policies,rentalPropertyIndicator,58,null,YES,string,STRING,0,0,null,null,null,null,null,null,null,NO,null,null,null,null,null,null,NO,null,NO,NO,null,YES,null,Indicates if the property is a rental property
openfema,odp,fima_nfip_policies,tenantIndicator,59,null,YES,string,STRING,0,0,null,null,null,null,null,null,null,NO,null,null,null,null,null,null,NO,null,NO,NO,null,YES,null,Indicates if the property has tenants
openfema,odp,fima_nfip_policies,stateOwnedIndicator,60,null,YES,string,STRING,0,0,null,null,null,null,null,null,null,NO,null,null,null,null,null,null,NO,null,NO,NO,null,YES,null,Indicates if the property is state-owned
openfema,odp,fima_nfip_policies,disasterAssistanceCoverageRequiredCode,61,null,YES,string,STRING,0,0,null,null,null,null,null,null,null,NO,null,null,null,null,null,null,NO,null,NO,NO,null,YES,null,Code indicating if disaster assistance coverage is required
openfema,odp,fima_nfip_policies,mandatoryPurchaseFlag,62,null,YES,string,STRING,0,0,null,null,null,null,null,null,null,NO,null,null,null,null,null,null,NO,null,NO,NO,null,YES,null,Flag indicating if flood insurance purchase is mandatory
openfema,odp,fima_nfip_policies,grandfatheringTypeCode,63,null,YES,string,STRING,0,0,null,null,null,null,null,null,null,NO,null,null,null,null,null,null,NO,null,NO,NO,null,YES,null,Code representing the type of grandfathering for insurance rates
openfema,odp,fima_nfip_policies,nfipRatedCommunityNumber,64,null,YES,string,STRING,0,0,null,null,null,null,null,null,null,NO,null,null,null,null,null,null,NO,null,NO,NO,null,YES,null,Number assigned to the NFIP rated community
openfema,odp,fima_nfip_policies,nfipCommunityNumberCurrent,65,null,YES,string,STRING,0,0,null,null,null,null,null,null,null,NO,null,null,null,null,null,null,NO,null,NO,NO,null,YES,null,Current number assigned to the NFIP community
openfema,odp,fima_nfip_policies,nfipCommunityName,66,null,YES,string,STRING,0,0,null,null,null,null,null,null,null,NO,null,null,null,null,null,null,NO,null,NO,NO,null,YES,null,Name of the NFIP community
openfema,odp,fima_nfip_policies,programTypeIndicator,67,null,YES,string,STRING,0,0,null,null,null,null,null,null,null,NO,null,null,null,null,null,null,NO,null,NO,NO,null,YES,null,Indicator for the type of program
openfema,odp,fima_nfip_policies,mapPanelNumber,68,null,YES,string,STRING,0,0,null,null,null,null,null,null,null,NO,null,null,null,null,null,null,NO,null,NO,NO,null,YES,null,Number assigned to the map panel
openfema,odp,fima_nfip_policies,mapPanelSuffix,69,null,YES,string,STRING,0,0,null,null,null,null,null,null,null,NO,null,null,null,null,null,null,NO,null,NO,NO,null,YES,null,Suffix for the map panel number
openfema,odp,fima_nfip_policies,floodZoneCurrent,70,null,YES,string,STRING,0,0,null,null,null,null,null,null,null,NO,null,null,null,null,null,null,NO,null,NO,NO,null,YES,null,Current flood zone designation
openfema,odp,fima_nfip_policies,femaRegion,71,null,YES,string,STRING,0,0,null,null,null,null,null,null,null,NO,null,null,null,null,null,null,NO,null,NO,NO,null,YES,null,Region assigned by FEMA
openfema,odp,fima_nfip_policies,propertyState,72,null,YES,string,STRING,0,0,null,null,null,null,null,null,null,NO,null,null,null,null,null,null,NO,null,NO,NO,null,YES,null,State where the property is located
openfema,odp,fima_nfip_policies,reportedCity,73,null,YES,string,STRING,0,0,null,null,null,null,null,null,null,NO,null,null,null,null,null,null,NO,null,NO,NO,null,YES,null,City where the property is reported
openfema,odp,fima_nfip_policies,reportedZipCode,74,null,YES,string,STRING,0,0,null,null,null,null,null,null,null,NO,null,null,null,null,null,null,NO,null,NO,NO,null,YES,null,Zip code of the reported property
openfema,odp,fima_nfip_policies,countyCode,75,null,YES,string,STRING,0,0,null,null,null,null,null,null,null,NO,null,null,null,null,null,null,NO,null,NO,NO,null,YES,null,Code assigned to the county
openfema,odp,fima_nfip_policies,censusTract,76,null,YES,string,STRING,0,0,null,null,null,null,null,null,null,NO,null,null,null,null,null,null,NO,null,NO,NO,null,YES,null,Tract number from the census data
openfema,odp,fima_nfip_policies,censusBlockGroupFips,77,null,YES,string,STRING,0,0,null,null,null,null,null,null,null,NO,null,null,null,null,null,null,NO,null,NO,NO,null,YES,null,FIPS code for the census block group
openfema,odp,fima_nfip_policies,latitude,78,null,YES,string,STRING,0,0,null,null,null,null,null,null,null,NO,null,null,null,null,null,null,NO,null,NO,NO,null,YES,null,Latitude coordinate of the property
openfema,odp,fima_nfip_policies,longitude,79,null,YES,string,STRING,0,0,null,null,null,null,null,null,null,NO,null,null,null,null,null,null,NO,null,NO,NO,null,YES,null,Longitude coordinate of the property
openfema,odp,fima_nfip_policies,id,80,null,YES,string,STRING,0,0,null,null,null,null,null,null,null,NO,null,null,null,null,null,null,NO,null,NO,NO,null,YES,null,Unique identifier for each NFIP policy
openfema,odp,fima_nfip_policies,femadexLastRefresh,81,null,YES,timestamp,TIMESTAMP,null,null,null,null,null,3,null,null,null,NO,null,null,null,null,null,null,NO,null,NO,NO,null,YES,null,Date of the last data refresh in FEMA's National Flood Insurance Program database
openfema,odp,hazard_mitigation_assistance_mitigated_properties,projectIdentifier,0,null,YES,string,STRING,0,0,null,null,null,null,null,null,null,NO,null,null,null,null,null,null,NO,null,NO,NO,null,YES,null,Unique identifier for the mitigation project
openfema,odp,hazard_mitigation_assistance_mitigated_properties,programArea,1,null,YES,string,STRING,0,0,null,null,null,null,null,null,null,NO,null,null,null,null,null,null,NO,null,NO,NO,null,YES,null,Area of the hazard mitigation program
openfema,odp,hazard_mitigation_assistance_mitigated_properties,programFy,2,null,YES,bigint,LONG,null,null,null,null,null,null,null,null,null,NO,null,null,null,null,null,null,NO,null,NO,NO,null,YES,null,Fiscal year of the program
openfema,odp,hazard_mitigation_assistance_mitigated_properties,disasterNumber,3,null,YES,double,DOUBLE,null,null,null,2,null,null,null,null,null,NO,null,null,null,null,null,null,NO,null,NO,NO,null,YES,null,Number assigned to the disaster event
openfema,odp,hazard_mitigation_assistance_mitigated_properties,propertyPartOfProject,4,null,YES,boolean,BOOLEAN,null,null,null,null,null,null,null,null,null,NO,null,null,null,null,null,null,NO,null,NO,NO,null,YES,null,Indicates if the property is part of the mitigation project
openfema,odp,hazard_mitigation_assistance_mitigated_properties,propertyAction,5,null,YES,string,STRING,0,0,null,null,null,null,null,null,null,NO,null,null,null,null,null,null,NO,null,NO,NO,null,YES,null,Action taken on the property for mitigation purposes
openfema,odp,hazard_mitigation_assistance_mitigated_properties,structureType,6,null,YES,string,STRING,0,0,null,null,null,null,null,null,null,NO,null,null,null,null,null,null,NO,null,NO,NO,null,YES,null,Type of structure of the property
openfema,odp,hazard_mitigation_assistance_mitigated_properties,typeOfResidency,7,null,YES,string,STRING,0,0,null,null,null,null,null,null,null,NO,null,null,null,null,null,null,NO,null,NO,NO,null,YES,null,Residency status of the property owner
openfema,odp,hazard_mitigation_assistance_mitigated_properties,foundationType,8,null,YES,string,STRING,0,0,null,null,null,null,null,null,null,NO,null,null,null,null,null,null,NO,null,NO,NO,null,YES,null,Type of foundation of the property
openfema,odp,hazard_mitigation_assistance_mitigated_properties,county,9,null,YES,string,STRING,0,0,null,null,null,null,null,null,null,NO,null,null,null,null,null,null,NO,null,NO,NO,null,YES,null,County where the property is located
openfema,odp,hazard_mitigation_assistance_mitigated_properties,city,10,null,YES,string,STRING,0,0,null,null,null,null,null,null,null,NO,null,null,null,null,null,null,NO,null,NO,NO,null,YES,null,City where the property is located
openfema,odp,hazard_mitigation_assistance_mitigated_properties,state,11,null,YES,string,STRING,0,0,null,null,null,null,null,null,null,NO,null,null,null,null,null,null,NO,null,NO,NO,null,YES,null,State where the property is located
openfema,odp,hazard_mitigation_assistance_mitigated_properties,stateNumberCode,12,null,YES,string,STRING,0,0,null,null,null,null,null,null,null,NO,null,null,null,null,null,null,NO,null,NO,NO,null,YES,null,Code assigned to the state
openfema,odp,hazard_mitigation_assistance_mitigated_properties,region,13,null,YES,double,DOUBLE,null,null,null,2,null,null,null,null,null,NO,null,null,null,null,null,null,NO,null,NO,NO,null,YES,null,Region code where the property is located
openfema,odp,hazard_mitigation_assistance_mitigated_properties,zip,14,null,YES,string,STRING,0,0,null,null,null,null,null,null,null,NO,null,null,null,null,null,null,NO,null,NO,NO,null,YES,null,Zip code of the property location
openfema,odp,hazard_mitigation_assistance_mitigated_properties,damageCategory,15,null,YES,string,STRING,0,0,null,null,null,null,null,null,null,NO,null,null,null,null,null,null,NO,null,NO,NO,null,YES,null,Category of damage the property has experienced
openfema,odp,hazard_mitigation_assistance_mitigated_properties,actualAmountPaid,16,null,YES,double,DOUBLE,null,null,null,2,null,null,null,null,null,NO,null,null,null,null,null,null,NO,null,NO,NO,null,YES,null,Actual amount paid for mitigation assistance
openfema,odp,hazard_mitigation_assistance_mitigated_properties,numberOfProperties,17,null,YES,bigint,LONG,null,null,null,null,null,null,null,null,null,NO,null,null,null,null,null,null,NO,null,NO,NO,null,YES,null,Number of properties included in the mitigation project
openfema,odp,hazard_mitigation_assistance_mitigated_properties,id,18,null,YES,string,STRING,0,0,null,null,null,null,null,null,null,NO,null,null,null,null,null,null,NO,null,NO,NO,null,YES,null,Unique identifier for each record in the table
openfema,odp,hazard_mitigation_assistance_mitigated_properties,femadexLastRefresh,19,null,YES,timestamp,TIMESTAMP,null,null,null,null,null,3,null,null,null,NO,null,null,null,null,null,null,NO,null,NO,NO,null,YES,null,Timestamp of the last data refresh from FEMA's database
openfema,odp,hazard_mitigation_assistance_projects,projectIdentifier,0,null,YES,string,STRING,0,0,null,null,null,null,null,null,null,NO,null,null,null,null,null,null,NO,null,NO,NO,null,YES,null,Unique identifier for each project
openfema,odp,hazard_mitigation_assistance_projects,programArea,1,null,YES,string,STRING,0,0,null,null,null,null,null,null,null,NO,null,null,null,null,null,null,NO,null,NO,NO,null,YES,null,Area or category of the program the project falls under
openfema,odp,hazard_mitigation_assistance_projects,programFy,2,null,YES,bigint,LONG,null,null,null,null,null,null,null,null,null,NO,null,null,null,null,null,null,NO,null,NO,NO,null,YES,null,Fiscal year of the program funding
openfema,odp,hazard_mitigation_assistance_projects,region,3,null,YES,bigint,LONG,null,null,null,null,null,null,null,null,null,NO,null,null,null,null,null,null,NO,null,NO,NO,null,YES,null,Region where the project is located
openfema,odp,hazard_mitigation_assistance_projects,state,4,null,YES,string,STRING,0,0,null,null,null,null,null,null,null,NO,null,null,null,null,null,null,NO,null,NO,NO,null,YES,null,State where the project is located
openfema,odp,hazard_mitigation_assistance_projects,stateNumberCode,5,null,YES,string,STRING,0,0,null,null,null,null,null,null,null,NO,null,null,null,null,null,null,NO,null,NO,NO,null,YES,null,Code representing the state
openfema,odp,hazard_mitigation_assistance_projects,county,6,null,YES,string,STRING,0,0,null,null,null,null,null,null,null,NO,null,null,null,null,null,null,NO,null,NO,NO,null,YES,null,County where the project is located
openfema,odp,hazard_mitigation_assistance_projects,countyCode,7,null,YES,string,STRING,0,0,null,null,null,null,null,null,null,NO,null,null,null,null,null,null,NO,null,NO,NO,null,YES,null,Code representing the county
openfema,odp,hazard_mitigation_assistance_projects,disasterNumber,8,null,YES,double,DOUBLE,null,null,null,2,null,null,null,null,null,NO,null,null,null,null,null,null,NO,null,NO,NO,null,YES,null,Number assigned to the disaster related to the project
openfema,odp,hazard_mitigation_assistance_projects,projectCounties,9,null,YES,string,STRING,0,0,null,null,null,null,null,null,null,NO,null,null,null,null,null,null,NO,null,NO,NO,null,YES,null,Counties involved in the project
openfema,odp,hazard_mitigation_assistance_projects,projectType,10,null,YES,string,STRING,0,0,null,null,null,null,null,null,null,NO,null,null,null,null,null,null,NO,null,NO,NO,null,YES,null,Type or category of the project
openfema,odp,hazard_mitigation_assistance_projects,status,11,null,YES,string,STRING,0,0,null,null,null,null,null,null,null,NO,null,null,null,null,null,null,NO,null,NO,NO,null,YES,null,Current status of the project
openfema,odp,hazard_mitigation_assistance_projects,recipient,12,null,YES,string,STRING,0,0,null,null,null,null,null,null,null,NO,null,null,null,null,null,null,NO,null,NO,NO,null,YES,null,Entity receiving the funding for the project
openfema,odp,hazard_mitigation_assistance_projects,recipientTribalIndicator,13,null,YES,boolean,BOOLEAN,null,null,null,null,null,null,null,null,null,NO,null,null,null,null,null,null,NO,null,NO,NO,null,YES,null,Indicator if the recipient is a tribal entity
openfema,odp,hazard_mitigation_assistance_projects,subrecipient,14,null,YES,string,STRING,0,0,null,null,null,null,null,null,null,NO,null,null,null,null,null,null,NO,null,NO,NO,null,YES,null,Entity assisting in the implementation of the project
openfema,odp,hazard_mitigation_assistance_projects,subrecipientTribalIndicator,15,null,YES,boolean,BOOLEAN,null,null,null,null,null,null,null,null,null,NO,null,null,null,null,null,null,NO,null,NO,NO,null,YES,null,Indicator if the subrecipient is a tribal entity
openfema,odp,hazard_mitigation_assistance_projects,dataSource,16,null,YES,string,STRING,0,0,null,null,null,null,null,null,null,NO,null,null,null,null,null,null,NO,null,NO,NO,null,YES,null,Source of the data for the project
openfema,odp,hazard_mitigation_assistance_projects,dateApproved,17,null,YES,string,STRING,0,0,null,null,null,null,null,null,null,NO,null,null,null,null,null,null,NO,null,NO,NO,null,YES,null,Date when the project was approved
openfema,odp,hazard_mitigation_assistance_projects,dateClosed,18,null,YES,string,STRING,0,0,null,null,null,null,null,null,null,NO,null,null,null,null,null,null,NO,null,NO,NO,null,YES,null,Date when the project was closed or completed
openfema,odp,hazard_mitigation_assistance_projects,dateInitiallyApproved,19,null,YES,string,STRING,0,0,null,null,null,null,null,null,null,NO,null,null,null,null,null,null,NO,null,NO,NO,null,YES,null,Date when the project was initially approved
openfema,odp,hazard_mitigation_assistance_projects,projectAmount,20,null,YES,double,DOUBLE,null,null,null,2,null,null,null,null,null,NO,null,null,null,null,null,null,NO,null,NO,NO,null,YES,null,Total amount allocated for the project
openfema,odp,hazard_mitigation_assistance_projects,initialObligationDate,21,null,YES,string,STRING,0,0,null,null,null,null,null,null,null,NO,null,null,null,null,null,null,NO,null,NO,NO,null,YES,null,Date when the initial obligation for the project was made
openfema,odp,hazard_mitigation_assistance_projects,initialObligationAmount,22,null,YES,double,DOUBLE,null,null,null,2,null,null,null,null,null,NO,null,null,null,null,null,null,NO,null,NO,NO,null,YES,null,Amount initially obligated for the project
openfema,odp,hazard_mitigation_assistance_projects,federalShareObligated,23,null,YES,double,DOUBLE,null,null,null,2,null,null,null,null,null,NO,null,null,null,null,null,null,NO,null,NO,NO,null,YES,null,Federal share of the total amount obligated for the project
openfema,odp,hazard_mitigation_assistance_projects,subrecipientAdminCostAmt,24,null,YES,double,DOUBLE,null,null,null,2,null,null,null,null,null,NO,null,null,null,null,null,null,NO,null,NO,NO,null,YES,null,Amount allocated for administrative costs to the subrecipient
openfema,odp,hazard_mitigation_assistance_projects,srmcObligatedAmt,25,null,YES,double,DOUBLE,null,null,null,2,null,null,null,null,null,NO,null,null,null,null,null,null,NO,null,NO,NO,null,YES,null,Amount obligated for State and Regional Mitigation Planning
openfema,odp,hazard_mitigation_assistance_projects,recipientAdminCostAmt,26,null,YES,double,DOUBLE,null,null,null,2,null,null,null,null,null,NO,null,null,null,null,null,null,NO,null,NO,NO,null,YES,null,Amount allocated for administrative costs to the recipient
openfema,odp,hazard_mitigation_assistance_projects,costSharePercentage,27,null,YES,double,DOUBLE,null,null,null,2,null,null,null,null,null,NO,null,null,null,null,null,null,NO,null,NO,NO,null,YES,null,Percentage of the project cost shared by different entities
openfema,odp,hazard_mitigation_assistance_projects,benefitCostRatio,28,null,YES,double,DOUBLE,null,null,null,2,null,null,null,null,null,NO,null,null,null,null,null,null,NO,null,NO,NO,null,YES,null,Ratio of project benefits to costs
openfema,odp,hazard_mitigation_assistance_projects,netValueBenefits,29,null,YES,double,DOUBLE,null,null,null,2,null,null,null,null,null,NO,null,null,null,null,null,null,NO,null,NO,NO,null,YES,null,Net value of benefits generated by the project
openfema,odp,hazard_mitigation_assistance_projects,numberOfFinalProperties,30,null,YES,bigint,LONG,null,null,null,null,null,null,null,null,null,NO,null,null,null,null,null,null,NO,null,NO,NO,null,YES,null,Number of properties involved in the final project
openfema,odp,hazard_mitigation_assistance_projects,numberOfProperties,31,null,YES,bigint,LONG,null,null,null,null,null,null,null,null,null,NO,null,null,null,null,null,null,NO,null,NO,NO,null,YES,null,Total number of properties involved in the project
openfema,odp,hazard_mitigation_assistance_projects,id,32,null,YES,string,STRING,0,0,null,null,null,null,null,null,null,NO,null,null,null,null,null,null,NO,null,NO,NO,null,YES,null,Unique identifier for each record in the table
openfema,odp,hazard_mitigation_assistance_projects,femadexLastRefresh,33,null,YES,timestamp,TIMESTAMP,null,null,null,null,null,3,null,null,null,NO,null,null,null,null,null,null,NO,null,NO,NO,null,YES,null,Date of the last data refresh in FEMA's system
openfema,odp,hazard_mitigation_assistance_projects_by_nfip_crs_communities,projectIdentifier,0,null,YES,string,STRING,0,0,null,null,null,null,null,null,null,NO,null,null,null,null,null,null,NO,null,NO,NO,null,YES,null,null
openfema,odp,hazard_mitigation_assistance_projects_by_nfip_crs_communities,communityName,1,null,YES,string,STRING,0,0,null,null,null,null,null,null,null,NO,null,null,null,null,null,null,NO,null,NO,NO,null,YES,null,null
openfema,odp,hazard_mitigation_assistance_projects_by_nfip_crs_communities,communityNumber,2,null,YES,string,STRING,0,0,null,null,null,null,null,null,null,NO,null,null,null,null,null,null,NO,null,NO,NO,null,YES,null,null
openfema,odp,hazard_mitigation_assistance_projects_by_nfip_crs_communities,hash,3,null,YES,string,STRING,0,0,null,null,null,null,null,null,null,NO,null,null,null,null,null,null,NO,null,NO,NO,null,YES,null,null
openfema,odp,hazard_mitigation_assistance_projects_by_nfip_crs_communities,lastRefresh,4,null,YES,string,STRING,0,0,null,null,null,null,null,null,null,NO,null,null,null,null,null,null,NO,null,NO,NO,null,YES,null,null
openfema,odp,hazard_mitigation_assistance_projects_by_nfip_crs_communities,id,5,null,YES,string,STRING,0,0,null,null,null,null,null,null,null,NO,null,null,null,null,null,null,NO,null,NO,NO,null,YES,null,null
openfema,odp,hazard_mitigation_assistance_projects_by_nfip_crs_communities,femadexLastRefresh,6,null,YES,timestamp,TIMESTAMP,null,null,null,null,null,3,null,null,null,NO,null,null,null,null,null,null,NO,null,NO,NO,null,YES,null,null
openfema,odp,hazard_mitigation_assistance_projects_financial_transactions,projectIdentifier,0,null,YES,string,STRING,0,0,null,null,null,null,null,null,null,NO,null,null,null,null,null,null,NO,null,NO,NO,null,YES,null,null
openfema,odp,hazard_mitigation_assistance_projects_financial_transactions,transactionIdentifier,1,null,YES,bigint,LONG,null,null,null,null,null,null,null,null,null,NO,null,null,null,null,null,null,NO,null,NO,NO,null,YES,null,null
openfema,odp,hazard_mitigation_assistance_projects_financial_transactions,transactionDate,2,null,YES,string,STRING,0,0,null,null,null,null,null,null,null,NO,null,null,null,null,null,null,NO,null,NO,NO,null,YES,null,null
openfema,odp,hazard_mitigation_assistance_projects_financial_transactions,commitmentIdentifier,3,null,YES,string,STRING,0,0,null,null,null,null,null,null,null,NO,null,null,null,null,null,null,NO,null,NO,NO,null,YES,null,null
openfema,odp,hazard_mitigation_assistance_projects_financial_transactions,accsLine,4,null,YES,string,STRING,0,0,null,null,null,null,null,null,null,NO,null,null,null,null,null,null,NO,null,NO,NO,null,YES,null,null
openfema,odp,hazard_mitigation_assistance_projects_financial_transactions,fundCode,5,null,YES,string,STRING,0,0,null,null,null,null,null,null,null,NO,null,null,null,null,null,null,NO,null,NO,NO,null,YES,null,null
openfema,odp,hazard_mitigation_assistance_projects_financial_transactions,federalShareProjectCostAmt,6,null,YES,double,DOUBLE,null,null,null,2,null,null,null,null,null,NO,null,null,null,null,null,null,NO,null,NO,NO,null,YES,null,null
openfema,odp,hazard_mitigation_assistance_projects_financial_transactions,recipientAdminCostAmt,7,null,YES,double,DOUBLE,null,null,null,2,null,null,null,null,null,NO,null,null,null,null,null,null,NO,null,NO,NO,null,YES,null,null
openfema,odp,hazard_mitigation_assistance_projects_financial_transactions,subrecipientAdminCostAmt,8,null,YES,double,DOUBLE,null,null,null,2,null,null,null,null,null,NO,null,null,null,null,null,null,NO,null,NO,NO,null,YES,null,null
openfema,odp,hazard_mitigation_assistance_projects_financial_transactions,subrecipientMgmtCostAmt,9,null,YES,double,DOUBLE,null,null,null,2,null,null,null,null,null,NO,null,null,null,null,null,null,NO,null,NO,NO,null,YES,null,null
openfema,odp,hazard_mitigation_assistance_projects_financial_transactions,id,10,null,YES,string,STRING,0,0,null,null,null,null,null,null,null,NO,null,null,null,null,null,null,NO,null,NO,NO,null,YES,null,null
openfema,odp,hazard_mitigation_assistance_projects_financial_transactions,femadexLastRefresh,11,null,YES,timestamp,TIMESTAMP,null,null,null,null,null,3,null,null,null,NO,null,null,null,null,null,null,NO,null,NO,NO,null,YES,null,null
openfema,odp,hazard_mitigation_grant_program_disaster_summaries,disasterNumber,0,null,YES,bigint,LONG,null,null,null,null,null,null,null,null,null,NO,null,null,null,null,null,null,NO,null,NO,NO,null,YES,null,null
openfema,odp,hazard_mitigation_grant_program_disaster_summaries,declarationDate,1,null,YES,string,STRING,0,0,null,null,null,null,null,null,null,NO,null,null,null,null,null,null,NO,null,NO,NO,null,YES,null,null
openfema,odp,hazard_mitigation_grant_program_disaster_summaries,disasterType,2,null,YES,string,STRING,0,0,null,null,null,null,null,null,null,NO,null,null,null,null,null,null,NO,null,NO,NO,null,YES,null,null
openfema,odp,hazard_mitigation_grant_program_disaster_summaries,incidentType,3,null,YES,string,STRING,0,0,null,null,null,null,null,null,null,NO,null,null,null,null,null,null,NO,null,NO,NO,null,YES,null,null
openfema,odp,hazard_mitigation_grant_program_disaster_summaries,title,4,null,YES,string,STRING,0,0,null,null,null,null,null,null,null,NO,null,null,null,null,null,null,NO,null,NO,NO,null,YES,null,null
openfema,odp,hazard_mitigation_grant_program_disaster_summaries,region,5,null,YES,bigint,LONG,null,null,null,null,null,null,null,null,null,NO,null,null,null,null,null,null,NO,null,NO,NO,null,YES,null,null
openfema,odp,hazard_mitigation_grant_program_disaster_summaries,state,6,null,YES,string,STRING,0,0,null,null,null,null,null,null,null,NO,null,null,null,null,null,null,NO,null,NO,NO,null,YES,null,null
openfema,odp,hazard_mitigation_grant_program_disaster_summaries,disasterCloseoutStatus,7,null,YES,string,STRING,0,0,null,null,null,null,null,null,null,NO,null,null,null,null,null,null,NO,null,NO,NO,null,YES,null,null
openfema,odp,hazard_mitigation_grant_program_disaster_summaries,hmgpCloseoutStatus,8,null,YES,string,STRING,0,0,null,null,null,null,null,null,null,NO,null,null,null,null,null,null,NO,null,NO,NO,null,YES,null,null
openfema,odp,hazard_mitigation_grant_program_disaster_summaries,disasterCloseoutDate,9,null,YES,string,STRING,0,0,null,null,null,null,null,null,null,NO,null,null,null,null,null,null,NO,null,NO,NO,null,YES,null,null
openfema,odp,hazard_mitigation_grant_program_disaster_summaries,hmgpReconciliationDate,10,null,YES,string,STRING,0,0,null,null,null,null,null,null,null,NO,null,null,null,null,null,null,NO,null,NO,NO,null,YES,null,null
openfema,odp,hazard_mitigation_grant_program_disaster_summaries,disasterDueDateForNewApps,11,null,YES,string,STRING,0,0,null,null,null,null,null,null,null,NO,null,null,null,null,null,null,NO,null,NO,NO,null,YES,null,null
openfema,odp,hazard_mitigation_grant_program_disaster_summaries,disasterPopEndDate,12,null,YES,string,STRING,0,0,null,null,null,null,null,null,null,NO,null,null,null,null,null,null,NO,null,NO,NO,null,YES,null,null
openfema,odp,hazard_mitigation_grant_program_disaster_summaries,hmgpPopEndDate,13,null,YES,string,STRING,0,0,null,null,null,null,null,null,null,NO,null,null,null,null,null,null,NO,null,NO,NO,null,YES,null,null
openfema,odp,hazard_mitigation_grant_program_disaster_summaries,hmgpPopExtnDate,14,null,YES,string,STRING,0,0,null,null,null,null,null,null,null,NO,null,null,null,null,null,null,NO,null,NO,NO,null,YES,null,null
openfema,odp,hazard_mitigation_grant_program_disaster_summaries,hmgpPopExtnNum,15,null,YES,double,DOUBLE,null,null,null,2,null,null,null,null,null,NO,null,null,null,null,null,null,NO,null,NO,NO,null,YES,null,null
openfema,odp,hazard_mitigation_grant_program_disaster_summaries,liqPeriodDate,16,null,YES,string,STRING,0,0,null,null,null,null,null,null,null,NO,null,null,null,null,null,null,NO,null,NO,NO,null,YES,null,null
openfema,odp,hazard_mitigation_grant_program_disaster_summaries,liqPeriodMaxDate,17,null,YES,string,STRING,0,0,null,null,null,null,null,null,null,NO,null,null,null,null,null,null,NO,null,NO,NO,null,YES,null,null
openfema,odp,hazard_mitigation_grant_program_disaster_summaries,liqPeriodMaxPopNum,18,null,YES,double,DOUBLE,null,null,null,2,null,null,null,null,null,NO,null,null,null,null,null,null,NO,null,NO,NO,null,YES,null,null
openfema,odp,hazard_mitigation_grant_program_disaster_summaries,liqPeriodMaxExtDate,19,null,YES,string,STRING,0,0,null,null,null,null,null,null,null,NO,null,null,null,null,null,null,NO,null,NO,NO,null,YES,null,null
openfema,odp,hazard_mitigation_grant_program_disaster_summaries,liqPeriodMaxExtNum,20,null,YES,double,DOUBLE,null,null,null,2,null,null,null,null,null,NO,null,null,null,null,null,null,NO,null,NO,NO,null,YES,null,null
openfema,odp,hazard_mitigation_grant_program_disaster_summaries,lockedInCeilingAmount,21,null,YES,double,DOUBLE,null,null,null,2,null,null,null,null,null,NO,null,null,null,null,null,null,NO,null,NO,NO,null,YES,null,null
openfema,odp,hazard_mitigation_grant_program_disaster_summaries,mitigationDollarsAvailable,22,null,YES,double,DOUBLE,null,null,null,2,null,null,null,null,null,NO,null,null,null,null,null,null,NO,null,NO,NO,null,YES,null,null
openfema,odp,hazard_mitigation_grant_program_disaster_summaries,obligatedTotalAmount,23,null,YES,double,DOUBLE,null,null,null,2,null,null,null,null,null,NO,null,null,null,null,null,null,NO,null,NO,NO,null,YES,null,null
openfema,odp,hazard_mitigation_grant_program_disaster_summaries,obligatedInitiativeAmount,24,null,YES,double,DOUBLE,null,null,null,2,null,null,null,null,null,NO,null,null,null,null,null,null,NO,null,NO,NO,null,YES,null,null
openfema,odp,hazard_mitigation_grant_program_disaster_summaries,obligatedPlanningAmount,25,null,YES,double,DOUBLE,null,null,null,2,null,null,null,null,null,NO,null,null,null,null,null,null,NO,null,NO,NO,null,YES,null,null
openfema,odp,hazard_mitigation_grant_program_disaster_summaries,obligatedRegularAmount,26,null,YES,double,DOUBLE,null,null,null,2,null,null,null,null,null,NO,null,null,null,null,null,null,NO,null,NO,NO,null,YES,null,null
openfema,odp,hazard_mitigation_grant_program_disaster_summaries,obligatedRecipientAdmin,27,null,YES,double,DOUBLE,null,null,null,2,null,null,null,null,null,NO,null,null,null,null,null,null,NO,null,NO,NO,null,YES,null,null
openfema,odp,hazard_mitigation_grant_program_disaster_summaries,obligatedSubrecipientAdmin,28,null,YES,double,DOUBLE,null,null,null,2,null,null,null,null,null,NO,null,null,null,null,null,null,NO,null,NO,NO,null,YES,null,null
openfema,odp,hazard_mitigation_grant_program_disaster_summaries,obligatedRecipientMgmtAmt,29,null,YES,double,DOUBLE,null,null,null,2,null,null,null,null,null,NO,null,null,null,null,null,null,NO,null,NO,NO,null,YES,null,null
openfema,odp,hazard_mitigation_grant_program_disaster_summaries,obligatedSubrecipMgmtAmt,30,null,YES,double,DOUBLE,null,null,null,2,null,null,null,null,null,NO,null,null,null,null,null,null,NO,null,NO,NO,null,YES,null,null
openfema,odp,hazard_mitigation_grant_program_disaster_summaries,pendingProjectsQuantity,31,null,YES,double,DOUBLE,null,null,null,2,null,null,null,null,null,NO,null,null,null,null,null,null,NO,null,NO,NO,null,YES,null,null
openfema,odp,hazard_mitigation_grant_program_disaster_summaries,pendingFedShareProposedAmt,32,null,YES,double,DOUBLE,null,null,null,2,null,null,null,null,null,NO,null,null,null,null,null,null,NO,null,NO,NO,null,YES,null,null
openfema,odp,hazard_mitigation_grant_program_disaster_summaries,hash,33,null,YES,string,STRING,0,0,null,null,null,null,null,null,null,NO,null,null,null,null,null,null,NO,null,NO,NO,null,YES,null,null
openfema,odp,hazard_mitigation_grant_program_disaster_summaries,lastRefresh,34,null,YES,string,STRING,0,0,null,null,null,null,null,null,null,NO,null,null,null,null,null,null,NO,null,NO,NO,null,YES,null,null
openfema,odp,hazard_mitigation_grant_program_disaster_summaries,id,35,null,YES,string,STRING,0,0,null,null,null,null,null,null,null,NO,null,null,null,null,null,null,NO,null,NO,NO,null,YES,null,null
openfema,odp,hazard_mitigation_grant_program_disaster_summaries,femadexLastRefresh,36,null,YES,timestamp,TIMESTAMP,null,null,null,null,null,3,null,null,null,NO,null,null,null,null,null,null,NO,null,NO,NO,null,YES,null,null
openfema,odp,hazard_mitigation_plan_statuses,femaRegion,0,null,YES,bigint,LONG,null,null,null,null,null,null,null,null,null,NO,null,null,null,null,null,null,NO,null,NO,NO,null,YES,null,The FEMA region number where the jurisdiction is located
openfema,odp,hazard_mitigation_plan_statuses,stateAbbreviation,1,null,YES,string,STRING,0,0,null,null,null,null,null,null,null,NO,null,null,null,null,null,null,NO,null,NO,NO,null,YES,null,The abbreviation of the state where the jurisdiction is located
openfema,odp,hazard_mitigation_plan_statuses,state,2,null,YES,string,STRING,0,0,null,null,null,null,null,null,null,NO,null,null,null,null,null,null,NO,null,NO,NO,null,YES,null,The full name of the state where the jurisdiction is located
openfema,odp,hazard_mitigation_plan_statuses,countyName,3,null,YES,string,STRING,0,0,null,null,null,null,null,null,null,NO,null,null,null,null,null,null,NO,null,NO,NO,null,YES,null,The name of the county where the jurisdiction is located
openfema,odp,hazard_mitigation_plan_statuses,placeName,4,null,YES,string,STRING,0,0,null,null,null,null,null,null,null,NO,null,null,null,null,null,null,NO,null,NO,NO,null,YES,null,The name of the place where the jurisdiction is located
openfema,odp,hazard_mitigation_plan_statuses,jurisdictionType,5,null,YES,string,STRING,0,0,null,null,null,null,null,null,null,NO,null,null,null,null,null,null,NO,null,NO,NO,null,YES,null,"The type of jurisdiction (e.g., city, town, village)"
openfema,odp,hazard_mitigation_plan_statuses,planTitle,6,null,YES,string,STRING,0,0,null,null,null,null,null,null,null,NO,null,null,null,null,null,null,NO,null,NO,NO,null,YES,null,The title of the hazard mitigation plan
openfema,odp,hazard_mitigation_plan_statuses,planType,7,null,YES,string,STRING,0,0,null,null,null,null,null,null,null,NO,null,null,null,null,null,null,NO,null,NO,NO,null,YES,null,"The type of hazard mitigation plan (e.g., local, regional)"
openfema,odp,hazard_mitigation_plan_statuses,apaDate,8,null,YES,string,STRING,0,0,null,null,null,null,null,null,null,NO,null,null,null,null,null,null,NO,null,NO,NO,null,YES,null,The date of the plan's approval by the appropriate authority
openfema,odp,hazard_mitigation_plan_statuses,planApprovalDate,9,null,YES,string,STRING,0,0,null,null,null,null,null,null,null,NO,null,null,null,null,null,null,NO,null,NO,NO,null,YES,null,The date when the hazard mitigation plan was approved
openfema,odp,hazard_mitigation_plan_statuses,planExpirationDate,10,null,YES,string,STRING,0,0,null,null,null,null,null,null,null,NO,null,null,null,null,null,null,NO,null,NO,NO,null,YES,null,The date when the hazard mitigation plan expires
openfema,odp,hazard_mitigation_plan_statuses,planStatus,11,null,YES,string,STRING,0,0,null,null,null,null,null,null,null,NO,null,null,null,null,null,null,NO,null,NO,NO,null,YES,null,The current status of the hazard mitigation plan
openfema,odp,hazard_mitigation_plan_statuses,jurisdictionStatus,12,null,YES,string,STRING,0,0,null,null,null,null,null,null,null,NO,null,null,null,null,null,null,NO,null,NO,NO,null,YES,null,The status of the jurisdiction in relation to the hazard mitigation plan
openfema,odp,hazard_mitigation_plan_statuses,adoptionDate,13,null,YES,string,STRING,0,0,null,null,null,null,null,null,null,NO,null,null,null,null,null,null,NO,null,NO,NO,null,YES,null,The date when the plan was adopted by the jurisdiction
openfema,odp,hazard_mitigation_plan_statuses,jurisdictionApprovalDate,14,null,YES,string,STRING,0,0,null,null,null,null,null,null,null,NO,null,null,null,null,null,null,NO,null,NO,NO,null,YES,null,The date when the jurisdiction approved the hazard mitigation plan
openfema,odp,hazard_mitigation_plan_statuses,planId,15,null,YES,bigint,LONG,null,null,null,null,null,null,null,null,null,NO,null,null,null,null,null,null,NO,null,NO,NO,null,YES,null,The unique identifier for the hazard mitigation plan
openfema,odp,hazard_mitigation_plan_statuses,population,16,null,YES,double,DOUBLE,null,null,null,2,null,null,null,null,null,NO,null,null,null,null,null,null,NO,null,NO,NO,null,YES,null,The population covered by the hazard mitigation plan
openfema,odp,hazard_mitigation_plan_statuses,mppGeoid,17,null,YES,string,STRING,0,0,null,null,null,null,null,null,null,NO,null,null,null,null,null,null,NO,null,NO,NO,null,YES,null,The unique identifier for communities and jurisdictions
openfema,odp,hazard_mitigation_plan_statuses,censusSource,18,null,YES,string,STRING,0,0,null,null,null,null,null,null,null,NO,null,null,null,null,null,null,NO,null,NO,NO,null,YES,null,"The source of population data (e.g., U.S. Census Bureau)"
openfema,odp,hazard_mitigation_plan_statuses,communityIdNumber,19,null,YES,string,STRING,0,0,null,null,null,null,null,null,null,NO,null,null,null,null,null,null,NO,null,NO,NO,null,YES,null,The unique identifier for the community
openfema,odp,hazard_mitigation_plan_statuses,popCoverage,20,null,YES,double,DOUBLE,null,null,null,2,null,null,null,null,null,NO,null,null,null,null,null,null,NO,null,NO,NO,null,YES,null,The population coverage by the hazard mitigation plan
openfema,odp,hazard_mitigation_plan_statuses,id,21,null,YES,string,STRING,0,0,null,null,null,null,null,null,null,NO,null,null,null,null,null,null,NO,null,NO,NO,null,YES,null,The unique identifier for the hazard mitigation plan
openfema,odp,hazard_mitigation_plan_statuses,femadexLastRefresh,22,null,YES,timestamp,TIMESTAMP,null,null,null,null,null,3,null,null,null,NO,null,null,null,null,null,null,NO,null,NO,NO,null,YES,null,The date of the last refresh in the FEMADEX system
openfema,odp,hma_subapplications,subapplicationIdentifier,0,null,YES,string,STRING,0,0,null,null,null,null,null,null,null,NO,null,null,null,null,null,null,NO,null,NO,NO,null,YES,null,Unique identifier for each subapplication
openfema,odp,hma_subapplications,program,1,null,YES,string,STRING,0,0,null,null,null,null,null,null,null,NO,null,null,null,null,null,null,NO,null,NO,NO,null,YES,null,Type of Hazard Mitigation Assistance program
openfema,odp,hma_subapplications,fiscalYear,2,null,YES,bigint,LONG,null,null,null,null,null,null,null,null,null,NO,null,null,null,null,null,null,NO,null,NO,NO,null,YES,null,Fiscal year in which the application was submitted
openfema,odp,hma_subapplications,region,3,null,YES,bigint,LONG,null,null,null,null,null,null,null,null,null,NO,null,null,null,null,null,null,NO,null,NO,NO,null,YES,null,Region where the subapplication is located
openfema,odp,hma_subapplications,applicantUei,4,null,YES,string,STRING,0,0,null,null,null,null,null,null,null,NO,null,null,null,null,null,null,NO,null,NO,NO,null,YES,null,Unique identifier for the applicant
openfema,odp,hma_subapplications,applicantName,5,null,YES,string,STRING,0,0,null,null,null,null,null,null,null,NO,null,null,null,null,null,null,NO,null,NO,NO,null,YES,null,Name of the applicant
openfema,odp,hma_subapplications,subapplicantUei,6,null,YES,string,STRING,0,0,null,null,null,null,null,null,null,NO,null,null,null,null,null,null,NO,null,NO,NO,null,YES,null,Unique identifier for the subapplicant
openfema,odp,hma_subapplications,subapplicantName,7,null,YES,string,STRING,0,0,null,null,null,null,null,null,null,NO,null,null,null,null,null,null,NO,null,NO,NO,null,YES,null,Name of the subapplicant
openfema,odp,hma_subapplications,subapplicantCity,8,null,YES,string,STRING,0,0,null,null,null,null,null,null,null,NO,null,null,null,null,null,null,NO,null,NO,NO,null,YES,null,City where the subapplicant is located
openfema,odp,hma_subapplications,subapplicantState,9,null,YES,string,STRING,0,0,null,null,null,null,null,null,null,NO,null,null,null,null,null,null,NO,null,NO,NO,null,YES,null,State where the subapplicant is located
openfema,odp,hma_subapplications,subapplicantStateAbbreviation,10,null,YES,string,STRING,0,0,null,null,null,null,null,null,null,NO,null,null,null,null,null,null,NO,null,NO,NO,null,YES,null,Abbreviation of the state where the subapplicant is located
openfema,odp,hma_subapplications,subapplicantZipCode,11,null,YES,string,STRING,0,0,null,null,null,null,null,null,null,NO,null,null,null,null,null,null,NO,null,NO,NO,null,YES,null,Zip code of the subapplicant's location
openfema,odp,hma_subapplications,subapplicantZip4,12,null,YES,string,STRING,0,0,null,null,null,null,null,null,null,NO,null,null,null,null,null,null,NO,null,NO,NO,null,YES,null,Additional zip code information for the subapplicant
openfema,odp,hma_subapplications,subjectEO12372,13,null,YES,string,STRING,0,0,null,null,null,null,null,null,null,NO,null,null,null,null,null,null,NO,null,NO,NO,null,YES,null,Indication if subject to EO12372 review
openfema,odp,hma_subapplications,eo12372ReviewDate,14,null,YES,string,STRING,0,0,null,null,null,null,null,null,null,NO,null,null,null,null,null,null,NO,null,NO,NO,null,YES,null,Date of EO12372 review
openfema,odp,hma_subapplications,subapplicantFederalDebt,15,null,YES,boolean,BOOLEAN,null,null,null,null,null,null,null,null,null,NO,null,null,null,null,null,null,NO,null,NO,NO,null,YES,null,Indicator if subapplicant has federal debt
openfema,odp,hma_subapplications,dateInitiatedInSystem,16,null,YES,string,STRING,0,0,null,null,null,null,null,null,null,NO,null,null,null,null,null,null,NO,null,NO,NO,null,YES,null,Date when the subapplication was initiated in the system
openfema,odp,hma_subapplications,dateSubmittedToApplicant,17,null,YES,string,STRING,0,0,null,null,null,null,null,null,null,NO,null,null,null,null,null,null,NO,null,NO,NO,null,YES,null,Date when the subapplication was submitted to the applicant
openfema,odp,hma_subapplications,dateSubmittedToFema,18,null,YES,string,STRING,0,0,null,null,null,null,null,null,null,NO,null,null,null,null,null,null,NO,null,NO,NO,null,YES,null,Date when the subapplication was submitted to FEMA
openfema,odp,hma_subapplications,subapplicationTitle,19,null,YES,string,STRING,0,0,null,null,null,null,null,null,null,NO,null,null,null,null,null,null,NO,null,NO,NO,null,YES,null,Title of the subapplication
openfema,odp,hma_subapplications,proposedProjectStartDate,20,null,YES,string,STRING,0,0,null,null,null,null,null,null,null,NO,null,null,null,null,null,null,NO,null,NO,NO,null,YES,null,Proposed start date for the project
openfema,odp,hma_subapplications,proposedProjectEndDate,21,null,YES,string,STRING,0,0,null,null,null,null,null,null,null,NO,null,null,null,null,null,null,NO,null,NO,NO,null,YES,null,Proposed end date for the project
openfema,odp,hma_subapplications,estimatedTotalDuration,22,null,YES,bigint,LONG,null,null,null,null,null,null,null,null,null,NO,null,null,null,null,null,null,NO,null,NO,NO,null,YES,null,Estimated total duration of the project
openfema,odp,hma_subapplications,fundingCategory,23,null,YES,string,STRING,0,0,null,null,null,null,null,null,null,NO,null,null,null,null,null,null,NO,null,NO,NO,null,YES,null,Category of funding for the project
openfema,odp,hma_subapplications,subapplicantType,24,null,YES,string,STRING,0,0,null,null,null,null,null,null,null,NO,null,null,null,null,null,null,NO,null,NO,NO,null,YES,null,Type of the subapplicant
openfema,odp,hma_subapplications,status,25,null,YES,string,STRING,0,0,null,null,null,null,null,null,null,NO,null,null,null,null,null,null,NO,null,NO,NO,null,YES,null,Current status of the subapplication
openfema,odp,hma_subapplications,subapplicationType,26,null,YES,string,STRING,0,0,null,null,null,null,null,null,null,NO,null,null,null,null,null,null,NO,null,NO,NO,null,YES,null,Type of the subapplication
openfema,odp,hma_subapplications,benefitingCounties,27,null,YES,string,STRING,0,0,null,null,null,null,null,null,null,NO,null,null,null,null,null,null,NO,null,NO,NO,null,YES,null,Counties benefiting from the project
openfema,odp,hma_subapplications,primaryActivity,28,null,YES,string,STRING,0,0,null,null,null,null,null,null,null,NO,null,null,null,null,null,null,NO,null,NO,NO,null,YES,null,Primary activity of the project
openfema,odp,hma_subapplications,primarySubactivity,29,null,YES,string,STRING,0,0,null,null,null,null,null,null,null,NO,null,null,null,null,null,null,NO,null,NO,NO,null,YES,null,Primary subactivity of the project
openfema,odp,hma_subapplications,secondaryActivity,30,null,YES,string,STRING,0,0,null,null,null,null,null,null,null,NO,null,null,null,null,null,null,NO,null,NO,NO,null,YES,null,Secondary activity of the project
openfema,odp,hma_subapplications,secondarySubactivity,31,null,YES,string,STRING,0,0,null,null,null,null,null,null,null,NO,null,null,null,null,null,null,NO,null,NO,NO,null,YES,null,Secondary subactivity of the project
openfema,odp,hma_subapplications,tertiaryActivity,32,null,YES,string,STRING,0,0,null,null,null,null,null,null,null,NO,null,null,null,null,null,null,NO,null,NO,NO,null,YES,null,Tertiary activity of the project
openfema,odp,hma_subapplications,tertiarySubactivity,33,null,YES,string,STRING,0,0,null,null,null,null,null,null,null,NO,null,null,null,null,null,null,NO,null,NO,NO,null,YES,null,Tertiary subactivity of the project
openfema,odp,hma_subapplications,primaryCommunityLifeline,34,null,YES,string,STRING,0,0,null,null,null,null,null,null,null,NO,null,null,null,null,null,null,NO,null,NO,NO,null,YES,null,Primary community lifeline supported by the project
openfema,odp,hma_subapplications,primaryCommunityLifelineComponent,35,null,YES,string,STRING,0,0,null,null,null,null,null,null,null,NO,null,null,null,null,null,null,NO,null,NO,NO,null,YES,null,Primary component of the supported community lifeline
openfema,odp,hma_subapplications,secondaryCommunityLifeline,36,null,YES,string,STRING,0,0,null,null,null,null,null,null,null,NO,null,null,null,null,null,null,NO,null,NO,NO,null,YES,null,Secondary community lifeline supported by the project
openfema,odp,hma_subapplications,secondaryCommunityLifelineComponent,37,null,YES,string,STRING,0,0,null,null,null,null,null,null,null,NO,null,null,null,null,null,null,NO,null,NO,NO,null,YES,null,Secondary component of the supported community lifeline
openfema,odp,hma_subapplications,tertiaryCommunityLifeline,38,null,YES,string,STRING,0,0,null,null,null,null,null,null,null,NO,null,null,null,null,null,null,NO,null,NO,NO,null,YES,null,Tertiary community lifeline supported by the project
openfema,odp,hma_subapplications,tertiaryCommunityLifelineComponent,39,null,YES,string,STRING,0,0,null,null,null,null,null,null,null,NO,null,null,null,null,null,null,NO,null,NO,NO,null,YES,null,Tertiary component of the supported community lifeline
openfema,odp,hma_subapplications,primaryHazard,40,null,YES,string,STRING,0,0,null,null,null,null,null,null,null,NO,null,null,null,null,null,null,NO,null,NO,NO,null,YES,null,Primary hazard identified in the subapplication
openfema,odp,hma_subapplications,secondaryHazard,41,null,YES,string,STRING,0,0,null,null,null,null,null,null,null,NO,null,null,null,null,null,null,NO,null,NO,NO,null,YES,null,Secondary hazard identified in the subapplication
openfema,odp,hma_subapplications,tertiaryHazard,42,null,YES,string,STRING,0,0,null,null,null,null,null,null,null,NO,null,null,null,null,null,null,NO,null,NO,NO,null,YES,null,Tertiary hazard identified in the subapplication
openfema,odp,hma_subapplications,natureBasedSolution,43,null,YES,string,STRING,0,0,null,null,null,null,null,null,null,NO,null,null,null,null,null,null,NO,null,NO,NO,null,YES,null,Indication if a nature-based solution is proposed
openfema,odp,hma_subapplications,smallImpoverished,44,null,YES,boolean,BOOLEAN,null,null,null,null,null,null,null,null,null,NO,null,null,null,null,null,null,NO,null,NO,NO,null,YES,null,Indicator if the project benefits a small or impoverished community
openfema,odp,hma_subapplications,populationAffected,45,null,YES,double,DOUBLE,null,null,null,2,null,null,null,null,null,NO,null,null,null,null,null,null,NO,null,NO,NO,null,YES,null,Number of population affected by the project
openfema,odp,hma_subapplications,phasedProject,46,null,YES,boolean,BOOLEAN,null,null,null,null,null,null,null,null,null,NO,null,null,null,null,null,null,NO,null,NO,NO,null,YES,null,Indicator if the project is implemented in phases
openfema,odp,hma_subapplications,construction,47,null,YES,boolean,BOOLEAN,null,null,null,null,null,null,null,null,null,NO,null,null,null,null,null,null,NO,null,NO,NO,null,YES,null,Indicator if construction is involved in the project
openfema,odp,hma_subapplications,priorSubapplication,48,null,YES,boolean,BOOLEAN,null,null,null,null,null,null,null,null,null,NO,null,null,null,null,null,null,NO,null,NO,NO,null,YES,null,Indicator if this is a prior subapplication for the same project
openfema,odp,hma_subapplications,communityRatingSystem,49,null,YES,boolean,BOOLEAN,null,null,null,null,null,null,null,null,null,NO,null,null,null,null,null,null,NO,null,NO,NO,null,YES,null,Involvement in the Community Rating System for floodplain management
openfema,odp,hma_subapplications,crsRating,50,null,YES,double,DOUBLE,null,null,null,2,null,null,null,null,null,NO,null,null,null,null,null,null,NO,null,NO,NO,null,YES,null,Community Rating System rating for floodplain management
openfema,odp,hma_subapplications,cooperatingTechnicalPartner,51,null,YES,boolean,BOOLEAN,null,null,null,null,null,null,null,null,null,NO,null,null,null,null,null,null,NO,null,NO,NO,null,YES,null,Indication of a cooperating technical partner in the project
openfema,odp,hma_subapplications,adoptedIcc,52,null,YES,boolean,BOOLEAN,null,null,null,null,null,null,null,null,null,NO,null,null,null,null,null,null,NO,null,NO,NO,null,YES,null,Indicator if the International Code Council (ICC) codes are adopted
openfema,odp,hma_subapplications,yearBuildingCode,53,null,YES,double,DOUBLE,null,null,null,2,null,null,null,null,null,NO,null,null,null,null,null,null,NO,null,NO,NO,null,YES,null,Year of the building code used for the project
openfema,odp,hma_subapplications,buildingCodesOnBcegs,54,null,YES,boolean,BOOLEAN,null,null,null,null,null,null,null,null,null,NO,null,null,null,null,null,null,NO,null,NO,NO,null,YES,null,Building codes on the Building Code Effectiveness Grading Schedule (BCEGS)
openfema,odp,hma_subapplications,bcegsRating,55,null,YES,double,DOUBLE,null,null,null,2,null,null,null,null,null,NO,null,null,null,null,null,null,NO,null,NO,NO,null,YES,null,BCEGS rating for the building codes used
openfema,odp,hma_subapplications,mitigationPlanCovered,56,null,YES,boolean,BOOLEAN,null,null,null,null,null,null,null,null,null,NO,null,null,null,null,null,null,NO,null,NO,NO,null,YES,null,Indicator if the mitigation plan covers the project
openfema,odp,hma_subapplications,mitigationPlanType,57,null,YES,string,STRING,0,0,null,null,null,null,null,null,null,NO,null,null,null,null,null,null,NO,null,NO,NO,null,YES,null,Type of mitigation plan for the project
openfema,odp,hma_subapplications,mitigationPlanSubtype,58,null,YES,string,STRING,0,0,null,null,null,null,null,null,null,NO,null,null,null,null,null,null,NO,null,NO,NO,null,YES,null,Subtype of mitigation plan for the project
openfema,odp,hma_subapplications,dateMitigationPlanApproved,59,null,YES,string,STRING,0,0,null,null,null,null,null,null,null,NO,null,null,null,null,null,null,NO,null,NO,NO,null,YES,null,Date when the mitigation plan was approved
openfema,odp,hma_subapplications,costEffectivenessMethod,60,null,YES,string,STRING,0,0,null,null,null,null,null,null,null,NO,null,null,null,null,null,null,NO,null,NO,NO,null,YES,null,Method used to assess cost-effectiveness of the project
openfema,odp,hma_subapplications,preCalculatedBenefit,61,null,YES,string,STRING,0,0,null,null,null,null,null,null,null,NO,null,null,null,null,null,null,NO,null,NO,NO,null,YES,null,Indication if benefit was pre-calculated before project implementation
openfema,odp,hma_subapplications,environmentalBenefit,62,null,YES,boolean,BOOLEAN,null,null,null,null,null,null,null,null,null,NO,null,null,null,null,null,null,NO,null,NO,NO,null,YES,null,Assessment of the environmental benefits of the project
openfema,odp,hma_subapplications,seaLevelRise,63,null,YES,boolean,BOOLEAN,null,null,null,null,null,null,null,null,null,NO,null,null,null,null,null,null,NO,null,NO,NO,null,YES,null,Consideration of sea level rise impact in the project
openfema,odp,hma_subapplications,socialBenefit,64,null,YES,boolean,BOOLEAN,null,null,null,null,null,null,null,null,null,NO,null,null,null,null,null,null,NO,null,NO,NO,null,YES,null,Evaluation of the social benefits derived from the project
openfema,odp,hma_subapplications,mitigatingProjectSiteInventory,65,null,YES,boolean,BOOLEAN,null,null,null,null,null,null,null,null,null,NO,null,null,null,null,null,null,NO,null,NO,NO,null,YES,null,Inventory of sites where mitigation projects are implemented
openfema,odp,hma_subapplications,projectSiteInventoryLocationKnown,66,null,YES,boolean,BOOLEAN,null,null,null,null,null,null,null,null,null,NO,null,null,null,null,null,null,NO,null,NO,NO,null,YES,null,Indication if the location of project sites is known
openfema,odp,hma_subapplications,numberBuildingLocations,67,null,YES,double,DOUBLE,null,null,null,2,null,null,null,null,null,NO,null,null,null,null,null,null,NO,null,NO,NO,null,YES,null,Total number of building locations involved in the project
openfema,odp,hma_subapplications,numberInfrastructureLocations,68,null,YES,double,DOUBLE,null,null,null,2,null,null,null,null,null,NO,null,null,null,null,null,null,NO,null,NO,NO,null,YES,null,Total number of infrastructure locations involved in the project
openfema,odp,hma_subapplications,numberVacantLandLocations,69,null,YES,double,DOUBLE,null,null,null,2,null,null,null,null,null,NO,null,null,null,null,null,null,NO,null,NO,NO,null,YES,null,Total number of vacant land locations involved in the project
openfema,odp,hma_subapplications,federalShareAmount,70,null,YES,double,DOUBLE,null,null,null,2,null,null,null,null,null,NO,null,null,null,null,null,null,NO,null,NO,NO,null,YES,null,Amount of funding provided by the federal government
openfema,odp,hma_subapplications,nonFederalShareAmount,71,null,YES,double,DOUBLE,null,null,null,2,null,null,null,null,null,NO,null,null,null,null,null,null,NO,null,NO,NO,null,YES,null,Amount of funding provided by non-federal sources
openfema,odp,hma_subapplications,mgmtFederalShareAmount,72,null,YES,double,DOUBLE,null,null,null,2,null,null,null,null,null,NO,null,null,null,null,null,null,NO,null,NO,NO,null,YES,null,Federal share amount allocated for project management
openfema,odp,hma_subapplications,mgmtNonFederalShareAmount,73,null,YES,double,DOUBLE,null,null,null,2,null,null,null,null,null,NO,null,null,null,null,null,null,NO,null,NO,NO,null,YES,null,Non-federal share amount allocated for project management
openfema,odp,hma_subapplications,totalSubapplicationAmount,74,null,YES,double,DOUBLE,null,null,null,2,null,null,null,null,null,NO,null,null,null,null,null,null,NO,null,NO,NO,null,YES,null,Total amount requested in the subapplication
openfema,odp,hma_subapplications,totalObligatedAmount,75,null,YES,double,DOUBLE,null,null,null,2,null,null,null,null,null,NO,null,null,null,null,null,null,NO,null,NO,NO,null,YES,null,Total amount obligated for the project
openfema,odp,hma_subapplications,totalPaymentAmount,76,null,YES,double,DOUBLE,null,null,null,2,null,null,null,null,null,NO,null,null,null,null,null,null,NO,null,NO,NO,null,YES,null,Total amount paid for the project
openfema,odp,hma_subapplications,federalSharePercentage,77,null,YES,double,DOUBLE,null,null,null,2,null,null,null,null,null,NO,null,null,null,null,null,null,NO,null,NO,NO,null,YES,null,Percentage of project funding provided by the federal government
openfema,odp,hma_subapplications,nonFederalSharePercentage,78,null,YES,double,DOUBLE,null,null,null,2,null,null,null,null,null,NO,null,null,null,null,null,null,NO,null,NO,NO,null,YES,null,Percentage of project funding provided by non-federal sources
openfema,odp,hma_subapplications,benefitCostRatio,79,null,YES,double,DOUBLE,null,null,null,2,null,null,null,null,null,NO,null,null,null,null,null,null,NO,null,NO,NO,null,YES,null,Ratio of project benefits to costs
openfema,odp,hma_subapplications,bcaTotalBenefits,80,null,YES,double,DOUBLE,null,null,null,2,null,null,null,null,null,NO,null,null,null,null,null,null,NO,null,NO,NO,null,YES,null,Total benefits calculated in the Benefit-Cost Analysis
openfema,odp,hma_subapplications,bcaTotalCosts,81,null,YES,double,DOUBLE,null,null,null,2,null,null,null,null,null,NO,null,null,null,null,null,null,NO,null,NO,NO,null,YES,null,Total costs calculated in the Benefit-Cost Analysis
openfema,odp,hma_subapplications,disasterNumber,82,null,YES,string,STRING,0,0,null,null,null,null,null,null,null,NO,null,null,null,null,null,null,NO,null,NO,NO,null,YES,null,Unique identifier for the disaster event
openfema,odp,hma_subapplications,selectionStatus,83,null,YES,string,STRING,0,0,null,null,null,null,null,null,null,NO,null,null,null,null,null,null,NO,null,NO,NO,null,YES,null,Status of selection process for funding
openfema,odp,hma_subapplications,selectionFundingCategory,84,null,YES,string,STRING,0,0,null,null,null,null,null,null,null,NO,null,null,null,null,null,null,NO,null,NO,NO,null,YES,null,Category of funding selected
openfema,odp,hma_subapplications,selectionProgramActivity,85,null,YES,string,STRING,0,0,null,null,null,null,null,null,null,NO,null,null,null,null,null,null,NO,null,NO,NO,null,YES,null,Activity within the selected program
openfema,odp,hma_subapplications,selectionFederalShareAmount,86,null,YES,double,DOUBLE,null,null,null,2,null,null,null,null,null,NO,null,null,null,null,null,null,NO,null,NO,NO,null,YES,null,Amount of federal share in the selected funding
openfema,odp,hma_subapplications,selectionFundCode,87,null,YES,string,STRING,0,0,null,null,null,null,null,null,null,NO,null,null,null,null,null,null,NO,null,NO,NO,null,YES,null,Code for the selected fund
openfema,odp,hma_subapplications,id,88,null,YES,string,STRING,0,0,null,null,null,null,null,null,null,NO,null,null,null,null,null,null,NO,null,NO,NO,null,YES,null,Unique identifier for each record
openfema,odp,hma_subapplications,femadexLastRefresh,89,null,YES,timestamp,TIMESTAMP,null,null,null,null,null,3,null,null,null,NO,null,null,null,null,null,null,NO,null,NO,NO,null,YES,null,Date of last refresh in FEMA's data exchange system
openfema,odp,hma_subapplications_by_nfip_crs_communities,subapplicationIdentifier,0,null,YES,string,STRING,0,0,null,null,null,null,null,null,null,NO,null,null,null,null,null,null,NO,null,NO,NO,null,YES,null,Unique identifier for each subapplication
openfema,odp,hma_subapplications_by_nfip_crs_communities,communityName,1,null,YES,string,STRING,0,0,null,null,null,null,null,null,null,NO,null,null,null,null,null,null,NO,null,NO,NO,null,YES,null,Name of the community participating in NFIP CRS
openfema,odp,hma_subapplications_by_nfip_crs_communities,county,2,null,YES,string,STRING,0,0,null,null,null,null,null,null,null,NO,null,null,null,null,null,null,NO,null,NO,NO,null,YES,null,Name of the county where the community is located
openfema,odp,hma_subapplications_by_nfip_crs_communities,stateAbbreviation,3,null,YES,string,STRING,0,0,null,null,null,null,null,null,null,NO,null,null,null,null,null,null,NO,null,NO,NO,null,YES,null,Abbreviation of the state where the community is located
openfema,odp,hma_subapplications_by_nfip_crs_communities,communityNumber,4,null,YES,string,STRING,0,0,null,null,null,null,null,null,null,NO,null,null,null,null,null,null,NO,null,NO,NO,null,YES,null,Number assigned to the community within NFIP CRS
openfema,odp,hma_subapplications_by_nfip_crs_communities,countyCode,5,null,YES,string,STRING,0,0,null,null,null,null,null,null,null,NO,null,null,null,null,null,null,NO,null,NO,NO,null,YES,null,Code assigned to the county where the community is located
openfema,odp,hma_subapplications_by_nfip_crs_communities,stateNumberCode,6,null,YES,string,STRING,0,0,null,null,null,null,null,null,null,NO,null,null,null,null,null,null,NO,null,NO,NO,null,YES,null,Code assigned to the state where the community is located
openfema,odp,hma_subapplications_by_nfip_crs_communities,isCrsCommunity,7,null,YES,boolean,BOOLEAN,null,null,null,null,null,null,null,null,null,NO,null,null,null,null,null,null,NO,null,NO,NO,null,YES,null,Indicator if the community is participating in CRS
openfema,odp,hma_subapplications_by_nfip_crs_communities,crsRating,8,null,YES,string,STRING,0,0,null,null,null,null,null,null,null,NO,null,null,null,null,null,null,NO,null,NO,NO,null,YES,null,Rating assigned to the community by CRS
openfema,odp,hma_subapplications_by_nfip_crs_communities,congressionalDistrict,9,null,YES,string,STRING,0,0,null,null,null,null,null,null,null,NO,null,null,null,null,null,null,NO,null,NO,NO,null,YES,null,District number of the congressional representative for the community
openfema,odp,hma_subapplications_by_nfip_crs_communities,id,10,null,YES,string,STRING,0,0,null,null,null,null,null,null,null,NO,null,null,null,null,null,null,NO,null,NO,NO,null,YES,null,Unique identifier for each record in the table
openfema,odp,hma_subapplications_by_nfip_crs_communities,femadexLastRefresh,11,null,YES,timestamp,TIMESTAMP,null,null,null,null,null,3,null,null,null,NO,null,null,null,null,null,null,NO,null,NO,NO,null,YES,null,Timestamp of the last refresh date for FEMA index
openfema,odp,hma_subapplications_congressional_districts,subapplicationIdentifier,0,null,YES,string,STRING,0,0,null,null,null,null,null,null,null,NO,null,null,null,null,null,null,NO,null,NO,NO,null,YES,null,null
openfema,odp,hma_subapplications_congressional_districts,stateNumberCode,1,null,YES,string,STRING,0,0,null,null,null,null,null,null,null,NO,null,null,null,null,null,null,NO,null,NO,NO,null,YES,null,null
openfema,odp,hma_subapplications_congressional_districts,districtNumberCode,2,null,YES,string,STRING,0,0,null,null,null,null,null,null,null,NO,null,null,null,null,null,null,NO,null,NO,NO,null,YES,null,null
openfema,odp,hma_subapplications_congressional_districts,districtName,3,null,YES,string,STRING,0,0,null,null,null,null,null,null,null,NO,null,null,null,null,null,null,NO,null,NO,NO,null,YES,null,null
openfema,odp,hma_subapplications_congressional_districts,id,4,null,YES,bigint,LONG,null,null,null,null,null,null,null,null,null,NO,null,null,null,null,null,null,NO,null,NO,NO,null,YES,null,null
openfema,odp,hma_subapplications_congressional_districts,femadexLastRefresh,5,null,YES,timestamp,TIMESTAMP,null,null,null,null,null,3,null,null,null,NO,null,null,null,null,null,null,NO,null,NO,NO,null,YES,null,null
openfema,odp,hma_subapplications_financial_transactions,subapplicationIdentifier,0,null,YES,string,STRING,0,0,null,null,null,null,null,null,null,NO,null,null,null,null,null,null,NO,null,NO,NO,null,YES,null,Unique identifier for the subapplication
openfema,odp,hma_subapplications_financial_transactions,transactionType,1,null,YES,string,STRING,0,0,null,null,null,null,null,null,null,NO,null,null,null,null,null,null,NO,null,NO,NO,null,YES,null,Type of financial transaction
openfema,odp,hma_subapplications_financial_transactions,transactionDate,2,null,YES,string,STRING,0,0,null,null,null,null,null,null,null,NO,null,null,null,null,null,null,NO,null,NO,NO,null,YES,null,Date of the financial transaction
openfema,odp,hma_subapplications_financial_transactions,commitmentIdentifier,3,null,YES,string,STRING,0,0,null,null,null,null,null,null,null,NO,null,null,null,null,null,null,NO,null,NO,NO,null,YES,null,Identifier for the commitment related to the transaction
openfema,odp,hma_subapplications_financial_transactions,paymentNumber,4,null,YES,string,STRING,0,0,null,null,null,null,null,null,null,NO,null,null,null,null,null,null,NO,null,NO,NO,null,YES,null,Number assigned to the payment
openfema,odp,hma_subapplications_financial_transactions,accsLine,5,null,YES,string,STRING,0,0,null,null,null,null,null,null,null,NO,null,null,null,null,null,null,NO,null,NO,NO,null,YES,null,ACCs line related to the transaction
openfema,odp,hma_subapplications_financial_transactions,fundCode,6,null,YES,string,STRING,0,0,null,null,null,null,null,null,null,NO,null,null,null,null,null,null,NO,null,NO,NO,null,YES,null,Code representing the fund associated with the transaction
openfema,odp,hma_subapplications_financial_transactions,amount,7,null,YES,string,STRING,0,0,null,null,null,null,null,null,null,NO,null,null,null,null,null,null,NO,null,NO,NO,null,YES,null,Amount of the financial transaction
openfema,odp,hma_subapplications_financial_transactions,id,8,null,YES,string,STRING,0,0,null,null,null,null,null,null,null,NO,null,null,null,null,null,null,NO,null,NO,NO,null,YES,null,Unique identifier for each transaction
openfema,odp,hma_subapplications_financial_transactions,femadexLastRefresh,9,null,YES,timestamp,TIMESTAMP,null,null,null,null,null,3,null,null,null,NO,null,null,null,null,null,null,NO,null,NO,NO,null,YES,null,Timestamp for the last data refresh
openfema,odp,hma_subapplications_project_site_inventories,subapplicationId,0,null,YES,string,STRING,0,0,null,null,null,null,null,null,null,NO,null,null,null,null,null,null,NO,null,NO,NO,null,YES,null,Identifier for the subapplication within the Hazard Mitigation Assistance program
openfema,odp,hma_subapplications_project_site_inventories,projectSiteInventoryId,1,null,YES,bigint,LONG,null,null,null,null,null,null,null,null,null,NO,null,null,null,null,null,null,NO,null,NO,NO,null,YES,null,Unique identifier for the project site inventory
openfema,odp,hma_subapplications_project_site_inventories,projectSiteInventoryType,2,null,YES,string,STRING,0,0,null,null,null,null,null,null,null,NO,null,null,null,null,null,null,NO,null,NO,NO,null,YES,null,Type of project site inventory
openfema,odp,hma_subapplications_project_site_inventories,primaryActivity,3,null,YES,string,STRING,0,0,null,null,null,null,null,null,null,NO,null,null,null,null,null,null,NO,null,NO,NO,null,YES,null,Primary activity associated with the project site inventory
openfema,odp,hma_subapplications_project_site_inventories,secondaryActivity,4,null,YES,string,STRING,0,0,null,null,null,null,null,null,null,NO,null,null,null,null,null,null,NO,null,NO,NO,null,YES,null,Secondary activity associated with the project site inventory
openfema,odp,hma_subapplications_project_site_inventories,primaryHazard,5,null,YES,string,STRING,0,0,null,null,null,null,null,null,null,NO,null,null,null,null,null,null,NO,null,NO,NO,null,YES,null,Primary hazard related to the project site inventory
openfema,odp,hma_subapplications_project_site_inventories,secondaryHazard,6,null,YES,string,STRING,0,0,null,null,null,null,null,null,null,NO,null,null,null,null,null,null,NO,null,NO,NO,null,YES,null,Secondary hazard related to the project site inventory
openfema,odp,hma_subapplications_project_site_inventories,city,7,null,YES,string,STRING,0,0,null,null,null,null,null,null,null,NO,null,null,null,null,null,null,NO,null,NO,NO,null,YES,null,City where the project site inventory is located
openfema,odp,hma_subapplications_project_site_inventories,countyCode,8,null,YES,string,STRING,0,0,null,null,null,null,null,null,null,NO,null,null,null,null,null,null,NO,null,NO,NO,null,YES,null,Code representing the county where the project site inventory is located
openfema,odp,hma_subapplications_project_site_inventories,county,9,null,YES,string,STRING,0,0,null,null,null,null,null,null,null,NO,null,null,null,null,null,null,NO,null,NO,NO,null,YES,null,Name of the county where the project site inventory is located
openfema,odp,hma_subapplications_project_site_inventories,stateCode,10,null,YES,string,STRING,0,0,null,null,null,null,null,null,null,NO,null,null,null,null,null,null,NO,null,NO,NO,null,YES,null,Code representing the state where the project site inventory is located
openfema,odp,hma_subapplications_project_site_inventories,stateAbbreviation,11,null,YES,string,STRING,0,0,null,null,null,null,null,null,null,NO,null,null,null,null,null,null,NO,null,NO,NO,null,YES,null,Abbreviation of the state where the project site inventory is located
openfema,odp,hma_subapplications_project_site_inventories,zipcode,12,null,YES,string,STRING,0,0,null,null,null,null,null,null,null,NO,null,null,null,null,null,null,NO,null,NO,NO,null,YES,null,Zip code of the location of the project site inventory
openfema,odp,hma_subapplications_project_site_inventories,structureType,13,null,YES,string,STRING,0,0,null,null,null,null,null,null,null,NO,null,null,null,null,null,null,NO,null,NO,NO,null,YES,null,Type of structure at the project site inventory
openfema,odp,hma_subapplications_project_site_inventories,structurePrimarySubtype,14,null,YES,string,STRING,0,0,null,null,null,null,null,null,null,NO,null,null,null,null,null,null,NO,null,NO,NO,null,YES,null,Primary subtype of the structure at the project site inventory
openfema,odp,hma_subapplications_project_site_inventories,structureSecondarySubtype,15,null,YES,string,STRING,0,0,null,null,null,null,null,null,null,NO,null,null,null,null,null,null,NO,null,NO,NO,null,YES,null,Secondary subtype of the structure at the project site inventory
openfema,odp,hma_subapplications_project_site_inventories,foundationType,16,null,YES,string,STRING,0,0,null,null,null,null,null,null,null,NO,null,null,null,null,null,null,NO,null,NO,NO,null,YES,null,Type of foundation for the structure at the project site inventory
openfema,odp,hma_subapplications_project_site_inventories,buildingSize,17,null,YES,double,DOUBLE,null,null,null,2,null,null,null,null,null,NO,null,null,null,null,null,null,NO,null,NO,NO,null,YES,null,Size of the building at the project site inventory
openfema,odp,hma_subapplications_project_site_inventories,lotSize,18,null,YES,double,DOUBLE,null,null,null,2,null,null,null,null,null,NO,null,null,null,null,null,null,NO,null,NO,NO,null,YES,null,Size of the lot where the project site inventory is located
openfema,odp,hma_subapplications_project_site_inventories,yearBuilt,19,null,YES,double,DOUBLE,null,null,null,2,null,null,null,null,null,NO,null,null,null,null,null,null,NO,null,NO,NO,null,YES,null,Year when the structure at the project site inventory was built
openfema,odp,hma_subapplications_project_site_inventories,firstFloorElevation,20,null,YES,double,DOUBLE,null,null,null,2,null,null,null,null,null,NO,null,null,null,null,null,null,NO,null,NO,NO,null,YES,null,Elevation of the first floor of the structure at the project site inventory
openfema,odp,hma_subapplications_project_site_inventories,feetAboveBaseFloodElevation,21,null,YES,double,DOUBLE,null,null,null,2,null,null,null,null,null,NO,null,null,null,null,null,null,NO,null,NO,NO,null,YES,null,Height above the base flood elevation for the project site inventory
openfema,odp,hma_subapplications_project_site_inventories,baseFloodElevation,22,null,YES,double,DOUBLE,null,null,null,2,null,null,null,null,null,NO,null,null,null,null,null,null,NO,null,NO,NO,null,YES,null,Elevation of the base flood for the project site inventory
openfema,odp,hma_subapplications_project_site_inventories,floodZone,23,null,YES,string,STRING,0,0,null,null,null,null,null,null,null,NO,null,null,null,null,null,null,NO,null,NO,NO,null,YES,null,Zone classification for flood risk of the project site inventory
openfema,odp,hma_subapplications_project_site_inventories,estimatedPurchasePrice,24,null,YES,bigint,LONG,null,null,null,null,null,null,null,null,null,NO,null,null,null,null,null,null,NO,null,NO,NO,null,YES,null,Approximate purchase price of the property at the project site inventory
openfema,odp,hma_subapplications_project_site_inventories,proposedLandUse,25,null,YES,string,STRING,0,0,null,null,null,null,null,null,null,NO,null,null,null,null,null,null,NO,null,NO,NO,null,YES,null,Intended land use for the property at the project site inventory
openfema,odp,hma_subapplications_project_site_inventories,currentlyRented,26,null,YES,boolean,BOOLEAN,null,null,null,null,null,null,null,null,null,NO,null,null,null,null,null,null,NO,null,NO,NO,null,YES,null,Indication if the property at the project site inventory is currently rented
openfema,odp,hma_subapplications_project_site_inventories,criticalFacility,27,null,YES,boolean,BOOLEAN,null,null,null,null,null,null,null,null,null,NO,null,null,null,null,null,null,NO,null,NO,NO,null,YES,null,Identification if the structure at the project site inventory is a critical facility
openfema,odp,hma_subapplications_project_site_inventories,alternateStructure,28,null,YES,boolean,BOOLEAN,null,null,null,null,null,null,null,null,null,NO,null,null,null,null,null,null,NO,null,NO,NO,null,YES,null,Presence of an alternative structure at the project site inventory
openfema,odp,hma_subapplications_project_site_inventories,substantiallyDamaged,29,null,YES,boolean,BOOLEAN,null,null,null,null,null,null,null,null,null,NO,null,null,null,null,null,null,NO,null,NO,NO,null,YES,null,Determination if the structure at the project site inventory is substantially damaged
openfema,odp,hma_subapplications_project_site_inventories,publiclyOwned,30,null,YES,boolean,BOOLEAN,null,null,null,null,null,null,null,null,null,NO,null,null,null,null,null,null,NO,null,NO,NO,null,YES,null,Indication if the property at the project site inventory is publicly owned
openfema,odp,hma_subapplications_project_site_inventories,insured,31,null,YES,boolean,BOOLEAN,null,null,null,null,null,null,null,null,null,NO,null,null,null,null,null,null,NO,null,NO,NO,null,YES,null,Indication if the property at the project site inventory is insured
openfema,odp,hma_subapplications_project_site_inventories,insuranceType,32,null,YES,string,STRING,0,0,null,null,null,null,null,null,null,NO,null,null,null,null,null,null,NO,null,NO,NO,null,YES,null,Type of insurance coverage for the property at the project site inventory
openfema,odp,hma_subapplications_project_site_inventories,repetitiveLossStructure,33,null,YES,boolean,BOOLEAN,null,null,null,null,null,null,null,null,null,NO,null,null,null,null,null,null,NO,null,NO,NO,null,YES,null,Identification if the structure at the project site inventory is a repetitive loss structure
openfema,odp,hma_subapplications_project_site_inventories,severeRepetitiveLossStructure,34,null,YES,boolean,BOOLEAN,null,null,null,null,null,null,null,null,null,NO,null,null,null,null,null,null,NO,null,NO,NO,null,YES,null,Identification if the structure at the project site inventory is a severe repetitive loss structure
openfema,odp,hma_subapplications_project_site_inventories,costEffectivenessMethod,35,null,YES,string,STRING,0,0,null,null,null,null,null,null,null,NO,null,null,null,null,null,null,NO,null,NO,NO,null,YES,null,Method used to determine cost-effectiveness for mitigation measures
openfema,odp,hma_subapplications_project_site_inventories,preCalculatedBenefit,36,null,YES,string,STRING,0,0,null,null,null,null,null,null,null,NO,null,null,null,null,null,null,NO,null,NO,NO,null,YES,null,Benefit value calculated prior to mitigation actions for the project site inventory
openfema,odp,hma_subapplications_project_site_inventories,benefitCostRatio,37,null,YES,double,DOUBLE,null,null,null,2,null,null,null,null,null,NO,null,null,null,null,null,null,NO,null,NO,NO,null,YES,null,Ratio of benefits to costs for mitigation measures at the project site inventory
openfema,odp,hma_subapplications_project_site_inventories,ownerType,38,null,YES,string,STRING,0,0,null,null,null,null,null,null,null,NO,null,null,null,null,null,null,NO,null,NO,NO,null,YES,null,Type of ownership for the property at the project site inventory
openfema,odp,hma_subapplications_project_site_inventories,coownerType,39,null,YES,string,STRING,0,0,null,null,null,null,null,null,null,NO,null,null,null,null,null,null,NO,null,NO,NO,null,YES,null,Type of co-ownership for the property at the project site inventory
openfema,odp,hma_subapplications_project_site_inventories,id,40,null,YES,string,STRING,0,0,null,null,null,null,null,null,null,NO,null,null,null,null,null,null,NO,null,NO,NO,null,YES,null,Unique identifier for each record in the table
openfema,odp,hma_subapplications_project_site_inventories,femadexLastRefresh,41,null,YES,timestamp,TIMESTAMP,null,null,null,null,null,3,null,null,null,NO,null,null,null,null,null,null,NO,null,NO,NO,null,YES,null,Date when the data was last refreshed in the FEMADEX system
openfema,odp,housing_assistance_owners,disasterNumber,0,null,YES,bigint,LONG,null,null,null,null,null,null,null,null,null,NO,null,null,null,null,null,null,NO,null,NO,NO,null,YES,null,Identifier for the disaster event
openfema,odp,housing_assistance_owners,state,1,null,YES,string,STRING,0,0,null,null,null,null,null,null,null,NO,null,null,null,null,null,null,NO,null,NO,NO,null,YES,null,State where the housing assistance is provided
openfema,odp,housing_assistance_owners,county,2,null,YES,string,STRING,0,0,null,null,null,null,null,null,null,NO,null,null,null,null,null,null,NO,null,NO,NO,null,YES,null,County where the housing assistance is provided
openfema,odp,housing_assistance_owners,city,3,null,YES,string,STRING,0,0,null,null,null,null,null,null,null,NO,null,null,null,null,null,null,NO,null,NO,NO,null,YES,null,City where the housing assistance is provided
openfema,odp,housing_assistance_owners,zipCode,4,null,YES,string,STRING,0,0,null,null,null,null,null,null,null,NO,null,null,null,null,null,null,NO,null,NO,NO,null,YES,null,Zip code of the area where housing assistance is provided
openfema,odp,housing_assistance_owners,validRegistrations,5,null,YES,bigint,LONG,null,null,null,null,null,null,null,null,null,NO,null,null,null,null,null,null,NO,null,NO,NO,null,YES,null,Number of valid registrations for housing assistance
openfema,odp,housing_assistance_owners,averageFemaInspectedDamage,6,null,YES,double,DOUBLE,null,null,null,2,null,null,null,null,null,NO,null,null,null,null,null,null,NO,null,NO,NO,null,YES,null,Average FEMA-inspected damage amount
openfema,odp,housing_assistance_owners,totalInspected,7,null,YES,bigint,LONG,null,null,null,null,null,null,null,null,null,NO,null,null,null,null,null,null,NO,null,NO,NO,null,YES,null,Total number of properties inspected for damage
openfema,odp,housing_assistance_owners,totalDamage,8,null,YES,double,DOUBLE,null,null,null,2,null,null,null,null,null,NO,null,null,null,null,null,null,NO,null,NO,NO,null,YES,null,Total amount of damage inspected
openfema,odp,housing_assistance_owners,noFemaInspectedDamage,9,null,YES,bigint,LONG,null,null,null,null,null,null,null,null,null,NO,null,null,null,null,null,null,NO,null,NO,NO,null,YES,null,Number of properties with no FEMA-inspected damage
openfema,odp,housing_assistance_owners,femaInspectedDamageBetween1And10000,10,null,YES,bigint,LONG,null,null,null,null,null,null,null,null,null,NO,null,null,null,null,null,null,NO,null,NO,NO,null,YES,null,"Number of properties with FEMA-inspected damage between $1 and $10,000"
openfema,odp,housing_assistance_owners,femaInspectedDamageBetween10001And20000,11,null,YES,bigint,LONG,null,null,null,null,null,null,null,null,null,NO,null,null,null,null,null,null,NO,null,NO,NO,null,YES,null,"Number of properties with FEMA-inspected damage between $10,001 and $20,000"
openfema,odp,housing_assistance_owners,femaInspectedDamageBetween20001And30000,12,null,YES,bigint,LONG,null,null,null,null,null,null,null,null,null,NO,null,null,null,null,null,null,NO,null,NO,NO,null,YES,null,"Number of properties with FEMA-inspected damage between $20,001 and $30,000"
openfema,odp,housing_assistance_owners,femaInspectedDamageGreaterThan30000,13,null,YES,bigint,LONG,null,null,null,null,null,null,null,null,null,NO,null,null,null,null,null,null,NO,null,NO,NO,null,YES,null,"Number of properties with FEMA-inspected damage greater than $30,000"
openfema,odp,housing_assistance_owners,approvedForFemaAssistance,14,null,YES,bigint,LONG,null,null,null,null,null,null,null,null,null,NO,null,null,null,null,null,null,NO,null,NO,NO,null,YES,null,Number of properties approved for FEMA assistance
openfema,odp,housing_assistance_owners,totalApprovedIhpAmount,15,null,YES,double,DOUBLE,null,null,null,2,null,null,null,null,null,NO,null,null,null,null,null,null,NO,null,NO,NO,null,YES,null,Total approved amount for Individual and Households Program (IHP)
openfema,odp,housing_assistance_owners,repairReplaceAmount,16,null,YES,double,DOUBLE,null,null,null,2,null,null,null,null,null,NO,null,null,null,null,null,null,NO,null,NO,NO,null,YES,null,Amount approved for repairs or replacements
openfema,odp,housing_assistance_owners,rentalAmount,17,null,YES,double,DOUBLE,null,null,null,2,null,null,null,null,null,NO,null,null,null,null,null,null,NO,null,NO,NO,null,YES,null,Amount approved for rentals
openfema,odp,housing_assistance_owners,otherNeedsAmount,18,null,YES,double,DOUBLE,null,null,null,2,null,null,null,null,null,NO,null,null,null,null,null,null,NO,null,NO,NO,null,YES,null,Amount approved for other needs
openfema,odp,housing_assistance_owners,approvedBetween1And10000,19,null,YES,bigint,LONG,null,null,null,null,null,null,null,null,null,NO,null,null,null,null,null,null,NO,null,NO,NO,null,YES,null,"Number of properties approved for FEMA assistance between $1 and $10,000"
openfema,odp,housing_assistance_owners,approvedBetween10001And25000,20,null,YES,bigint,LONG,null,null,null,null,null,null,null,null,null,NO,null,null,null,null,null,null,NO,null,NO,NO,null,YES,null,"Number of properties approved for FEMA assistance between $10,001 and $25,000"
openfema,odp,housing_assistance_owners,approvedBetween25001AndMax,21,null,YES,bigint,LONG,null,null,null,null,null,null,null,null,null,NO,null,null,null,null,null,null,NO,null,NO,NO,null,YES,null,"Number of properties approved for FEMA assistance between $25,001 and the maximum limit"
openfema,odp,housing_assistance_owners,totalMaxGrants,22,null,YES,bigint,LONG,null,null,null,null,null,null,null,null,null,NO,null,null,null,null,null,null,NO,null,NO,NO,null,YES,null,Total number of maximum grants provided
openfema,odp,housing_assistance_owners,id,23,null,YES,string,STRING,0,0,null,null,null,null,null,null,null,NO,null,null,null,null,null,null,NO,null,NO,NO,null,YES,null,Unique identifier for each record
openfema,odp,housing_assistance_owners,femadexLastRefresh,24,null,YES,timestamp,TIMESTAMP,null,null,null,null,null,3,null,null,null,NO,null,null,null,null,null,null,NO,null,NO,NO,null,YES,null,Date of the last refresh/update in the FEMA Disaster Assistance Database
openfema,odp,housing_assistance_renters,disasterNumber,0,null,YES,bigint,LONG,null,null,null,null,null,null,null,null,null,NO,null,null,null,null,null,null,NO,null,NO,NO,null,YES,null,The unique identifier for the disaster event
openfema,odp,housing_assistance_renters,state,1,null,YES,string,STRING,0,0,null,null,null,null,null,null,null,NO,null,null,null,null,null,null,NO,null,NO,NO,null,YES,null,The state where the housing assistance is provided
openfema,odp,housing_assistance_renters,county,2,null,YES,string,STRING,0,0,null,null,null,null,null,null,null,NO,null,null,null,null,null,null,NO,null,NO,NO,null,YES,null,The county where the housing assistance is provided
openfema,odp,housing_assistance_renters,city,3,null,YES,string,STRING,0,0,null,null,null,null,null,null,null,NO,null,null,null,null,null,null,NO,null,NO,NO,null,YES,null,The city where the housing assistance is provided
openfema,odp,housing_assistance_renters,zipCode,4,null,YES,string,STRING,0,0,null,null,null,null,null,null,null,NO,null,null,null,null,null,null,NO,null,NO,NO,null,YES,null,The zip code where the housing assistance is provided
openfema,odp,housing_assistance_renters,validRegistrations,5,null,YES,bigint,LONG,null,null,null,null,null,null,null,null,null,NO,null,null,null,null,null,null,NO,null,NO,NO,null,YES,null,The number of valid registrations for housing assistance
openfema,odp,housing_assistance_renters,totalInspected,6,null,YES,bigint,LONG,null,null,null,null,null,null,null,null,null,NO,null,null,null,null,null,null,NO,null,NO,NO,null,YES,null,The total number of inspections conducted
openfema,odp,housing_assistance_renters,totalInspectedWithNoDamage,7,null,YES,bigint,LONG,null,null,null,null,null,null,null,null,null,NO,null,null,null,null,null,null,NO,null,NO,NO,null,YES,null,The total number of inspections with no damage found
openfema,odp,housing_assistance_renters,totalWithModerateDamage,8,null,YES,bigint,LONG,null,null,null,null,null,null,null,null,null,NO,null,null,null,null,null,null,NO,null,NO,NO,null,YES,null,The total number of inspections with moderate damage found
openfema,odp,housing_assistance_renters,totalWithMajorDamage,9,null,YES,bigint,LONG,null,null,null,null,null,null,null,null,null,NO,null,null,null,null,null,null,NO,null,NO,NO,null,YES,null,The total number of inspections with major damage found
openfema,odp,housing_assistance_renters,totalWithSubstantialDamage,10,null,YES,bigint,LONG,null,null,null,null,null,null,null,null,null,NO,null,null,null,null,null,null,NO,null,NO,NO,null,YES,null,The total number of inspections with substantial damage found
openfema,odp,housing_assistance_renters,approvedForFemaAssistance,11,null,YES,bigint,LONG,null,null,null,null,null,null,null,null,null,NO,null,null,null,null,null,null,NO,null,NO,NO,null,YES,null,The total amount approved for FEMA assistance
openfema,odp,housing_assistance_renters,totalApprovedIhpAmount,12,null,YES,double,DOUBLE,null,null,null,2,null,null,null,null,null,NO,null,null,null,null,null,null,NO,null,NO,NO,null,YES,null,The total amount approved for Individual and Household Program (IHP) assistance
openfema,odp,housing_assistance_renters,repairReplaceAmount,13,null,YES,double,DOUBLE,null,null,null,2,null,null,null,null,null,NO,null,null,null,null,null,null,NO,null,NO,NO,null,YES,null,The amount approved for repair or replacement assistance
openfema,odp,housing_assistance_renters,rentalAmount,14,null,YES,double,DOUBLE,null,null,null,2,null,null,null,null,null,NO,null,null,null,null,null,null,NO,null,NO,NO,null,YES,null,The amount approved for rental assistance
openfema,odp,housing_assistance_renters,otherNeedsAmount,15,null,YES,double,DOUBLE,null,null,null,2,null,null,null,null,null,NO,null,null,null,null,null,null,NO,null,NO,NO,null,YES,null,The amount approved for other needs assistance
openfema,odp,housing_assistance_renters,approvedBetween1And10000,16,null,YES,bigint,LONG,null,null,null,null,null,null,null,null,null,NO,null,null,null,null,null,null,NO,null,NO,NO,null,YES,null,"The number of approvals falling within the range of $1 to $10,000"
openfema,odp,housing_assistance_renters,approvedBetween10001And25000,17,null,YES,bigint,LONG,null,null,null,null,null,null,null,null,null,NO,null,null,null,null,null,null,NO,null,NO,NO,null,YES,null,"The number of approvals falling within the range of $10,001 to $25,000"
openfema,odp,housing_assistance_renters,approvedBetween25001AndMax,18,null,YES,bigint,LONG,null,null,null,null,null,null,null,null,null,NO,null,null,null,null,null,null,NO,null,NO,NO,null,YES,null,"The number of approvals falling within the range of $25,001 and above"
openfema,odp,housing_assistance_renters,totalMaxGrants,19,null,YES,bigint,LONG,null,null,null,null,null,null,null,null,null,NO,null,null,null,null,null,null,NO,null,NO,NO,null,YES,null,The total number of maximum grants awarded
openfema,odp,housing_assistance_renters,id,20,null,YES,string,STRING,0,0,null,null,null,null,null,null,null,NO,null,null,null,null,null,null,NO,null,NO,NO,null,YES,null,The unique identifier for each record in the 'housing_assistance_renters' table
openfema,odp,housing_assistance_renters,femadexLastRefresh,21,null,YES,timestamp,TIMESTAMP,null,null,null,null,null,3,null,null,null,NO,null,null,null,null,null,null,NO,null,NO,NO,null,YES,null,The date of the last refresh/update of FEMA's Disaster Assistance Database
openfema,odp,individual_assistance_housing_registrants_large_disasters,disasterNumber,0,null,YES,string,STRING,0,0,null,null,null,null,null,null,null,NO,null,null,null,null,null,null,NO,null,NO,NO,null,YES,null,null
openfema,odp,individual_assistance_housing_registrants_large_disasters,damagedCity,1,null,YES,string,STRING,0,0,null,null,null,null,null,null,null,NO,null,null,null,null,null,null,NO,null,NO,NO,null,YES,null,null
openfema,odp,individual_assistance_housing_registrants_large_disasters,damagedStateAbbreviation,2,null,YES,string,STRING,0,0,null,null,null,null,null,null,null,NO,null,null,null,null,null,null,NO,null,NO,NO,null,YES,null,null
openfema,odp,individual_assistance_housing_registrants_large_disasters,damagedZipCode,3,null,YES,string,STRING,0,0,null,null,null,null,null,null,null,NO,null,null,null,null,null,null,NO,null,NO,NO,null,YES,null,null
openfema,odp,individual_assistance_housing_registrants_large_disasters,householdComposition,4,null,YES,string,STRING,0,0,null,null,null,null,null,null,null,NO,null,null,null,null,null,null,NO,null,NO,NO,null,YES,null,null
openfema,odp,individual_assistance_housing_registrants_large_disasters,grossIncome,5,null,YES,string,STRING,0,0,null,null,null,null,null,null,null,NO,null,null,null,null,null,null,NO,null,NO,NO,null,YES,null,null
openfema,odp,individual_assistance_housing_registrants_large_disasters,specialNeeds,6,null,YES,string,STRING,0,0,null,null,null,null,null,null,null,NO,null,null,null,null,null,null,NO,null,NO,NO,null,YES,null,null
openfema,odp,individual_assistance_housing_registrants_large_disasters,ownRent,7,null,YES,string,STRING,0,0,null,null,null,null,null,null,null,NO,null,null,null,null,null,null,NO,null,NO,NO,null,YES,null,null
openfema,odp,individual_assistance_housing_registrants_large_disasters,residenceType,8,null,YES,string,STRING,0,0,null,null,null,null,null,null,null,NO,null,null,null,null,null,null,NO,null,NO,NO,null,YES,null,null
openfema,odp,individual_assistance_housing_registrants_large_disasters,homeOwnersInsurance,9,null,YES,string,STRING,0,0,null,null,null,null,null,null,null,NO,null,null,null,null,null,null,NO,null,NO,NO,null,YES,null,null
openfema,odp,individual_assistance_housing_registrants_large_disasters,floodInsurance,10,null,YES,string,STRING,0,0,null,null,null,null,null,null,null,NO,null,null,null,null,null,null,NO,null,NO,NO,null,YES,null,null
openfema,odp,individual_assistance_housing_registrants_large_disasters,inspected,11,null,YES,string,STRING,0,0,null,null,null,null,null,null,null,NO,null,null,null,null,null,null,NO,null,NO,NO,null,YES,null,null
openfema,odp,individual_assistance_housing_registrants_large_disasters,rpfvl,12,null,YES,string,STRING,0,0,null,null,null,null,null,null,null,NO,null,null,null,null,null,null,NO,null,NO,NO,null,YES,null,null
openfema,odp,individual_assistance_housing_registrants_large_disasters,habitabilityRepairsRequired,13,null,YES,string,STRING,0,0,null,null,null,null,null,null,null,NO,null,null,null,null,null,null,NO,null,NO,NO,null,YES,null,null
openfema,odp,individual_assistance_housing_registrants_large_disasters,destroyed,14,null,YES,string,STRING,0,0,null,null,null,null,null,null,null,NO,null,null,null,null,null,null,NO,null,NO,NO,null,YES,null,null
openfema,odp,individual_assistance_housing_registrants_large_disasters,waterLevel,15,null,YES,string,STRING,0,0,null,null,null,null,null,null,null,NO,null,null,null,null,null,null,NO,null,NO,NO,null,YES,null,null
openfema,odp,individual_assistance_housing_registrants_large_disasters,highWaterLocation,16,null,YES,string,STRING,0,0,null,null,null,null,null,null,null,NO,null,null,null,null,null,null,NO,null,NO,NO,null,YES,null,null
openfema,odp,individual_assistance_housing_registrants_large_disasters,floodDamage,17,null,YES,string,STRING,0,0,null,null,null,null,null,null,null,NO,null,null,null,null,null,null,NO,null,NO,NO,null,YES,null,null
openfema,odp,individual_assistance_housing_registrants_large_disasters,foundationDamage,18,null,YES,string,STRING,0,0,null,null,null,null,null,null,null,NO,null,null,null,null,null,null,NO,null,NO,NO,null,YES,null,null
openfema,odp,individual_assistance_housing_registrants_large_disasters,foundationDamageAmount,19,null,YES,string,STRING,0,0,null,null,null,null,null,null,null,NO,null,null,null,null,null,null,NO,null,NO,NO,null,YES,null,null
openfema,odp,individual_assistance_housing_registrants_large_disasters,roofDamage,20,null,YES,string,STRING,0,0,null,null,null,null,null,null,null,NO,null,null,null,null,null,null,NO,null,NO,NO,null,YES,null,null
openfema,odp,individual_assistance_housing_registrants_large_disasters,roofDamageAmount,21,null,YES,string,STRING,0,0,null,null,null,null,null,null,null,NO,null,null,null,null,null,null,NO,null,NO,NO,null,YES,null,null
openfema,odp,individual_assistance_housing_registrants_large_disasters,tsaEligible,22,null,YES,string,STRING,0,0,null,null,null,null,null,null,null,NO,null,null,null,null,null,null,NO,null,NO,NO,null,YES,null,null
openfema,odp,individual_assistance_housing_registrants_large_disasters,tsaCheckedIn,23,null,YES,string,STRING,0,0,null,null,null,null,null,null,null,NO,null,null,null,null,null,null,NO,null,NO,NO,null,YES,null,null
openfema,odp,individual_assistance_housing_registrants_large_disasters,rentalAssistanceEligible,24,null,YES,string,STRING,0,0,null,null,null,null,null,null,null,NO,null,null,null,null,null,null,NO,null,NO,NO,null,YES,null,null
openfema,odp,individual_assistance_housing_registrants_large_disasters,rentalAssistanceAmount,25,null,YES,string,STRING,0,0,null,null,null,null,null,null,null,NO,null,null,null,null,null,null,NO,null,NO,NO,null,YES,null,null
openfema,odp,individual_assistance_housing_registrants_large_disasters,repairAssistanceEligible,26,null,YES,string,STRING,0,0,null,null,null,null,null,null,null,NO,null,null,null,null,null,null,NO,null,NO,NO,null,YES,null,null
openfema,odp,individual_assistance_housing_registrants_large_disasters,repairAmount,27,null,YES,string,STRING,0,0,null,null,null,null,null,null,null,NO,null,null,null,null,null,null,NO,null,NO,NO,null,YES,null,null
openfema,odp,individual_assistance_housing_registrants_large_disasters,replacementAssistanceEligible,28,null,YES,string,STRING,0,0,null,null,null,null,null,null,null,NO,null,null,null,null,null,null,NO,null,NO,NO,null,YES,null,null
openfema,odp,individual_assistance_housing_registrants_large_disasters,replacementAmount,29,null,YES,string,STRING,0,0,null,null,null,null,null,null,null,NO,null,null,null,null,null,null,NO,null,NO,NO,null,YES,null,null
openfema,odp,individual_assistance_housing_registrants_large_disasters,sbaEligible,30,null,YES,string,STRING,0,0,null,null,null,null,null,null,null,NO,null,null,null,null,null,null,NO,null,NO,NO,null,YES,null,null
openfema,odp,individual_assistance_housing_registrants_large_disasters,renterDamageLevel,31,null,YES,string,STRING,0,0,null,null,null,null,null,null,null,NO,null,null,null,null,null,null,NO,null,NO,NO,null,YES,null,null
openfema,odp,individual_assistance_housing_registrants_large_disasters,rentalAssistanceEndDate,32,null,YES,string,STRING,0,0,null,null,null,null,null,null,null,NO,null,null,null,null,null,null,NO,null,NO,NO,null,YES,null,null
openfema,odp,individual_assistance_housing_registrants_large_disasters,rentalResourceCity,33,null,YES,string,STRING,0,0,null,null,null,null,null,null,null,NO,null,null,null,null,null,null,NO,null,NO,NO,null,YES,null,null
openfema,odp,individual_assistance_housing_registrants_large_disasters,rentalResourceStateAbbreviation,34,null,YES,string,STRING,0,0,null,null,null,null,null,null,null,NO,null,null,null,null,null,null,NO,null,NO,NO,null,YES,null,null
openfema,odp,individual_assistance_housing_registrants_large_disasters,rentalResourceZipCode,35,null,YES,string,STRING,0,0,null,null,null,null,null,null,null,NO,null,null,null,null,null,null,NO,null,NO,NO,null,YES,null,null
openfema,odp,individual_assistance_housing_registrants_large_disasters,primaryResidence,36,null,YES,string,STRING,0,0,null,null,null,null,null,null,null,NO,null,null,null,null,null,null,NO,null,NO,NO,null,YES,null,null
openfema,odp,individual_assistance_housing_registrants_large_disasters,personalPropertyEligible,37,null,YES,string,STRING,0,0,null,null,null,null,null,null,null,NO,null,null,null,null,null,null,NO,null,NO,NO,null,YES,null,null
openfema,odp,individual_assistance_housing_registrants_large_disasters,ppfvl,38,null,YES,string,STRING,0,0,null,null,null,null,null,null,null,NO,null,null,null,null,null,null,NO,null,NO,NO,null,YES,null,null
openfema,odp,individual_assistance_housing_registrants_large_disasters,censusBlockId,39,null,YES,string,STRING,0,0,null,null,null,null,null,null,null,NO,null,null,null,null,null,null,NO,null,NO,NO,null,YES,null,null
openfema,odp,individual_assistance_housing_registrants_large_disasters,id,40,null,YES,string,STRING,0,0,null,null,null,null,null,null,null,NO,null,null,null,null,null,null,NO,null,NO,NO,null,YES,null,null
openfema,odp,individual_assistance_housing_registrants_large_disasters,censusYear,41,null,YES,string,STRING,0,0,null,null,null,null,null,null,null,NO,null,null,null,null,null,null,NO,null,NO,NO,null,YES,null,null
openfema,odp,individual_assistance_housing_registrants_large_disasters,femadexLastRefresh,42,null,YES,timestamp,TIMESTAMP,null,null,null,null,null,3,null,null,null,NO,null,null,null,null,null,null,NO,null,NO,NO,null,YES,null,null
openfema,odp,individual_assistance_multiple_loss_flood_properties,disasterNumber,0,null,YES,bigint,LONG,null,null,null,null,null,null,null,null,null,NO,null,null,null,null,null,null,NO,null,NO,NO,null,YES,null,null
openfema,odp,individual_assistance_multiple_loss_flood_properties,declarationDate,1,null,YES,string,STRING,0,0,null,null,null,null,null,null,null,NO,null,null,null,null,null,null,NO,null,NO,NO,null,YES,null,null
openfema,odp,individual_assistance_multiple_loss_flood_properties,fipsStateCode,2,null,YES,string,STRING,0,0,null,null,null,null,null,null,null,NO,null,null,null,null,null,null,NO,null,NO,NO,null,YES,null,null
openfema,odp,individual_assistance_multiple_loss_flood_properties,fipsCountyCode,3,null,YES,string,STRING,0,0,null,null,null,null,null,null,null,NO,null,null,null,null,null,null,NO,null,NO,NO,null,YES,null,null
openfema,odp,individual_assistance_multiple_loss_flood_properties,placeCode,4,null,YES,string,STRING,0,0,null,null,null,null,null,null,null,NO,null,null,null,null,null,null,NO,null,NO,NO,null,YES,null,null
openfema,odp,individual_assistance_multiple_loss_flood_properties,region,5,null,YES,bigint,LONG,null,null,null,null,null,null,null,null,null,NO,null,null,null,null,null,null,NO,null,NO,NO,null,YES,null,null
openfema,odp,individual_assistance_multiple_loss_flood_properties,stateAbbreviation,6,null,YES,string,STRING,0,0,null,null,null,null,null,null,null,NO,null,null,null,null,null,null,NO,null,NO,NO,null,YES,null,null
openfema,odp,individual_assistance_multiple_loss_flood_properties,county,7,null,YES,string,STRING,0,0,null,null,null,null,null,null,null,NO,null,null,null,null,null,null,NO,null,NO,NO,null,YES,null,null
openfema,odp,individual_assistance_multiple_loss_flood_properties,city,8,null,YES,string,STRING,0,0,null,null,null,null,null,null,null,NO,null,null,null,null,null,null,NO,null,NO,NO,null,YES,null,null
openfema,odp,individual_assistance_multiple_loss_flood_properties,damagedZipCode,9,null,YES,string,STRING,0,0,null,null,null,null,null,null,null,NO,null,null,null,null,null,null,NO,null,NO,NO,null,YES,null,null
openfema,odp,individual_assistance_multiple_loss_flood_properties,highRiskPropertyType,10,null,YES,string,STRING,0,0,null,null,null,null,null,null,null,NO,null,null,null,null,null,null,NO,null,NO,NO,null,YES,null,null
openfema,odp,individual_assistance_multiple_loss_flood_properties,residenceType,11,null,YES,string,STRING,0,0,null,null,null,null,null,null,null,NO,null,null,null,null,null,null,NO,null,NO,NO,null,YES,null,null
openfema,odp,individual_assistance_multiple_loss_flood_properties,floodInsurance,12,null,YES,boolean,BOOLEAN,null,null,null,null,null,null,null,null,null,NO,null,null,null,null,null,null,NO,null,NO,NO,null,YES,null,null
openfema,odp,individual_assistance_multiple_loss_flood_properties,destroyed,13,null,YES,boolean,BOOLEAN,null,null,null,null,null,null,null,null,null,NO,null,null,null,null,null,null,NO,null,NO,NO,null,YES,null,null
openfema,odp,individual_assistance_multiple_loss_flood_properties,foundationType,14,null,YES,string,STRING,0,0,null,null,null,null,null,null,null,NO,null,null,null,null,null,null,NO,null,NO,NO,null,YES,null,null
openfema,odp,individual_assistance_multiple_loss_flood_properties,waterLevel,15,null,YES,bigint,LONG,null,null,null,null,null,null,null,null,null,NO,null,null,null,null,null,null,NO,null,NO,NO,null,YES,null,null
openfema,odp,individual_assistance_multiple_loss_flood_properties,highWaterLocation,16,null,YES,string,STRING,0,0,null,null,null,null,null,null,null,NO,null,null,null,null,null,null,NO,null,NO,NO,null,YES,null,null
openfema,odp,individual_assistance_multiple_loss_flood_properties,floodDamage,17,null,YES,boolean,BOOLEAN,null,null,null,null,null,null,null,null,null,NO,null,null,null,null,null,null,NO,null,NO,NO,null,YES,null,null
openfema,odp,individual_assistance_multiple_loss_flood_properties,numberOfLosses,18,null,YES,bigint,LONG,null,null,null,null,null,null,null,null,null,NO,null,null,null,null,null,null,NO,null,NO,NO,null,YES,null,null
openfema,odp,individual_assistance_multiple_loss_flood_properties,latitude,19,null,YES,double,DOUBLE,null,null,null,2,null,null,null,null,null,NO,null,null,null,null,null,null,NO,null,NO,NO,null,YES,null,null
openfema,odp,individual_assistance_multiple_loss_flood_properties,longitude,20,null,YES,double,DOUBLE,null,null,null,2,null,null,null,null,null,NO,null,null,null,null,null,null,NO,null,NO,NO,null,YES,null,null
openfema,odp,individual_assistance_multiple_loss_flood_properties,id,21,null,YES,bigint,LONG,null,null,null,null,null,null,null,null,null,NO,null,null,null,null,null,null,NO,null,NO,NO,null,YES,null,null
openfema,odp,individual_assistance_multiple_loss_flood_properties,femadexLastRefresh,22,null,YES,timestamp,TIMESTAMP,null,null,null,null,null,3,null,null,null,NO,null,null,null,null,null,null,NO,null,NO,NO,null,YES,null,null
openfema,odp,individuals_and_households_program_valid_registrations,incidentTypeCode,0,null,YES,string,STRING,0,0,null,null,null,null,null,null,null,NO,null,null,null,null,null,null,NO,null,NO,NO,null,YES,null,null
openfema,odp,individuals_and_households_program_valid_registrations,declarationDate,1,null,YES,string,STRING,0,0,null,null,null,null,null,null,null,NO,null,null,null,null,null,null,NO,null,NO,NO,null,YES,null,null
openfema,odp,individuals_and_households_program_valid_registrations,disasterNumber,2,null,YES,string,STRING,0,0,null,null,null,null,null,null,null,NO,null,null,null,null,null,null,NO,null,NO,NO,null,YES,null,null
openfema,odp,individuals_and_households_program_valid_registrations,county,3,null,YES,string,STRING,0,0,null,null,null,null,null,null,null,NO,null,null,null,null,null,null,NO,null,NO,NO,null,YES,null,null
openfema,odp,individuals_and_households_program_valid_registrations,fips,4,null,YES,string,STRING,0,0,null,null,null,null,null,null,null,NO,null,null,null,null,null,null,NO,null,NO,NO,null,YES,null,null
openfema,odp,individuals_and_households_program_valid_registrations,censusGeoid,5,null,YES,string,STRING,0,0,null,null,null,null,null,null,null,NO,null,null,null,null,null,null,NO,null,NO,NO,null,YES,null,null
openfema,odp,individuals_and_households_program_valid_registrations,censusYear,6,null,YES,string,STRING,0,0,null,null,null,null,null,null,null,NO,null,null,null,null,null,null,NO,null,NO,NO,null,YES,null,null
openfema,odp,individuals_and_households_program_valid_registrations,damagedStateAbbreviation,7,null,YES,string,STRING,0,0,null,null,null,null,null,null,null,NO,null,null,null,null,null,null,NO,null,NO,NO,null,YES,null,null
openfema,odp,individuals_and_households_program_valid_registrations,damagedCity,8,null,YES,string,STRING,0,0,null,null,null,null,null,null,null,NO,null,null,null,null,null,null,NO,null,NO,NO,null,YES,null,null
openfema,odp,individuals_and_households_program_valid_registrations,damagedZipCode,9,null,YES,string,STRING,0,0,null,null,null,null,null,null,null,NO,null,null,null,null,null,null,NO,null,NO,NO,null,YES,null,null
openfema,odp,individuals_and_households_program_valid_registrations,applicantAge,10,null,YES,string,STRING,0,0,null,null,null,null,null,null,null,NO,null,null,null,null,null,null,NO,null,NO,NO,null,YES,null,null
openfema,odp,individuals_and_households_program_valid_registrations,householdComposition,11,null,YES,string,STRING,0,0,null,null,null,null,null,null,null,NO,null,null,null,null,null,null,NO,null,NO,NO,null,YES,null,null
openfema,odp,individuals_and_households_program_valid_registrations,occupantsUnderTwo,12,null,YES,string,STRING,0,0,null,null,null,null,null,null,null,NO,null,null,null,null,null,null,NO,null,NO,NO,null,YES,null,null
openfema,odp,individuals_and_households_program_valid_registrations,occupants2to5,13,null,YES,string,STRING,0,0,null,null,null,null,null,null,null,NO,null,null,null,null,null,null,NO,null,NO,NO,null,YES,null,null
openfema,odp,individuals_and_households_program_valid_registrations,occupants6to18,14,null,YES,string,STRING,0,0,null,null,null,null,null,null,null,NO,null,null,null,null,null,null,NO,null,NO,NO,null,YES,null,null
openfema,odp,individuals_and_households_program_valid_registrations,occupants19to64,15,null,YES,string,STRING,0,0,null,null,null,null,null,null,null,NO,null,null,null,null,null,null,NO,null,NO,NO,null,YES,null,null
openfema,odp,individuals_and_households_program_valid_registrations,occupants65andOver,16,null,YES,string,STRING,0,0,null,null,null,null,null,null,null,NO,null,null,null,null,null,null,NO,null,NO,NO,null,YES,null,null
openfema,odp,individuals_and_households_program_valid_registrations,grossIncome,17,null,YES,string,STRING,0,0,null,null,null,null,null,null,null,NO,null,null,null,null,null,null,NO,null,NO,NO,null,YES,null,null
openfema,odp,individuals_and_households_program_valid_registrations,ownRent,18,null,YES,string,STRING,0,0,null,null,null,null,null,null,null,NO,null,null,null,null,null,null,NO,null,NO,NO,null,YES,null,null
openfema,odp,individuals_and_households_program_valid_registrations,primaryResidence,19,null,YES,string,STRING,0,0,null,null,null,null,null,null,null,NO,null,null,null,null,null,null,NO,null,NO,NO,null,YES,null,null
openfema,odp,individuals_and_households_program_valid_registrations,residenceType,20,null,YES,string,STRING,0,0,null,null,null,null,null,null,null,NO,null,null,null,null,null,null,NO,null,NO,NO,null,YES,null,null
openfema,odp,individuals_and_households_program_valid_registrations,homeOwnersInsurance,21,null,YES,string,STRING,0,0,null,null,null,null,null,null,null,NO,null,null,null,null,null,null,NO,null,NO,NO,null,YES,null,null
openfema,odp,individuals_and_households_program_valid_registrations,floodInsurance,22,null,YES,string,STRING,0,0,null,null,null,null,null,null,null,NO,null,null,null,null,null,null,NO,null,NO,NO,null,YES,null,null
openfema,odp,individuals_and_households_program_valid_registrations,registrationMethod,23,null,YES,string,STRING,0,0,null,null,null,null,null,null,null,NO,null,null,null,null,null,null,NO,null,NO,NO,null,YES,null,null
openfema,odp,individuals_and_households_program_valid_registrations,ihpReferral,24,null,YES,string,STRING,0,0,null,null,null,null,null,null,null,NO,null,null,null,null,null,null,NO,null,NO,NO,null,YES,null,null
openfema,odp,individuals_and_households_program_valid_registrations,ihpEligible,25,null,YES,string,STRING,0,0,null,null,null,null,null,null,null,NO,null,null,null,null,null,null,NO,null,NO,NO,null,YES,null,null
openfema,odp,individuals_and_households_program_valid_registrations,ihpAmount,26,null,YES,string,STRING,0,0,null,null,null,null,null,null,null,NO,null,null,null,null,null,null,NO,null,NO,NO,null,YES,null,null
openfema,odp,individuals_and_households_program_valid_registrations,ineligibleReason,27,null,YES,string,STRING,0,0,null,null,null,null,null,null,null,NO,null,null,null,null,null,null,NO,null,NO,NO,null,YES,null,null
openfema,odp,individuals_and_households_program_valid_registrations,fipAmount,28,null,YES,string,STRING,0,0,null,null,null,null,null,null,null,NO,null,null,null,null,null,null,NO,null,NO,NO,null,YES,null,null
openfema,odp,individuals_and_households_program_valid_registrations,haReferral,29,null,YES,string,STRING,0,0,null,null,null,null,null,null,null,NO,null,null,null,null,null,null,NO,null,NO,NO,null,YES,null,null
openfema,odp,individuals_and_households_program_valid_registrations,haEligible,30,null,YES,string,STRING,0,0,null,null,null,null,null,null,null,NO,null,null,null,null,null,null,NO,null,NO,NO,null,YES,null,null
openfema,odp,individuals_and_households_program_valid_registrations,haAmount,31,null,YES,string,STRING,0,0,null,null,null,null,null,null,null,NO,null,null,null,null,null,null,NO,null,NO,NO,null,YES,null,null
openfema,odp,individuals_and_households_program_valid_registrations,haStatus,32,null,YES,string,STRING,0,0,null,null,null,null,null,null,null,NO,null,null,null,null,null,null,NO,null,NO,NO,null,YES,null,null
openfema,odp,individuals_and_households_program_valid_registrations,onaReferral,33,null,YES,string,STRING,0,0,null,null,null,null,null,null,null,NO,null,null,null,null,null,null,NO,null,NO,NO,null,YES,null,null
openfema,odp,individuals_and_households_program_valid_registrations,onaEligible,34,null,YES,string,STRING,0,0,null,null,null,null,null,null,null,NO,null,null,null,null,null,null,NO,null,NO,NO,null,YES,null,null
openfema,odp,individuals_and_households_program_valid_registrations,onaAmount,35,null,YES,string,STRING,0,0,null,null,null,null,null,null,null,NO,null,null,null,null,null,null,NO,null,NO,NO,null,YES,null,null
openfema,odp,individuals_and_households_program_valid_registrations,transientAccommodEligible,36,null,YES,string,STRING,0,0,null,null,null,null,null,null,null,NO,null,null,null,null,null,null,NO,null,NO,NO,null,YES,null,null
openfema,odp,individuals_and_households_program_valid_registrations,transientAccommodAmount,37,null,YES,string,STRING,0,0,null,null,null,null,null,null,null,NO,null,null,null,null,null,null,NO,null,NO,NO,null,YES,null,null
openfema,odp,individuals_and_households_program_valid_registrations,onaMedicalAssistEligible,38,null,YES,string,STRING,0,0,null,null,null,null,null,null,null,NO,null,null,null,null,null,null,NO,null,NO,NO,null,YES,null,null
openfema,odp,individuals_and_households_program_valid_registrations,onaMedicalAssistAmount,39,null,YES,string,STRING,0,0,null,null,null,null,null,null,null,NO,null,null,null,null,null,null,NO,null,NO,NO,null,YES,null,null
openfema,odp,individuals_and_households_program_valid_registrations,onaDentalAssistEligible,40,null,YES,string,STRING,0,0,null,null,null,null,null,null,null,NO,null,null,null,null,null,null,NO,null,NO,NO,null,YES,null,null
openfema,odp,individuals_and_households_program_valid_registrations,onaDentalAssistAmount,41,null,YES,string,STRING,0,0,null,null,null,null,null,null,null,NO,null,null,null,null,null,null,NO,null,NO,NO,null,YES,null,null
openfema,odp,individuals_and_households_program_valid_registrations,onaFuneralAssistEligible,42,null,YES,string,STRING,0,0,null,null,null,null,null,null,null,NO,null,null,null,null,null,null,NO,null,NO,NO,null,YES,null,null
openfema,odp,individuals_and_households_program_valid_registrations,onaFuneralAssistAmount,43,null,YES,string,STRING,0,0,null,null,null,null,null,null,null,NO,null,null,null,null,null,null,NO,null,NO,NO,null,YES,null,null
openfema,odp,individuals_and_households_program_valid_registrations,onaMovingAssistEligible,44,null,YES,string,STRING,0,0,null,null,null,null,null,null,null,NO,null,null,null,null,null,null,NO,null,NO,NO,null,YES,null,null
openfema,odp,individuals_and_households_program_valid_registrations,onaMovingAssistAmount,45,null,YES,string,STRING,0,0,null,null,null,null,null,null,null,NO,null,null,null,null,null,null,NO,null,NO,NO,null,YES,null,null
openfema,odp,individuals_and_households_program_valid_registrations,onaOtherAssistEligible,46,null,YES,string,STRING,0,0,null,null,null,null,null,null,null,NO,null,null,null,null,null,null,NO,null,NO,NO,null,YES,null,null
openfema,odp,individuals_and_households_program_valid_registrations,onaOtherAssistAmount,47,null,YES,string,STRING,0,0,null,null,null,null,null,null,null,NO,null,null,null,null,null,null,NO,null,NO,NO,null,YES,null,null
openfema,odp,individuals_and_households_program_valid_registrations,utilitiesOut,48,null,YES,string,STRING,0,0,null,null,null,null,null,null,null,NO,null,null,null,null,null,null,NO,null,NO,NO,null,YES,null,null
openfema,odp,individuals_and_households_program_valid_registrations,homeDamage,49,null,YES,string,STRING,0,0,null,null,null,null,null,null,null,NO,null,null,null,null,null,null,NO,null,NO,NO,null,YES,null,null
openfema,odp,individuals_and_households_program_valid_registrations,autoDamage,50,null,YES,string,STRING,0,0,null,null,null,null,null,null,null,NO,null,null,null,null,null,null,NO,null,NO,NO,null,YES,null,null
openfema,odp,individuals_and_households_program_valid_registrations,emergencyNeeds,51,null,YES,string,STRING,0,0,null,null,null,null,null,null,null,NO,null,null,null,null,null,null,NO,null,NO,NO,null,YES,null,null
openfema,odp,individuals_and_households_program_valid_registrations,foodNeed,52,null,YES,string,STRING,0,0,null,null,null,null,null,null,null,NO,null,null,null,null,null,null,NO,null,NO,NO,null,YES,null,null
openfema,odp,individuals_and_households_program_valid_registrations,shelterNeed,53,null,YES,string,STRING,0,0,null,null,null,null,null,null,null,NO,null,null,null,null,null,null,NO,null,NO,NO,null,YES,null,null
openfema,odp,individuals_and_households_program_valid_registrations,accessFunctionalNeeds,54,null,YES,string,STRING,0,0,null,null,null,null,null,null,null,NO,null,null,null,null,null,null,NO,null,NO,NO,null,YES,null,null
openfema,odp,individuals_and_households_program_valid_registrations,sbaApproved,55,null,YES,string,STRING,0,0,null,null,null,null,null,null,null,NO,null,null,null,null,null,null,NO,null,NO,NO,null,YES,null,null
openfema,odp,individuals_and_households_program_valid_registrations,inspnIssued,56,null,YES,string,STRING,0,0,null,null,null,null,null,null,null,NO,null,null,null,null,null,null,NO,null,NO,NO,null,YES,null,null
openfema,odp,individuals_and_households_program_valid_registrations,inspnReturned,57,null,YES,string,STRING,0,0,null,null,null,null,null,null,null,NO,null,null,null,null,null,null,NO,null,NO,NO,null,YES,null,null
openfema,odp,individuals_and_households_program_valid_registrations,habitabilityRepairsRequired,58,null,YES,string,STRING,0,0,null,null,null,null,null,null,null,NO,null,null,null,null,null,null,NO,null,NO,NO,null,YES,null,null
openfema,odp,individuals_and_households_program_valid_registrations,rpfvl,59,null,YES,string,STRING,0,0,null,null,null,null,null,null,null,NO,null,null,null,null,null,null,NO,null,NO,NO,null,YES,null,null
openfema,odp,individuals_and_households_program_valid_registrations,ppfvl,60,null,YES,string,STRING,0,0,null,null,null,null,null,null,null,NO,null,null,null,null,null,null,NO,null,NO,NO,null,YES,null,null
openfema,odp,individuals_and_households_program_valid_registrations,renterDamageLevel,61,null,YES,string,STRING,0,0,null,null,null,null,null,null,null,NO,null,null,null,null,null,null,NO,null,NO,NO,null,YES,null,null
openfema,odp,individuals_and_households_program_valid_registrations,destroyed,62,null,YES,string,STRING,0,0,null,null,null,null,null,null,null,NO,null,null,null,null,null,null,NO,null,NO,NO,null,YES,null,null
openfema,odp,individuals_and_households_program_valid_registrations,waterLevel,63,null,YES,string,STRING,0,0,null,null,null,null,null,null,null,NO,null,null,null,null,null,null,NO,null,NO,NO,null,YES,null,null
openfema,odp,individuals_and_households_program_valid_registrations,highWaterLocation,64,null,YES,string,STRING,0,0,null,null,null,null,null,null,null,NO,null,null,null,null,null,null,NO,null,NO,NO,null,YES,null,null
openfema,odp,individuals_and_households_program_valid_registrations,floodDamage,65,null,YES,string,STRING,0,0,null,null,null,null,null,null,null,NO,null,null,null,null,null,null,NO,null,NO,NO,null,YES,null,null
openfema,odp,individuals_and_households_program_valid_registrations,floodDamageAmount,66,null,YES,string,STRING,0,0,null,null,null,null,null,null,null,NO,null,null,null,null,null,null,NO,null,NO,NO,null,YES,null,null
openfema,odp,individuals_and_households_program_valid_registrations,foundationDamage,67,null,YES,string,STRING,0,0,null,null,null,null,null,null,null,NO,null,null,null,null,null,null,NO,null,NO,NO,null,YES,null,null
openfema,odp,individuals_and_households_program_valid_registrations,foundationDamageAmount,68,null,YES,string,STRING,0,0,null,null,null,null,null,null,null,NO,null,null,null,null,null,null,NO,null,NO,NO,null,YES,null,null
openfema,odp,individuals_and_households_program_valid_registrations,roofDamage,69,null,YES,string,STRING,0,0,null,null,null,null,null,null,null,NO,null,null,null,null,null,null,NO,null,NO,NO,null,YES,null,null
openfema,odp,individuals_and_households_program_valid_registrations,roofDamageAmount,70,null,YES,string,STRING,0,0,null,null,null,null,null,null,null,NO,null,null,null,null,null,null,NO,null,NO,NO,null,YES,null,null
openfema,odp,individuals_and_households_program_valid_registrations,tsaEligible,71,null,YES,string,STRING,0,0,null,null,null,null,null,null,null,NO,null,null,null,null,null,null,NO,null,NO,NO,null,YES,null,null
openfema,odp,individuals_and_households_program_valid_registrations,tsaCheckedIn,72,null,YES,string,STRING,0,0,null,null,null,null,null,null,null,NO,null,null,null,null,null,null,NO,null,NO,NO,null,YES,null,null
openfema,odp,individuals_and_households_program_valid_registrations,rentalAssistanceEligible,73,null,YES,string,STRING,0,0,null,null,null,null,null,null,null,NO,null,null,null,null,null,null,NO,null,NO,NO,null,YES,null,null
openfema,odp,individuals_and_households_program_valid_registrations,rentalAssistanceAmount,74,null,YES,string,STRING,0,0,null,null,null,null,null,null,null,NO,null,null,null,null,null,null,NO,null,NO,NO,null,YES,null,null
openfema,odp,individuals_and_households_program_valid_registrations,rentalAssistanceEndDate,75,null,YES,string,STRING,0,0,null,null,null,null,null,null,null,NO,null,null,null,null,null,null,NO,null,NO,NO,null,YES,null,null
openfema,odp,individuals_and_households_program_valid_registrations,rentalResourceCity,76,null,YES,string,STRING,0,0,null,null,null,null,null,null,null,NO,null,null,null,null,null,null,NO,null,NO,NO,null,YES,null,null
openfema,odp,individuals_and_households_program_valid_registrations,rentalResourceStateAbbrev,77,null,YES,string,STRING,0,0,null,null,null,null,null,null,null,NO,null,null,null,null,null,null,NO,null,NO,NO,null,YES,null,null
openfema,odp,individuals_and_households_program_valid_registrations,rentalResourceZipCode,78,null,YES,string,STRING,0,0,null,null,null,null,null,null,null,NO,null,null,null,null,null,null,NO,null,NO,NO,null,YES,null,null
openfema,odp,individuals_and_households_program_valid_registrations,repairAssistanceEligible,79,null,YES,string,STRING,0,0,null,null,null,null,null,null,null,NO,null,null,null,null,null,null,NO,null,NO,NO,null,YES,null,null
openfema,odp,individuals_and_households_program_valid_registrations,repairAmount,80,null,YES,string,STRING,0,0,null,null,null,null,null,null,null,NO,null,null,null,null,null,null,NO,null,NO,NO,null,YES,null,null
openfema,odp,individuals_and_households_program_valid_registrations,replacementAssistanceEligible,81,null,YES,string,STRING,0,0,null,null,null,null,null,null,null,NO,null,null,null,null,null,null,NO,null,NO,NO,null,YES,null,null
openfema,odp,individuals_and_households_program_valid_registrations,replacementAmount,82,null,YES,string,STRING,0,0,null,null,null,null,null,null,null,NO,null,null,null,null,null,null,NO,null,NO,NO,null,YES,null,null
openfema,odp,individuals_and_households_program_valid_registrations,personalPropertyEligible,83,null,YES,string,STRING,0,0,null,null,null,null,null,null,null,NO,null,null,null,null,null,null,NO,null,NO,NO,null,YES,null,null
openfema,odp,individuals_and_households_program_valid_registrations,personalPropertyAmount,84,null,YES,string,STRING,0,0,null,null,null,null,null,null,null,NO,null,null,null,null,null,null,NO,null,NO,NO,null,YES,null,null
openfema,odp,individuals_and_households_program_valid_registrations,ihpMax,85,null,YES,string,STRING,0,0,null,null,null,null,null,null,null,NO,null,null,null,null,null,null,NO,null,NO,NO,null,YES,null,null
openfema,odp,individuals_and_households_program_valid_registrations,haMax,86,null,YES,string,STRING,0,0,null,null,null,null,null,null,null,NO,null,null,null,null,null,null,NO,null,NO,NO,null,YES,null,null
openfema,odp,individuals_and_households_program_valid_registrations,onaMax,87,null,YES,string,STRING,0,0,null,null,null,null,null,null,null,NO,null,null,null,null,null,null,NO,null,NO,NO,null,YES,null,null
openfema,odp,individuals_and_households_program_valid_registrations,unmetNeedRp,88,null,YES,string,STRING,0,0,null,null,null,null,null,null,null,NO,null,null,null,null,null,null,NO,null,NO,NO,null,YES,null,null
openfema,odp,individuals_and_households_program_valid_registrations,unmetNeedPp,89,null,YES,string,STRING,0,0,null,null,null,null,null,null,null,NO,null,null,null,null,null,null,NO,null,NO,NO,null,YES,null,null
openfema,odp,individuals_and_households_program_valid_registrations,currentLocation,90,null,YES,string,STRING,0,0,null,null,null,null,null,null,null,NO,null,null,null,null,null,null,NO,null,NO,NO,null,YES,null,null
openfema,odp,individuals_and_households_program_valid_registrations,selfAssessmentInformation,91,null,YES,string,STRING,0,0,null,null,null,null,null,null,null,NO,null,null,null,null,null,null,NO,null,NO,NO,null,YES,null,null
openfema,odp,individuals_and_households_program_valid_registrations,reportedDamage,92,null,YES,string,STRING,0,0,null,null,null,null,null,null,null,NO,null,null,null,null,null,null,NO,null,NO,NO,null,YES,null,null
openfema,odp,individuals_and_households_program_valid_registrations,insufficientDamage,93,null,YES,string,STRING,0,0,null,null,null,null,null,null,null,NO,null,null,null,null,null,null,NO,null,NO,NO,null,YES,null,null
openfema,odp,individuals_and_households_program_valid_registrations,ineligibleInsurance,94,null,YES,string,STRING,0,0,null,null,null,null,null,null,null,NO,null,null,null,null,null,null,NO,null,NO,NO,null,YES,null,null
openfema,odp,individuals_and_households_program_valid_registrations,verifiedOwnership,95,null,YES,string,STRING,0,0,null,null,null,null,null,null,null,NO,null,null,null,null,null,null,NO,null,NO,NO,null,YES,null,null
openfema,odp,individuals_and_households_program_valid_registrations,verifiedOccupancy,96,null,YES,string,STRING,0,0,null,null,null,null,null,null,null,NO,null,null,null,null,null,null,NO,null,NO,NO,null,YES,null,null
openfema,odp,individuals_and_households_program_valid_registrations,appliedDate,97,null,YES,string,STRING,0,0,null,null,null,null,null,null,null,NO,null,null,null,null,null,null,NO,null,NO,NO,null,YES,null,null
openfema,odp,individuals_and_households_program_valid_registrations,lastRefresh,98,null,YES,string,STRING,0,0,null,null,null,null,null,null,null,NO,null,null,null,null,null,null,NO,null,NO,NO,null,YES,null,null
openfema,odp,individuals_and_households_program_valid_registrations,id,99,null,YES,string,STRING,0,0,null,null,null,null,null,null,null,NO,null,null,null,null,null,null,NO,null,NO,NO,null,YES,null,null
openfema,odp,individuals_and_households_program_valid_registrations,femadexLastRefresh,100,null,YES,timestamp,TIMESTAMP,null,null,null,null,null,3,null,null,null,NO,null,null,null,null,null,null,NO,null,NO,NO,null,YES,null,null
openfema,odp,mission_assignments,incidentId,0,null,YES,string,STRING,0,0,null,null,null,null,null,null,null,NO,null,null,null,null,null,null,NO,null,NO,NO,null,YES,null,Unique identifier for each incident
openfema,odp,mission_assignments,incidentName,1,null,YES,string,STRING,0,0,null,null,null,null,null,null,null,NO,null,null,null,null,null,null,NO,null,NO,NO,null,YES,null,Name or title of the incident
openfema,odp,mission_assignments,incidentType,2,null,YES,string,STRING,0,0,null,null,null,null,null,null,null,NO,null,null,null,null,null,null,NO,null,NO,NO,null,YES,null,Type or category of the incident
openfema,odp,mission_assignments,disasterNumber,3,null,YES,double,DOUBLE,null,null,null,2,null,null,null,null,null,NO,null,null,null,null,null,null,NO,null,NO,NO,null,YES,null,Unique identifier for each disaster
openfema,odp,mission_assignments,declarationType,4,null,YES,string,STRING,0,0,null,null,null,null,null,null,null,NO,null,null,null,null,null,null,NO,null,NO,NO,null,YES,null,Type of declaration related to the incident
openfema,odp,mission_assignments,declarationTitle,5,null,YES,string,STRING,0,0,null,null,null,null,null,null,null,NO,null,null,null,null,null,null,NO,null,NO,NO,null,YES,null,Title or name of the declaration
openfema,odp,mission_assignments,maId,6,null,YES,string,STRING,0,0,null,null,null,null,null,null,null,NO,null,null,null,null,null,null,NO,null,NO,NO,null,YES,null,Unique identifier for each mission assignment
openfema,odp,mission_assignments,maAmendNumber,7,null,YES,bigint,LONG,null,null,null,null,null,null,null,null,null,NO,null,null,null,null,null,null,NO,null,NO,NO,null,YES,null,Number indicating any amendments made to the mission assignment
openfema,odp,mission_assignments,actionId,8,null,YES,bigint,LONG,null,null,null,null,null,null,null,null,null,NO,null,null,null,null,null,null,NO,null,NO,NO,null,YES,null,Unique identifier for each action related to the mission assignment
openfema,odp,mission_assignments,maType,9,null,YES,string,STRING,0,0,null,null,null,null,null,null,null,NO,null,null,null,null,null,null,NO,null,NO,NO,null,YES,null,Type or category of the mission assignment
openfema,odp,mission_assignments,supportFunction,10,null,YES,double,DOUBLE,null,null,null,2,null,null,null,null,null,NO,null,null,null,null,null,null,NO,null,NO,NO,null,YES,null,Code indicating the support function provided
openfema,odp,mission_assignments,priority,11,null,YES,string,STRING,0,0,null,null,null,null,null,null,null,NO,null,null,null,null,null,null,NO,null,NO,NO,null,YES,null,Priority level assigned to the mission assignment
openfema,odp,mission_assignments,region,12,null,YES,bigint,LONG,null,null,null,null,null,null,null,null,null,NO,null,null,null,null,null,null,NO,null,NO,NO,null,YES,null,Region code where the incident occurred
openfema,odp,mission_assignments,stt,13,null,YES,string,STRING,0,0,null,null,null,null,null,null,null,NO,null,null,null,null,null,null,NO,null,NO,NO,null,YES,null,State code where the incident occurred
openfema,odp,mission_assignments,agencyId,14,null,YES,string,STRING,0,0,null,null,null,null,null,null,null,NO,null,null,null,null,null,null,NO,null,NO,NO,null,YES,null,Unique identifier for each agency involved
openfema,odp,mission_assignments,agency,15,null,YES,string,STRING,0,0,null,null,null,null,null,null,null,NO,null,null,null,null,null,null,NO,null,NO,NO,null,YES,null,Name of the agency involved in the mission assignment
openfema,odp,mission_assignments,authority,16,null,YES,string,STRING,0,0,null,null,null,null,null,null,null,NO,null,null,null,null,null,null,NO,null,NO,NO,null,YES,null,Authority or jurisdiction related to the mission assignment
openfema,odp,mission_assignments,dateReceived,17,null,YES,string,STRING,0,0,null,null,null,null,null,null,null,NO,null,null,null,null,null,null,NO,null,NO,NO,null,YES,null,Date when the mission assignment was received
openfema,odp,mission_assignments,dateRequired,18,null,YES,string,STRING,0,0,null,null,null,null,null,null,null,NO,null,null,null,null,null,null,NO,null,NO,NO,null,YES,null,Date when the mission assignment is required to be completed
openfema,odp,mission_assignments,popStartDate,19,null,YES,string,STRING,0,0,null,null,null,null,null,null,null,NO,null,null,null,null,null,null,NO,null,NO,NO,null,YES,null,Start date for the period of performance of the mission assignment
openfema,odp,mission_assignments,popEndDate,20,null,YES,string,STRING,0,0,null,null,null,null,null,null,null,NO,null,null,null,null,null,null,NO,null,NO,NO,null,YES,null,End date for the period of performance of the mission assignment
openfema,odp,mission_assignments,dateObligated,21,null,YES,string,STRING,0,0,null,null,null,null,null,null,null,NO,null,null,null,null,null,null,NO,null,NO,NO,null,YES,null,Date when the mission assignment was obligated or funded
openfema,odp,mission_assignments,obligationAmount,22,null,YES,double,DOUBLE,null,null,null,2,null,null,null,null,null,NO,null,null,null,null,null,null,NO,null,NO,NO,null,YES,null,Amount of funds obligated for the mission assignment
openfema,odp,mission_assignments,sttCostSharePct,23,null,YES,double,DOUBLE,null,null,null,2,null,null,null,null,null,NO,null,null,null,null,null,null,NO,null,NO,NO,null,YES,null,Percentage of cost sharing by the state for the mission assignment
openfema,odp,mission_assignments,fedCostSharePct,24,null,YES,double,DOUBLE,null,null,null,2,null,null,null,null,null,NO,null,null,null,null,null,null,NO,null,NO,NO,null,YES,null,Percentage of cost sharing by the federal government for the mission assignment
openfema,odp,mission_assignments,sttCostShareAmt,25,null,YES,double,DOUBLE,null,null,null,2,null,null,null,null,null,NO,null,null,null,null,null,null,NO,null,NO,NO,null,YES,null,Amount of cost sharing by the state for the mission assignment
openfema,odp,mission_assignments,fedCostShareAmt,26,null,YES,double,DOUBLE,null,null,null,2,null,null,null,null,null,NO,null,null,null,null,null,null,NO,null,NO,NO,null,YES,null,Amount of cost sharing by the federal government for the mission assignment
openfema,odp,mission_assignments,maPopStartDate,27,null,YES,string,STRING,0,0,null,null,null,null,null,null,null,NO,null,null,null,null,null,null,NO,null,NO,NO,null,YES,null,Start date for the period of performance of the mission assignment
openfema,odp,mission_assignments,maPopEndDate,28,null,YES,string,STRING,0,0,null,null,null,null,null,null,null,NO,null,null,null,null,null,null,NO,null,NO,NO,null,YES,null,End date for the period of performance of the mission assignment
openfema,odp,mission_assignments,maSttCostSharePct,29,null,YES,double,DOUBLE,null,null,null,2,null,null,null,null,null,NO,null,null,null,null,null,null,NO,null,NO,NO,null,YES,null,Percentage of cost sharing by the state for the mission assignment
openfema,odp,mission_assignments,maFedCostSharePct,30,null,YES,double,DOUBLE,null,null,null,2,null,null,null,null,null,NO,null,null,null,null,null,null,NO,null,NO,NO,null,YES,null,Percentage of cost sharing by the federal government for the mission assignment
openfema,odp,mission_assignments,maSttCostShareAmount,31,null,YES,double,DOUBLE,null,null,null,2,null,null,null,null,null,NO,null,null,null,null,null,null,NO,null,NO,NO,null,YES,null,Amount of cost sharing by the state for the mission assignment
openfema,odp,mission_assignments,maFedCostShareAmount,32,null,YES,double,DOUBLE,null,null,null,2,null,null,null,null,null,NO,null,null,null,null,null,null,NO,null,NO,NO,null,YES,null,Amount of cost sharing by the federal government for the mission assignment
openfema,odp,mission_assignments,maPriority,33,null,YES,string,STRING,0,0,null,null,null,null,null,null,null,NO,null,null,null,null,null,null,NO,null,NO,NO,null,YES,null,Priority level assigned to the mission assignment
openfema,odp,mission_assignments,assistanceRequested,34,null,YES,string,STRING,0,0,null,null,null,null,null,null,null,NO,null,null,null,null,null,null,NO,null,NO,NO,null,YES,null,Type or nature of assistance requested for the mission assignment
openfema,odp,mission_assignments,statementOfWork,35,null,YES,string,STRING,0,0,null,null,null,null,null,null,null,NO,null,null,null,null,null,null,NO,null,NO,NO,null,YES,null,Detailed description of the work to be performed under the mission assignment
openfema,odp,mission_assignments,id,36,null,YES,string,STRING,0,0,null,null,null,null,null,null,null,NO,null,null,null,null,null,null,NO,null,NO,NO,null,YES,null,Unique identifier for each record in the table
openfema,odp,mission_assignments,hash,37,null,YES,string,STRING,0,0,null,null,null,null,null,null,null,NO,null,null,null,null,null,null,NO,null,NO,NO,null,YES,null,Hash value for data integrity and validation purposes
openfema,odp,mission_assignments,lastRefresh,38,null,YES,string,STRING,0,0,null,null,null,null,null,null,null,NO,null,null,null,null,null,null,NO,null,NO,NO,null,YES,null,Date and time when the data was last refreshed in the table
openfema,odp,mission_assignments,femadexLastRefresh,39,null,YES,timestamp,TIMESTAMP,null,null,null,null,null,3,null,null,null,NO,null,null,null,null,null,null,NO,null,NO,NO,null,YES,null,Date and time when data from FEMA's system was last refreshed in the table
openfema,odp,nfip_community_assistance_contacts,communityIdNumber,0,null,YES,string,STRING,0,0,null,null,null,null,null,null,null,NO,null,null,null,null,null,null,NO,null,NO,NO,null,YES,null,Unique identifier for each community participating in NFIP
openfema,odp,nfip_community_assistance_contacts,currentNfipParticipationStatus,1,null,YES,string,STRING,0,0,null,null,null,null,null,null,null,NO,null,null,null,null,null,null,NO,null,NO,NO,null,YES,null,Current status of NFIP participation for the community
openfema,odp,nfip_community_assistance_contacts,communityName,2,null,YES,string,STRING,0,0,null,null,null,null,null,null,null,NO,null,null,null,null,null,null,NO,null,NO,NO,null,YES,null,Name of the community participating in NFIP
openfema,odp,nfip_community_assistance_contacts,county,3,null,YES,string,STRING,0,0,null,null,null,null,null,null,null,NO,null,null,null,null,null,null,NO,null,NO,NO,null,YES,null,County where the community is located
openfema,odp,nfip_community_assistance_contacts,state,4,null,YES,string,STRING,0,0,null,null,null,null,null,null,null,NO,null,null,null,null,null,null,NO,null,NO,NO,null,YES,null,State where the community is located
openfema,odp,nfip_community_assistance_contacts,femaRegion,5,null,YES,string,STRING,0,0,null,null,null,null,null,null,null,NO,null,null,null,null,null,null,NO,null,NO,NO,null,YES,null,FEMA region assigned to the community
openfema,odp,nfip_community_assistance_contacts,tribal,6,null,YES,string,STRING,0,0,null,null,null,null,null,null,null,NO,null,null,null,null,null,null,NO,null,NO,NO,null,YES,null,Indicates if the community has tribal affiliation
openfema,odp,nfip_community_assistance_contacts,cacOpenDate,7,null,YES,string,STRING,0,0,null,null,null,null,null,null,null,NO,null,null,null,null,null,null,NO,null,NO,NO,null,YES,null,Date when the Community Assistance Contact was opened
openfema,odp,nfip_community_assistance_contacts,cacOrdinanceFinding,8,null,YES,string,STRING,0,0,null,null,null,null,null,null,null,NO,null,null,null,null,null,null,NO,null,NO,NO,null,YES,null,Findings related to ordinances in the community
openfema,odp,nfip_community_assistance_contacts,cacEnforcementFinding,9,null,YES,string,STRING,0,0,null,null,null,null,null,null,null,NO,null,null,null,null,null,null,NO,null,NO,NO,null,YES,null,Findings related to enforcement actions in the community
openfema,odp,nfip_community_assistance_contacts,cacEngineeringFinding,10,null,YES,string,STRING,0,0,null,null,null,null,null,null,null,NO,null,null,null,null,null,null,NO,null,NO,NO,null,YES,null,Findings related to engineering assessments in the community
openfema,odp,nfip_community_assistance_contacts,cacOtherFinding,11,null,YES,string,STRING,0,0,null,null,null,null,null,null,null,NO,null,null,null,null,null,null,NO,null,NO,NO,null,YES,null,Other findings related to community assistance
openfema,odp,nfip_community_assistance_contacts,cacViolations,12,null,YES,string,STRING,0,0,null,null,null,null,null,null,null,NO,null,null,null,null,null,null,NO,null,NO,NO,null,YES,null,Violations identified in the community
openfema,odp,nfip_community_assistance_contacts,cacClosed,13,null,YES,string,STRING,0,0,null,null,null,null,null,null,null,NO,null,null,null,null,null,null,NO,null,NO,NO,null,YES,null,Indicates if the Community Assistance Contact is closed
openfema,odp,nfip_community_assistance_contacts,cacAgency,14,null,YES,string,STRING,0,0,null,null,null,null,null,null,null,NO,null,null,null,null,null,null,NO,null,NO,NO,null,YES,null,Agency responsible for managing the Community Assistance Contact
openfema,odp,nfip_community_assistance_contacts,lastRefresh,15,null,YES,string,STRING,0,0,null,null,null,null,null,null,null,NO,null,null,null,null,null,null,NO,null,NO,NO,null,YES,null,Date of the last data refresh for the record
openfema,odp,nfip_community_assistance_contacts,id,16,null,YES,string,STRING,0,0,null,null,null,null,null,null,null,NO,null,null,null,null,null,null,NO,null,NO,NO,null,YES,null,Unique identifier for each record in the table
openfema,odp,nfip_community_assistance_contacts,femadexLastRefresh,17,null,YES,timestamp,TIMESTAMP,null,null,null,null,null,3,null,null,null,NO,null,null,null,null,null,null,NO,null,NO,NO,null,YES,null,Timestamp of the last data refresh from FEMA's data exchange
openfema,odp,nfip_community_assistance_visits,communityIdNumber,0,null,YES,string,STRING,0,0,null,null,null,null,null,null,null,NO,null,null,null,null,null,null,NO,null,NO,NO,null,YES,null,Identifier for the community
openfema,odp,nfip_community_assistance_visits,currentNfipParticipationStatus,1,null,YES,boolean,BOOLEAN,null,null,null,null,null,null,null,null,null,NO,null,null,null,null,null,null,NO,null,NO,NO,null,YES,null,Current participation status in NFIP (True/False)
openfema,odp,nfip_community_assistance_visits,communityName,2,null,YES,string,STRING,0,0,null,null,null,null,null,null,null,NO,null,null,null,null,null,null,NO,null,NO,NO,null,YES,null,Name of the community
openfema,odp,nfip_community_assistance_visits,county,3,null,YES,string,STRING,0,0,null,null,null,null,null,null,null,NO,null,null,null,null,null,null,NO,null,NO,NO,null,YES,null,County where the community is located
openfema,odp,nfip_community_assistance_visits,state,4,null,YES,string,STRING,0,0,null,null,null,null,null,null,null,NO,null,null,null,null,null,null,NO,null,NO,NO,null,YES,null,State where the community is located
openfema,odp,nfip_community_assistance_visits,femaRegion,5,null,YES,bigint,LONG,null,null,null,null,null,null,null,null,null,NO,null,null,null,null,null,null,NO,null,NO,NO,null,YES,null,FEMA region number
openfema,odp,nfip_community_assistance_visits,tribal,6,null,YES,boolean,BOOLEAN,null,null,null,null,null,null,null,null,null,NO,null,null,null,null,null,null,NO,null,NO,NO,null,YES,null,Indicates if the community is tribal (True/False)
openfema,odp,nfip_community_assistance_visits,cavOpenDate,7,null,YES,string,STRING,0,0,null,null,null,null,null,null,null,NO,null,null,null,null,null,null,NO,null,NO,NO,null,YES,null,Date when the visit was opened
openfema,odp,nfip_community_assistance_visits,cavOrdinanceFinding,8,null,YES,string,STRING,0,0,null,null,null,null,null,null,null,NO,null,null,null,null,null,null,NO,null,NO,NO,null,YES,null,Findings related to ordinances during the visit
openfema,odp,nfip_community_assistance_visits,cavEnforcementFinding,9,null,YES,string,STRING,0,0,null,null,null,null,null,null,null,NO,null,null,null,null,null,null,NO,null,NO,NO,null,YES,null,Findings related to enforcement actions during the visit
openfema,odp,nfip_community_assistance_visits,cavEngineeringFinding,10,null,YES,string,STRING,0,0,null,null,null,null,null,null,null,NO,null,null,null,null,null,null,NO,null,NO,NO,null,YES,null,Findings related to engineering during the visit
openfema,odp,nfip_community_assistance_visits,cavOtherFinding,11,null,YES,string,STRING,0,0,null,null,null,null,null,null,null,NO,null,null,null,null,null,null,NO,null,NO,NO,null,YES,null,Other findings during the visit
openfema,odp,nfip_community_assistance_visits,cavViolations,12,null,YES,string,STRING,0,0,null,null,null,null,null,null,null,NO,null,null,null,null,null,null,NO,null,NO,NO,null,YES,null,Violations identified during the visit
openfema,odp,nfip_community_assistance_visits,cavRemedialActionsAssigned,13,null,YES,boolean,BOOLEAN,null,null,null,null,null,null,null,null,null,NO,null,null,null,null,null,null,NO,null,NO,NO,null,YES,null,Indicates if remedial actions were assigned (True/False)
openfema,odp,nfip_community_assistance_visits,cavClosed,14,null,YES,string,STRING,0,0,null,null,null,null,null,null,null,NO,null,null,null,null,null,null,NO,null,NO,NO,null,YES,null,Date when the visit was closed
openfema,odp,nfip_community_assistance_visits,cavAgency,15,null,YES,string,STRING,0,0,null,null,null,null,null,null,null,NO,null,null,null,null,null,null,NO,null,NO,NO,null,YES,null,Agency responsible for the visit
openfema,odp,nfip_community_assistance_visits,lastRefresh,16,null,YES,string,STRING,0,0,null,null,null,null,null,null,null,NO,null,null,null,null,null,null,NO,null,NO,NO,null,YES,null,Date of last data refresh
openfema,odp,nfip_community_assistance_visits,id,17,null,YES,string,STRING,0,0,null,null,null,null,null,null,null,NO,null,null,null,null,null,null,NO,null,NO,NO,null,YES,null,Unique identifier for the record
openfema,odp,nfip_community_assistance_visits,femadexLastRefresh,18,null,YES,timestamp,TIMESTAMP,null,null,null,null,null,3,null,null,null,NO,null,null,null,null,null,null,NO,null,NO,NO,null,YES,null,Timestamp of last refresh in FEMADEX system
openfema,odp,nfip_community_engagements,communityIdNumber,0,null,YES,string,STRING,0,0,null,null,null,null,null,null,null,NO,null,null,null,null,null,null,NO,null,NO,NO,null,YES,null,Identifier for the community
openfema,odp,nfip_community_engagements,currentNfipParticipationStatus,1,null,YES,boolean,BOOLEAN,null,null,null,null,null,null,null,null,null,NO,null,null,null,null,null,null,NO,null,NO,NO,null,YES,null,Current participation status in NFIP (True/False)
openfema,odp,nfip_community_engagements,communityName,2,null,YES,string,STRING,0,0,null,null,null,null,null,null,null,NO,null,null,null,null,null,null,NO,null,NO,NO,null,YES,null,Name of the community
openfema,odp,nfip_community_engagements,county,3,null,YES,string,STRING,0,0,null,null,null,null,null,null,null,NO,null,null,null,null,null,null,NO,null,NO,NO,null,YES,null,County where the community is located
openfema,odp,nfip_community_engagements,state,4,null,YES,string,STRING,0,0,null,null,null,null,null,null,null,NO,null,null,null,null,null,null,NO,null,NO,NO,null,YES,null,State where the community is located
openfema,odp,nfip_community_engagements,femaRegion,5,null,YES,bigint,LONG,null,null,null,null,null,null,null,null,null,NO,null,null,null,null,null,null,NO,null,NO,NO,null,YES,null,FEMA region number
openfema,odp,nfip_community_engagements,tribal,6,null,YES,boolean,BOOLEAN,null,null,null,null,null,null,null,null,null,NO,null,null,null,null,null,null,NO,null,NO,NO,null,YES,null,Indicates if the community is tribal (True/False)
openfema,odp,nfip_community_engagements,numberRepetitiveLossStructures,7,null,YES,double,DOUBLE,null,null,null,2,null,null,null,null,null,NO,null,null,null,null,null,null,NO,null,NO,NO,null,YES,null,Number of repetitive loss structures in the community
openfema,odp,nfip_community_engagements,currentCRSClass,8,null,YES,double,DOUBLE,null,null,null,2,null,null,null,null,null,NO,null,null,null,null,null,null,NO,null,NO,NO,null,YES,null,Current Community Rating System (CRS) class
openfema,odp,nfip_community_engagements,dateOfLastWorkshop,9,null,YES,string,STRING,0,0,null,null,null,null,null,null,null,NO,null,null,null,null,null,null,NO,null,NO,NO,null,YES,null,Date of the last workshop with the community
openfema,odp,nfip_community_engagements,moreRestrictiveOrdinance,10,null,YES,boolean,BOOLEAN,null,null,null,null,null,null,null,null,null,NO,null,null,null,null,null,null,NO,null,NO,NO,null,YES,null,Indicates if there is a more restrictive ordinance in place (True/False)
openfema,odp,nfip_community_engagements,nfipEntryDate,11,null,YES,string,STRING,0,0,null,null,null,null,null,null,null,NO,null,null,null,null,null,null,NO,null,NO,NO,null,YES,null,Date of entry into NFIP
openfema,odp,nfip_community_engagements,crsEntryDate,12,null,YES,string,STRING,0,0,null,null,null,null,null,null,null,NO,null,null,null,null,null,null,NO,null,NO,NO,null,YES,null,Date of entry into CRS
openfema,odp,nfip_community_engagements,crsClassEffectiveDate,13,null,YES,string,STRING,0,0,null,null,null,null,null,null,null,NO,null,null,null,null,null,null,NO,null,NO,NO,null,YES,null,Effective date of the CRS class
openfema,odp,nfip_community_engagements,crsInquiryReceivedDate,14,null,YES,string,STRING,0,0,null,null,null,null,null,null,null,NO,null,null,null,null,null,null,NO,null,NO,NO,null,YES,null,Date when CRS inquiry was received
openfema,odp,nfip_community_engagements,crsCandidate,15,null,YES,boolean,BOOLEAN,null,null,null,null,null,null,null,null,null,NO,null,null,null,null,null,null,NO,null,NO,NO,null,YES,null,Indicates if the community is a CRS candidate (True/False)
openfema,odp,nfip_community_engagements,eligibilityConfirmationLetterSentDate,16,null,YES,string,STRING,0,0,null,null,null,null,null,null,null,NO,null,null,null,null,null,null,NO,null,NO,NO,null,YES,null,Date when eligibility confirmation letter was sent
openfema,odp,nfip_community_engagements,numOfVZonePolicies,17,null,YES,double,DOUBLE,null,null,null,2,null,null,null,null,null,NO,null,null,null,null,null,null,NO,null,NO,NO,null,YES,null,Number of policies in V Zone
openfema,odp,nfip_community_engagements,numOfAzonePolicies,18,null,YES,double,DOUBLE,null,null,null,2,null,null,null,null,null,NO,null,null,null,null,null,null,NO,null,NO,NO,null,YES,null,Number of policies in A Zone
openfema,odp,nfip_community_engagements,totalNfipPoliciesInForce,19,null,YES,double,DOUBLE,null,null,null,2,null,null,null,null,null,NO,null,null,null,null,null,null,NO,null,NO,NO,null,YES,null,Total number of NFIP policies in force
openfema,odp,nfip_community_engagements,totalNfipClaimsSince,20,null,YES,double,DOUBLE,null,null,null,2,null,null,null,null,null,NO,null,null,null,null,null,null,NO,null,NO,NO,null,YES,null,Total number of NFIP claims since a specific date
openfema,odp,nfip_community_engagements,totalNfipClaimsPaidsSince,21,null,YES,double,DOUBLE,null,null,null,2,null,null,null,null,null,NO,null,null,null,null,null,null,NO,null,NO,NO,null,YES,null,Total number of NFIP claims paid since a specific date
openfema,odp,nfip_community_engagements,totalRepetitiveLoss,22,null,YES,double,DOUBLE,null,null,null,2,null,null,null,null,null,NO,null,null,null,null,null,null,NO,null,NO,NO,null,YES,null,Total number of repetitive loss incidents in the community
openfema,odp,nfip_community_engagements,lastRefresh,23,null,YES,string,STRING,0,0,null,null,null,null,null,null,null,NO,null,null,null,null,null,null,NO,null,NO,NO,null,YES,null,Date of the last data refresh/update
openfema,odp,nfip_community_engagements,id,24,null,YES,string,STRING,0,0,null,null,null,null,null,null,null,NO,null,null,null,null,null,null,NO,null,NO,NO,null,YES,null,Unique identifier for each record
openfema,odp,nfip_community_engagements,femadexLastRefresh,25,null,YES,timestamp,TIMESTAMP,null,null,null,null,null,3,null,null,null,NO,null,null,null,null,null,null,NO,null,NO,NO,null,YES,null,Date of the last data refresh/update in FEMA's index
openfema,odp,nfip_community_layer_comprehensive,id,0,null,YES,bigint,LONG,null,null,null,null,null,null,null,null,null,NO,null,null,null,null,null,null,NO,null,NO,NO,null,YES,null,Unique identifier for each record in the table
openfema,odp,nfip_community_layer_comprehensive,communityIdNumber,1,null,YES,string,STRING,0,0,null,null,null,null,null,null,null,NO,null,null,null,null,null,null,NO,null,NO,NO,null,YES,null,Identifier for the community within the NFIP
openfema,odp,nfip_community_layer_comprehensive,stateCode,2,null,YES,string,STRING,0,0,null,null,null,null,null,null,null,NO,null,null,null,null,null,null,NO,null,NO,NO,null,YES,null,Code representing the state where the community is located
openfema,odp,nfip_community_layer_comprehensive,countyCode,3,null,YES,string,STRING,0,0,null,null,null,null,null,null,null,NO,null,null,null,null,null,null,NO,null,NO,NO,null,YES,null,Code representing the county where the community is located
openfema,odp,nfip_community_layer_comprehensive,censusGeoid,4,null,YES,string,STRING,0,0,null,null,null,null,null,null,null,NO,null,null,null,null,null,null,NO,null,NO,NO,null,YES,null,Geographic identifier from the census data
openfema,odp,nfip_community_layer_comprehensive,county,5,null,YES,string,STRING,0,0,null,null,null,null,null,null,null,NO,null,null,null,null,null,null,NO,null,NO,NO,null,YES,null,Name of the county where the community is located
openfema,odp,nfip_community_layer_comprehensive,communityName,6,null,YES,string,STRING,0,0,null,null,null,null,null,null,null,NO,null,null,null,null,null,null,NO,null,NO,NO,null,YES,null,Full name of the community participating in NFIP
openfema,odp,nfip_community_layer_comprehensive,communityNameShort,7,null,YES,string,STRING,0,0,null,null,null,null,null,null,null,NO,null,null,null,null,null,null,NO,null,NO,NO,null,YES,null,Shortened name of the community participating in NFIP
openfema,odp,nfip_community_layer_comprehensive,censusYear,8,null,YES,bigint,LONG,null,null,null,null,null,null,null,null,null,NO,null,null,null,null,null,null,NO,null,NO,NO,null,YES,null,Year of the census data
openfema,odp,nfip_community_layer_comprehensive,censusPopulationEntire,9,null,YES,double,DOUBLE,null,null,null,2,null,null,null,null,null,NO,null,null,null,null,null,null,NO,null,NO,NO,null,YES,null,Total population count for the entire community
openfema,odp,nfip_community_layer_comprehensive,censusHousingUnitsEntire,10,null,YES,double,DOUBLE,null,null,null,2,null,null,null,null,null,NO,null,null,null,null,null,null,NO,null,NO,NO,null,YES,null,Total count of housing units for the entire community
openfema,odp,nfip_community_layer_comprehensive,landAreaEntire,11,null,YES,double,DOUBLE,null,null,null,2,null,null,null,null,null,NO,null,null,null,null,null,null,NO,null,NO,NO,null,YES,null,Total land area of the entire community
openfema,odp,nfip_community_layer_comprehensive,cisType,12,null,YES,string,STRING,0,0,null,null,null,null,null,null,null,NO,null,null,null,null,null,null,NO,null,NO,NO,null,YES,null,Type of Community Identification System used
openfema,odp,nfip_community_layer_comprehensive,cisSource,13,null,YES,string,STRING,0,0,null,null,null,null,null,null,null,NO,null,null,null,null,null,null,NO,null,NO,NO,null,YES,null,Source of the Community Identification System data
openfema,odp,nfip_community_layer_comprehensive,geometrySource,14,null,YES,string,STRING,0,0,null,null,null,null,null,null,null,NO,null,null,null,null,null,null,NO,null,NO,NO,null,YES,null,Source of the geographic geometry data
openfema,odp,nfip_community_layer_comprehensive,alternateGeoid,15,null,YES,string,STRING,0,0,null,null,null,null,null,null,null,NO,null,null,null,null,null,null,NO,null,NO,NO,null,YES,null,Alternate geographic identifier from another source
openfema,odp,nfip_community_layer_comprehensive,alternateName,16,null,YES,string,STRING,0,0,null,null,null,null,null,null,null,NO,null,null,null,null,null,null,NO,null,NO,NO,null,YES,null,Alternative name for the community
openfema,odp,nfip_community_layer_comprehensive,alternateLongName,17,null,YES,string,STRING,0,0,null,null,null,null,null,null,null,NO,null,null,null,null,null,null,NO,null,NO,NO,null,YES,null,Alternative long name for the community
openfema,odp,nfip_community_layer_comprehensive,layerCreationNotes,18,null,YES,string,STRING,0,0,null,null,null,null,null,null,null,NO,null,null,null,null,null,null,NO,null,NO,NO,null,YES,null,Notes related to the creation of the layer in the table
openfema,odp,nfip_community_layer_comprehensive,censusClassCodes,19,null,YES,string,STRING,0,0,null,null,null,null,null,null,null,NO,null,null,null,null,null,null,NO,null,NO,NO,null,YES,null,Classification codes related to census data
openfema,odp,nfip_community_layer_comprehensive,censusFunctionalStatusCodes,20,null,YES,string,STRING,0,0,null,null,null,null,null,null,null,NO,null,null,null,null,null,null,NO,null,NO,NO,null,YES,null,Codes indicating the functional status of the community based on census data
openfema,odp,nfip_community_layer_comprehensive,layerTypeCode,21,null,YES,string,STRING,0,0,null,null,null,null,null,null,null,NO,null,null,null,null,null,null,NO,null,NO,NO,null,YES,null,Code representing the type of layer in the table
openfema,odp,nfip_community_layer_comprehensive,layerGeometry.type,22,null,YES,string,STRING,0,0,null,null,null,null,null,null,null,NO,null,null,null,null,null,null,NO,null,NO,NO,null,YES,null,Type of geometry data used for the layer
openfema,odp,nfip_community_layer_comprehensive,layerGeometry.coordinates,23,null,YES,array<array<array<array<double>>>>,ARRAY,null,null,null,null,null,null,null,null,null,NO,null,null,null,null,null,null,NO,null,NO,NO,null,YES,null,Coordinates of the geometry data for the layer
openfema,odp,nfip_community_layer_comprehensive,femadexLastRefresh,24,null,YES,timestamp,TIMESTAMP,null,null,null,null,null,3,null,null,null,NO,null,null,null,null,null,null,NO,null,NO,NO,null,YES,null,Date of the last refresh/update of data in FEMA's index
openfema,odp,nfip_community_status_book,communityIdNumber,0,null,YES,string,STRING,0,0,null,null,null,null,null,null,null,NO,null,null,null,null,null,null,NO,null,NO,NO,null,YES,null,Unique identifier for each community participating in NFIP
openfema,odp,nfip_community_status_book,communityName,1,null,YES,string,STRING,0,0,null,null,null,null,null,null,null,NO,null,null,null,null,null,null,NO,null,NO,NO,null,YES,null,Name of the community participating in NFIP
openfema,odp,nfip_community_status_book,county,2,null,YES,string,STRING,0,0,null,null,null,null,null,null,null,NO,null,null,null,null,null,null,NO,null,NO,NO,null,YES,null,County where the community is located
openfema,odp,nfip_community_status_book,state,3,null,YES,string,STRING,0,0,null,null,null,null,null,null,null,NO,null,null,null,null,null,null,NO,null,NO,NO,null,YES,null,State where the community is located
openfema,odp,nfip_community_status_book,initialFloodHazardBoundaryMap,4,null,YES,string,STRING,0,0,null,null,null,null,null,null,null,NO,null,null,null,null,null,null,NO,null,NO,NO,null,YES,null,Map showing initial flood hazard boundaries for the community
openfema,odp,nfip_community_status_book,initialFloodInsuranceRateMap,5,null,YES,string,STRING,0,0,null,null,null,null,null,null,null,NO,null,null,null,null,null,null,NO,null,NO,NO,null,YES,null,Map showing initial flood insurance rates for the community
openfema,odp,nfip_community_status_book,currentlyEffectiveMapDate,6,null,YES,string,STRING,0,0,null,null,null,null,null,null,null,NO,null,null,null,null,null,null,NO,null,NO,NO,null,YES,null,Date when the current flood hazard map became effective
openfema,odp,nfip_community_status_book,regularEmergencyProgramDate,7,null,YES,string,STRING,0,0,null,null,null,null,null,null,null,NO,null,null,null,null,null,null,NO,null,NO,NO,null,YES,null,Date of regular emergency program participation for the community
openfema,odp,nfip_community_status_book,tribal,8,null,YES,boolean,BOOLEAN,null,null,null,null,null,null,null,null,null,NO,null,null,null,null,null,null,NO,null,NO,NO,null,YES,null,Indicates if the community is a tribal community (true/false)
openfema,odp,nfip_community_status_book,participatingInNFIP,9,null,YES,boolean,BOOLEAN,null,null,null,null,null,null,null,null,null,NO,null,null,null,null,null,null,NO,null,NO,NO,null,YES,null,Indicates if the community is currently participating in NFIP (true/false)
openfema,odp,nfip_community_status_book,originalEntryDate,10,null,YES,string,STRING,0,0,null,null,null,null,null,null,null,NO,null,null,null,null,null,null,NO,null,NO,NO,null,YES,null,Date when the community's information was originally entered into the system
openfema,odp,nfip_community_status_book,classRatingEffectiveDate,11,null,YES,string,STRING,0,0,null,null,null,null,null,null,null,NO,null,null,null,null,null,null,NO,null,NO,NO,null,YES,null,Date when the class rating for the community became effective
openfema,odp,nfip_community_status_book,classRating,12,null,YES,string,STRING,0,0,null,null,null,null,null,null,null,NO,null,null,null,null,null,null,NO,null,NO,NO,null,YES,null,Class rating assigned to the community based on flood risk
openfema,odp,nfip_community_status_book,sfhaDiscount,13,null,YES,string,STRING,0,0,null,null,null,null,null,null,null,NO,null,null,null,null,null,null,NO,null,NO,NO,null,YES,null,Discount applied for communities in Special Flood Hazard Areas (SFHA)
openfema,odp,nfip_community_status_book,nonSfhaDiscount,14,null,YES,string,STRING,0,0,null,null,null,null,null,null,null,NO,null,null,null,null,null,null,NO,null,NO,NO,null,YES,null,Discount applied for communities not in Special Flood Hazard Areas (non-SFHA)
openfema,odp,nfip_community_status_book,lastRefresh,15,null,YES,string,STRING,0,0,null,null,null,null,null,null,null,NO,null,null,null,null,null,null,NO,null,NO,NO,null,YES,null,Date of the last data refresh/update for the community
openfema,odp,nfip_community_status_book,femadexLastRefresh,16,null,YES,timestamp,TIMESTAMP,null,null,null,null,null,3,null,null,null,NO,null,null,null,null,null,null,NO,null,NO,NO,null,YES,null,Timestamp of the last data refresh/update from FEMA's database
openfema,odp,nfip_multiple_loss_properties,fipsCountyCode,0,null,YES,string,STRING,0,0,null,null,null,null,null,null,null,NO,null,null,null,null,null,null,NO,null,NO,NO,null,YES,null,The FIPS county code for the location of the property
openfema,odp,nfip_multiple_loss_properties,state,1,null,YES,string,STRING,0,0,null,null,null,null,null,null,null,NO,null,null,null,null,null,null,NO,null,NO,NO,null,YES,null,The state where the property is located
openfema,odp,nfip_multiple_loss_properties,stateAbbreviation,2,null,YES,string,STRING,0,0,null,null,null,null,null,null,null,NO,null,null,null,null,null,null,NO,null,NO,NO,null,YES,null,The abbreviation of the state where the property is located
openfema,odp,nfip_multiple_loss_properties,county,3,null,YES,string,STRING,0,0,null,null,null,null,null,null,null,NO,null,null,null,null,null,null,NO,null,NO,NO,null,YES,null,The county where the property is located
openfema,odp,nfip_multiple_loss_properties,zipCode,4,null,YES,string,STRING,0,0,null,null,null,null,null,null,null,NO,null,null,null,null,null,null,NO,null,NO,NO,null,YES,null,The ZIP code of the property location
openfema,odp,nfip_multiple_loss_properties,reportedCity,5,null,YES,string,STRING,0,0,null,null,null,null,null,null,null,NO,null,null,null,null,null,null,NO,null,NO,NO,null,YES,null,The city where the property is reported
openfema,odp,nfip_multiple_loss_properties,communityIdNumber,6,null,YES,string,STRING,0,0,null,null,null,null,null,null,null,NO,null,null,null,null,null,null,NO,null,NO,NO,null,YES,null,The identification number of the community where the property is located
openfema,odp,nfip_multiple_loss_properties,communityName,7,null,YES,string,STRING,0,0,null,null,null,null,null,null,null,NO,null,null,null,null,null,null,NO,null,NO,NO,null,YES,null,The name of the community where the property is located
openfema,odp,nfip_multiple_loss_properties,censusBlockGroup,8,null,YES,string,STRING,0,0,null,null,null,null,null,null,null,NO,null,null,null,null,null,null,NO,null,NO,NO,null,YES,null,The census block group of the property location
openfema,odp,nfip_multiple_loss_properties,nfipRl,9,null,YES,boolean,BOOLEAN,null,null,null,null,null,null,null,null,null,NO,null,null,null,null,null,null,NO,null,NO,NO,null,YES,null,Indicates if the property is covered by NFIP Regular Loss policy
openfema,odp,nfip_multiple_loss_properties,nfipSrl,10,null,YES,boolean,BOOLEAN,null,null,null,null,null,null,null,null,null,NO,null,null,null,null,null,null,NO,null,NO,NO,null,YES,null,Indicates if the property is covered by NFIP Severe Repetitive Loss policy
openfema,odp,nfip_multiple_loss_properties,fmaRl,11,null,YES,boolean,BOOLEAN,null,null,null,null,null,null,null,null,null,NO,null,null,null,null,null,null,NO,null,NO,NO,null,YES,null,Indicates if the property is covered by FMA Regular Loss policy
openfema,odp,nfip_multiple_loss_properties,fmaSrl,12,null,YES,boolean,BOOLEAN,null,null,null,null,null,null,null,null,null,NO,null,null,null,null,null,null,NO,null,NO,NO,null,YES,null,Indicates if the property is covered by FMA Severe Repetitive Loss policy
openfema,odp,nfip_multiple_loss_properties,asOfDate,13,null,YES,string,STRING,0,0,null,null,null,null,null,null,null,NO,null,null,null,null,null,null,NO,null,NO,NO,null,YES,null,The date when the data was last updated or recorded
openfema,odp,nfip_multiple_loss_properties,floodZone,14,null,YES,string,STRING,0,0,null,null,null,null,null,null,null,NO,null,null,null,null,null,null,NO,null,NO,NO,null,YES,null,The flood zone classification of the property location
openfema,odp,nfip_multiple_loss_properties,latitude,15,null,YES,double,DOUBLE,null,null,null,2,null,null,null,null,null,NO,null,null,null,null,null,null,NO,null,NO,NO,null,YES,null,The latitude coordinate of the property location
openfema,odp,nfip_multiple_loss_properties,longitude,16,null,YES,double,DOUBLE,null,null,null,2,null,null,null,null,null,NO,null,null,null,null,null,null,NO,null,NO,NO,null,YES,null,The longitude coordinate of the property location
openfema,odp,nfip_multiple_loss_properties,occupancyType,17,null,YES,double,DOUBLE,null,null,null,2,null,null,null,null,null,NO,null,null,null,null,null,null,NO,null,NO,NO,null,YES,null,The type of occupancy for the property
openfema,odp,nfip_multiple_loss_properties,originalConstructionDate,18,null,YES,string,STRING,0,0,null,null,null,null,null,null,null,NO,null,null,null,null,null,null,NO,null,NO,NO,null,YES,null,The date when the property was originally constructed
openfema,odp,nfip_multiple_loss_properties,originalNBDate,19,null,YES,string,STRING,0,0,null,null,null,null,null,null,null,NO,null,null,null,null,null,null,NO,null,NO,NO,null,YES,null,The date when the National Flood Insurance Program (NFIP) policy was issued for the property
openfema,odp,nfip_multiple_loss_properties,postFIRMConstructionIndicator,20,null,YES,boolean,BOOLEAN,null,null,null,null,null,null,null,null,null,NO,null,null,null,null,null,null,NO,null,NO,NO,null,YES,null,Indicates if the property was constructed after the Flood Insurance Rate Map (FIRM) was issued
openfema,odp,nfip_multiple_loss_properties,primaryResidenceIndicator,21,null,YES,boolean,BOOLEAN,null,null,null,null,null,null,null,null,null,NO,null,null,null,null,null,null,NO,null,NO,NO,null,YES,null,Indicates if the property is the primary residence of the owner
openfema,odp,nfip_multiple_loss_properties,mitigatedIndicator,22,null,YES,boolean,BOOLEAN,null,null,null,null,null,null,null,null,null,NO,null,null,null,null,null,null,NO,null,NO,NO,null,YES,null,Indicates if any mitigation measures have been implemented for the property
openfema,odp,nfip_multiple_loss_properties,insuredIndicator,23,null,YES,boolean,BOOLEAN,null,null,null,null,null,null,null,null,null,NO,null,null,null,null,null,null,NO,null,NO,NO,null,YES,null,Indicates if the property is insured against flood damage
openfema,odp,nfip_multiple_loss_properties,totalLosses,24,null,YES,double,DOUBLE,null,null,null,2,null,null,null,null,null,NO,null,null,null,null,null,null,NO,null,NO,NO,null,YES,null,Total number of flood losses experienced by the property
openfema,odp,nfip_multiple_loss_properties,mostRecentDateofLoss,25,null,YES,string,STRING,0,0,null,null,null,null,null,null,null,NO,null,null,null,null,null,null,NO,null,NO,NO,null,YES,null,The most recent date when a flood loss occurred for the property
openfema,odp,nfip_multiple_loss_properties,id,26,null,YES,string,STRING,0,0,null,null,null,null,null,null,null,NO,null,null,null,null,null,null,NO,null,NO,NO,null,YES,null,Unique identifier for each record in the table
openfema,odp,nfip_multiple_loss_properties,femadexLastRefresh,27,null,YES,timestamp,TIMESTAMP,null,null,null,null,null,3,null,null,null,NO,null,null,null,null,null,null,NO,null,NO,NO,null,YES,null,The date when the FEMA Data Exchange (FEMADEX) was last refreshed
openfema,odp,nfip_residential_penetration_rates,state,0,null,YES,string,STRING,0,0,null,null,null,null,null,null,null,NO,null,null,null,null,null,null,NO,null,NO,NO,null,YES,null,null
openfema,odp,nfip_residential_penetration_rates,county,1,null,YES,string,STRING,0,0,null,null,null,null,null,null,null,NO,null,null,null,null,null,null,NO,null,NO,NO,null,YES,null,null
openfema,odp,nfip_residential_penetration_rates,resPenetrationRate,2,null,YES,double,DOUBLE,null,null,null,2,null,null,null,null,null,NO,null,null,null,null,null,null,NO,null,NO,NO,null,YES,null,null
openfema,odp,nfip_residential_penetration_rates,resContractsInForce,3,null,YES,double,DOUBLE,null,null,null,2,null,null,null,null,null,NO,null,null,null,null,null,null,NO,null,NO,NO,null,YES,null,null
openfema,odp,nfip_residential_penetration_rates,totalResStructures,4,null,YES,double,DOUBLE,null,null,null,2,null,null,null,null,null,NO,null,null,null,null,null,null,NO,null,NO,NO,null,YES,null,null
openfema,odp,nfip_residential_penetration_rates,fipsCode,5,null,YES,string,STRING,0,0,null,null,null,null,null,null,null,NO,null,null,null,null,null,null,NO,null,NO,NO,null,YES,null,null
openfema,odp,nfip_residential_penetration_rates,asOfDate,6,null,YES,string,STRING,0,0,null,null,null,null,null,null,null,NO,null,null,null,null,null,null,NO,null,NO,NO,null,YES,null,null
openfema,odp,nfip_residential_penetration_rates,id,7,null,YES,string,STRING,0,0,null,null,null,null,null,null,null,NO,null,null,null,null,null,null,NO,null,NO,NO,null,YES,null,null
openfema,odp,nfip_residential_penetration_rates,femadexLastRefresh,8,null,YES,timestamp,TIMESTAMP,null,null,null,null,null,3,null,null,null,NO,null,null,null,null,null,null,NO,null,NO,NO,null,YES,null,null
openfema,odp,non_disaster_and_assistance_to_firefighter_grants,awardNumber,0,null,YES,string,STRING,0,0,null,null,null,null,null,null,null,NO,null,null,null,null,null,null,NO,null,NO,NO,null,YES,null,null
openfema,odp,non_disaster_and_assistance_to_firefighter_grants,fiscalYear,1,null,YES,bigint,LONG,null,null,null,null,null,null,null,null,null,NO,null,null,null,null,null,null,NO,null,NO,NO,null,YES,null,null
openfema,odp,non_disaster_and_assistance_to_firefighter_grants,programName,2,null,YES,string,STRING,0,0,null,null,null,null,null,null,null,NO,null,null,null,null,null,null,NO,null,NO,NO,null,YES,null,null
openfema,odp,non_disaster_and_assistance_to_firefighter_grants,programAbbreviation,3,null,YES,string,STRING,0,0,null,null,null,null,null,null,null,NO,null,null,null,null,null,null,NO,null,NO,NO,null,YES,null,null
openfema,odp,non_disaster_and_assistance_to_firefighter_grants,vendorState,4,null,YES,string,STRING,0,0,null,null,null,null,null,null,null,NO,null,null,null,null,null,null,NO,null,NO,NO,null,YES,null,null
openfema,odp,non_disaster_and_assistance_to_firefighter_grants,awardAmount,5,null,YES,double,DOUBLE,null,null,null,2,null,null,null,null,null,NO,null,null,null,null,null,null,NO,null,NO,NO,null,YES,null,null
openfema,odp,non_disaster_and_assistance_to_firefighter_grants,region,6,null,YES,bigint,LONG,null,null,null,null,null,null,null,null,null,NO,null,null,null,null,null,null,NO,null,NO,NO,null,YES,null,null
openfema,odp,non_disaster_and_assistance_to_firefighter_grants,vendorName,7,null,YES,string,STRING,0,0,null,null,null,null,null,null,null,NO,null,null,null,null,null,null,NO,null,NO,NO,null,YES,null,null
openfema,odp,non_disaster_and_assistance_to_firefighter_grants,id,8,null,YES,string,STRING,0,0,null,null,null,null,null,null,null,NO,null,null,null,null,null,null,NO,null,NO,NO,null,YES,null,null
openfema,odp,non_disaster_and_assistance_to_firefighter_grants,femadexLastRefresh,9,null,YES,timestamp,TIMESTAMP,null,null,null,null,null,3,null,null,null,NO,null,null,null,null,null,null,NO,null,NO,NO,null,YES,null,null
openfema,odp,non_disaster_assistance_fire_fighter_grants,awardNumber,0,null,YES,string,STRING,0,0,null,null,null,null,null,null,null,NO,null,null,null,null,null,null,NO,null,NO,NO,null,YES,null,Unique identifier for each grant award
openfema,odp,non_disaster_assistance_fire_fighter_grants,fiscalYear,1,null,YES,bigint,LONG,null,null,null,null,null,null,null,null,null,NO,null,null,null,null,null,null,NO,null,NO,NO,null,YES,null,The year in which the grant was awarded
openfema,odp,non_disaster_assistance_fire_fighter_grants,programName,2,null,YES,string,STRING,0,0,null,null,null,null,null,null,null,NO,null,null,null,null,null,null,NO,null,NO,NO,null,YES,null,Name of the program for which the grant was awarded
openfema,odp,non_disaster_assistance_fire_fighter_grants,programAbbreviation,3,null,YES,string,STRING,0,0,null,null,null,null,null,null,null,NO,null,null,null,null,null,null,NO,null,NO,NO,null,YES,null,Abbreviated name of the program
openfema,odp,non_disaster_assistance_fire_fighter_grants,vendorState,4,null,YES,string,STRING,0,0,null,null,null,null,null,null,null,NO,null,null,null,null,null,null,NO,null,NO,NO,null,YES,null,State where the vendor is located
openfema,odp,non_disaster_assistance_fire_fighter_grants,awardAmount,5,null,YES,double,DOUBLE,null,null,null,2,null,null,null,null,null,NO,null,null,null,null,null,null,NO,null,NO,NO,null,YES,null,The amount awarded for the grant
openfema,odp,non_disaster_assistance_fire_fighter_grants,region,6,null,YES,bigint,LONG,null,null,null,null,null,null,null,null,null,NO,null,null,null,null,null,null,NO,null,NO,NO,null,YES,null,Region code where the grant was allocated
openfema,odp,non_disaster_assistance_fire_fighter_grants,vendorName,7,null,YES,string,STRING,0,0,null,null,null,null,null,null,null,NO,null,null,null,null,null,null,NO,null,NO,NO,null,YES,null,Name of the vendor receiving the grant
openfema,odp,non_disaster_assistance_fire_fighter_grants,id,8,null,YES,string,STRING,0,0,null,null,null,null,null,null,null,NO,null,null,null,null,null,null,NO,null,NO,NO,null,YES,null,Unique identifier for each record
openfema,odp,non_disaster_assistance_fire_fighter_grants,femadexLastRefresh,9,null,YES,timestamp,TIMESTAMP,null,null,null,null,null,3,null,null,null,NO,null,null,null,null,null,null,NO,null,NO,NO,null,YES,null,Timestamp of the last data refresh related to FEMA's data exchange
openfema,odp,openfema_dataset_codes,datasetId,0,null,YES,string,STRING,0,0,null,null,null,null,null,null,null,NO,null,null,null,null,null,null,NO,null,NO,NO,null,YES,null,null
openfema,odp,openfema_dataset_codes,datasetName,1,null,YES,string,STRING,0,0,null,null,null,null,null,null,null,NO,null,null,null,null,null,null,NO,null,NO,NO,null,YES,null,null
openfema,odp,openfema_dataset_codes,datasetVersion,2,null,YES,bigint,LONG,null,null,null,null,null,null,null,null,null,NO,null,null,null,null,null,null,NO,null,NO,NO,null,YES,null,null
openfema,odp,openfema_dataset_codes,fieldName,3,null,YES,string,STRING,0,0,null,null,null,null,null,null,null,NO,null,null,null,null,null,null,NO,null,NO,NO,null,YES,null,null
openfema,odp,openfema_dataset_codes,code,4,null,YES,string,STRING,0,0,null,null,null,null,null,null,null,NO,null,null,null,null,null,null,NO,null,NO,NO,null,YES,null,null
openfema,odp,openfema_dataset_codes,description,5,null,YES,string,STRING,0,0,null,null,null,null,null,null,null,NO,null,null,null,null,null,null,NO,null,NO,NO,null,YES,null,null
openfema,odp,openfema_dataset_codes,id,6,null,YES,string,STRING,0,0,null,null,null,null,null,null,null,NO,null,null,null,null,null,null,NO,null,NO,NO,null,YES,null,null
openfema,odp,openfema_dataset_codes,lastRefresh,7,null,YES,string,STRING,0,0,null,null,null,null,null,null,null,NO,null,null,null,null,null,null,NO,null,NO,NO,null,YES,null,null
openfema,odp,openfema_dataset_codes,hash,8,null,YES,string,STRING,0,0,null,null,null,null,null,null,null,NO,null,null,null,null,null,null,NO,null,NO,NO,null,YES,null,null
openfema,odp,openfema_dataset_codes,femadexLastRefresh,9,null,YES,timestamp,TIMESTAMP,null,null,null,null,null,3,null,null,null,NO,null,null,null,null,null,null,NO,null,NO,NO,null,YES,null,null
openfema,odp,openfema_dataset_fields,datasetId,0,null,YES,string,STRING,0,0,null,null,null,null,null,null,null,NO,null,null,null,null,null,null,NO,null,NO,NO,null,YES,null,Unique identifier for each dataset
openfema,odp,openfema_dataset_fields,openFemaDataSet,1,null,YES,string,STRING,0,0,null,null,null,null,null,null,null,NO,null,null,null,null,null,null,NO,null,NO,NO,null,YES,null,Name of the dataset within FEMA database
openfema,odp,openfema_dataset_fields,datasetVersion,2,null,YES,bigint,LONG,null,null,null,null,null,null,null,null,null,NO,null,null,null,null,null,null,NO,null,NO,NO,null,YES,null,Version number of the dataset
openfema,odp,openfema_dataset_fields,name,3,null,YES,string,STRING,0,0,null,null,null,null,null,null,null,NO,null,null,null,null,null,null,NO,null,NO,NO,null,YES,null,Name of the dataset
openfema,odp,openfema_dataset_fields,title,4,null,YES,string,STRING,0,0,null,null,null,null,null,null,null,NO,null,null,null,null,null,null,NO,null,NO,NO,null,YES,null,Title of the dataset
openfema,odp,openfema_dataset_fields,description,5,null,YES,string,STRING,0,0,null,null,null,null,null,null,null,NO,null,null,null,null,null,null,NO,null,NO,NO,null,YES,null,Description of the dataset
openfema,odp,openfema_dataset_fields,type,6,null,YES,string,STRING,0,0,null,null,null,null,null,null,null,NO,null,null,null,null,null,null,NO,null,NO,NO,null,YES,null,Type of dataset
openfema,odp,openfema_dataset_fields,sortOrder,7,null,YES,bigint,LONG,null,null,null,null,null,null,null,null,null,NO,null,null,null,null,null,null,NO,null,NO,NO,null,YES,null,Order in which the dataset is sorted
openfema,odp,openfema_dataset_fields,isSearchable,8,null,YES,boolean,BOOLEAN,null,null,null,null,null,null,null,null,null,NO,null,null,null,null,null,null,NO,null,NO,NO,null,YES,null,Indicates if the dataset is searchable
openfema,odp,openfema_dataset_fields,isNestedObject,9,null,YES,boolean,BOOLEAN,null,null,null,null,null,null,null,null,null,NO,null,null,null,null,null,null,NO,null,NO,NO,null,YES,null,Indicates if the dataset is a nested object
openfema,odp,openfema_dataset_fields,isNullable,10,null,YES,boolean,BOOLEAN,null,null,null,null,null,null,null,null,null,NO,null,null,null,null,null,null,NO,null,NO,NO,null,YES,null,Indicates if the dataset allows null values
openfema,odp,openfema_dataset_fields,primaryKey,11,null,YES,boolean,BOOLEAN,null,null,null,null,null,null,null,null,null,NO,null,null,null,null,null,null,NO,null,NO,NO,null,YES,null,Indicates if the dataset is a primary key
openfema,odp,openfema_dataset_fields,id,12,null,YES,string,STRING,0,0,null,null,null,null,null,null,null,NO,null,null,null,null,null,null,NO,null,NO,NO,null,YES,null,Identifier for each record in the dataset
openfema,odp,openfema_dataset_fields,lastRefresh,13,null,YES,string,STRING,0,0,null,null,null,null,null,null,null,NO,null,null,null,null,null,null,NO,null,NO,NO,null,YES,null,Date of the last dataset refresh
openfema,odp,openfema_dataset_fields,hash,14,null,YES,string,STRING,0,0,null,null,null,null,null,null,null,NO,null,null,null,null,null,null,NO,null,NO,NO,null,YES,null,Hash value for data integrity purposes
openfema,odp,openfema_dataset_fields,srid,15,null,YES,string,STRING,0,0,null,null,null,null,null,null,null,NO,null,null,null,null,null,null,NO,null,NO,NO,null,YES,null,Spatial Reference Identifier for geospatial data
openfema,odp,openfema_dataset_fields,femadexLastRefresh,16,null,YES,timestamp,TIMESTAMP,null,null,null,null,null,3,null,null,null,NO,null,null,null,null,null,null,NO,null,NO,NO,null,YES,null,Timestamp of the last refresh in FEMA database
openfema,odp,openfema_datasets,identifier,0,null,YES,string,STRING,0,0,null,null,null,null,null,null,null,NO,null,null,null,null,null,null,NO,null,NO,NO,null,YES,null,Unique identifier for each dataset
openfema,odp,openfema_datasets,name,1,null,YES,string,STRING,0,0,null,null,null,null,null,null,null,NO,null,null,null,null,null,null,NO,null,NO,NO,null,YES,null,Name of the dataset
openfema,odp,openfema_datasets,title,2,null,YES,string,STRING,0,0,null,null,null,null,null,null,null,NO,null,null,null,null,null,null,NO,null,NO,NO,null,YES,null,Title of the dataset
openfema,odp,openfema_datasets,description,3,null,YES,string,STRING,0,0,null,null,null,null,null,null,null,NO,null,null,null,null,null,null,NO,null,NO,NO,null,YES,null,Description of the dataset
openfema,odp,openfema_datasets,webService,4,null,YES,string,STRING,0,0,null,null,null,null,null,null,null,NO,null,null,null,null,null,null,NO,null,NO,NO,null,YES,null,Indicates if the dataset is accessible via a web service
openfema,odp,openfema_datasets,dataDictionary,5,null,YES,string,STRING,0,0,null,null,null,null,null,null,null,NO,null,null,null,null,null,null,NO,null,NO,NO,null,YES,null,Link to the data dictionary for the dataset
openfema,odp,openfema_datasets,keyword,6,null,YES,array<string>,ARRAY,null,null,null,null,null,null,null,null,null,NO,null,null,null,null,null,null,NO,null,NO,NO,null,YES,null,Keywords associated with the dataset
openfema,odp,openfema_datasets,modified,7,null,YES,string,STRING,0,0,null,null,null,null,null,null,null,NO,null,null,null,null,null,null,NO,null,NO,NO,null,YES,null,Date when the dataset was last modified
openfema,odp,openfema_datasets,publisher,8,null,YES,string,STRING,0,0,null,null,null,null,null,null,null,NO,null,null,null,null,null,null,NO,null,NO,NO,null,YES,null,Publisher of the dataset
openfema,odp,openfema_datasets,contactPoint,9,null,YES,string,STRING,0,0,null,null,null,null,null,null,null,NO,null,null,null,null,null,null,NO,null,NO,NO,null,YES,null,Contact point for inquiries about the dataset
openfema,odp,openfema_datasets,mbox,10,null,YES,string,STRING,0,0,null,null,null,null,null,null,null,NO,null,null,null,null,null,null,NO,null,NO,NO,null,YES,null,Email address for contacting regarding the dataset
openfema,odp,openfema_datasets,accessLevel,11,null,YES,string,STRING,0,0,null,null,null,null,null,null,null,NO,null,null,null,null,null,null,NO,null,NO,NO,null,YES,null,Level of access to the dataset
openfema,odp,openfema_datasets,landingPage,12,null,YES,string,STRING,0,0,null,null,null,null,null,null,null,NO,null,null,null,null,null,null,NO,null,NO,NO,null,YES,null,URL of the landing page for the dataset
openfema,odp,openfema_datasets,temporal,13,null,YES,string,STRING,0,0,null,null,null,null,null,null,null,NO,null,null,null,null,null,null,NO,null,NO,NO,null,YES,null,Temporal coverage of the dataset
openfema,odp,openfema_datasets,api,14,null,YES,boolean,BOOLEAN,null,null,null,null,null,null,null,null,null,NO,null,null,null,null,null,null,NO,null,NO,NO,null,YES,null,Indicates if an API is available for the dataset
openfema,odp,openfema_datasets,version,15,null,YES,bigint,LONG,null,null,null,null,null,null,null,null,null,NO,null,null,null,null,null,null,NO,null,NO,NO,null,YES,null,Version number of the dataset
openfema,odp,openfema_datasets,bureauCode,16,null,YES,array<string>,ARRAY,null,null,null,null,null,null,null,null,null,NO,null,null,null,null,null,null,NO,null,NO,NO,null,YES,null,Bureau codes associated with the dataset
openfema,odp,openfema_datasets,programCode,17,null,YES,array<string>,ARRAY,null,null,null,null,null,null,null,null,null,NO,null,null,null,null,null,null,NO,null,NO,NO,null,YES,null,Program codes associated with the dataset
openfema,odp,openfema_datasets,accessLevelComment,18,null,YES,string,STRING,0,0,null,null,null,null,null,null,null,NO,null,null,null,null,null,null,NO,null,NO,NO,null,YES,null,Additional comments on the access level of the dataset
openfema,odp,openfema_datasets,license,19,null,YES,string,STRING,0,0,null,null,null,null,null,null,null,NO,null,null,null,null,null,null,NO,null,NO,NO,null,YES,null,Licensing information for the dataset
openfema,odp,openfema_datasets,spatial,20,null,YES,string,STRING,0,0,null,null,null,null,null,null,null,NO,null,null,null,null,null,null,NO,null,NO,NO,null,YES,null,Spatial coverage of the dataset
openfema,odp,openfema_datasets,theme,21,null,YES,string,STRING,0,0,null,null,null,null,null,null,null,NO,null,null,null,null,null,null,NO,null,NO,NO,null,YES,null,Theme or topic of the dataset
openfema,odp,openfema_datasets,dataQuality,22,null,YES,string,STRING,0,0,null,null,null,null,null,null,null,NO,null,null,null,null,null,null,NO,null,NO,NO,null,YES,null,Quality of the data in the dataset
openfema,odp,openfema_datasets,accrualPeriodicity,23,null,YES,string,STRING,0,0,null,null,null,null,null,null,null,NO,null,null,null,null,null,null,NO,null,NO,NO,null,YES,null,Frequency at which the dataset is updated
openfema,odp,openfema_datasets,language,24,null,YES,string,STRING,0,0,null,null,null,null,null,null,null,NO,null,null,null,null,null,null,NO,null,NO,NO,null,YES,null,Language used in the dataset
openfema,odp,openfema_datasets,primaryITInvestmentUII,25,null,YES,string,STRING,0,0,null,null,null,null,null,null,null,NO,null,null,null,null,null,null,NO,null,NO,NO,null,YES,null,Primary IT Investment UII associated with the dataset
openfema,odp,openfema_datasets,references,26,null,YES,array<string>,ARRAY,null,null,null,null,null,null,null,null,null,NO,null,null,null,null,null,null,NO,null,NO,NO,null,YES,null,References or sources related to the dataset
openfema,odp,openfema_datasets,issued,27,null,YES,string,STRING,0,0,null,null,null,null,null,null,null,NO,null,null,null,null,null,null,NO,null,NO,NO,null,YES,null,Date when the dataset was issued
openfema,odp,openfema_datasets,systemOfRecords,28,null,YES,string,STRING,0,0,null,null,null,null,null,null,null,NO,null,null,null,null,null,null,NO,null,NO,NO,null,YES,null,System of records for the dataset
openfema,odp,openfema_datasets,recordCount,29,null,YES,double,DOUBLE,null,null,null,2,null,null,null,null,null,NO,null,null,null,null,null,null,NO,null,NO,NO,null,YES,null,Number of records in the dataset
openfema,odp,openfema_datasets,depDate,30,null,YES,string,STRING,0,0,null,null,null,null,null,null,null,NO,null,null,null,null,null,null,NO,null,NO,NO,null,YES,null,Date of data deprecation
openfema,odp,openfema_datasets,depApiMessage,31,null,YES,string,STRING,0,0,null,null,null,null,null,null,null,NO,null,null,null,null,null,null,NO,null,NO,NO,null,YES,null,Message related to API deprecation
openfema,odp,openfema_datasets,depWebMessage,32,null,YES,string,STRING,0,0,null,null,null,null,null,null,null,NO,null,null,null,null,null,null,NO,null,NO,NO,null,YES,null,Message related to web deprecation
openfema,odp,openfema_datasets,depNewURL,33,null,YES,string,STRING,0,0,null,null,null,null,null,null,null,NO,null,null,null,null,null,null,NO,null,NO,NO,null,YES,null,New URL after deprecation
openfema,odp,openfema_datasets,hash,34,null,YES,string,STRING,0,0,null,null,null,null,null,null,null,NO,null,null,null,null,null,null,NO,null,NO,NO,null,YES,null,Hash value for the dataset
openfema,odp,openfema_datasets,lastRefresh,35,null,YES,string,STRING,0,0,null,null,null,null,null,null,null,NO,null,null,null,null,null,null,NO,null,NO,NO,null,YES,null,Date of last dataset refresh
openfema,odp,openfema_datasets,id,36,null,YES,string,STRING,0,0,null,null,null,null,null,null,null,NO,null,null,null,null,null,null,NO,null,NO,NO,null,YES,null,Unique identifier for each record in the dataset
openfema,odp,openfema_datasets,lastDataSetRefresh,37,null,YES,string,STRING,0,0,null,null,null,null,null,null,null,NO,null,null,null,null,null,null,NO,null,NO,NO,null,YES,null,Date of last refresh for the entire dataset
openfema,odp,openfema_datasets,distribution,38,null,YES,"array<struct<accessURL:string,datasetSize:string,format:string>>",ARRAY,null,null,null,null,null,null,null,null,null,NO,null,null,null,null,null,null,NO,null,NO,NO,null,YES,null,Distribution information for the dataset
openfema,odp,openfema_datasets,femadexLastRefresh,39,null,YES,timestamp,TIMESTAMP,null,null,null,null,null,3,null,null,null,NO,null,null,null,null,null,null,NO,null,NO,NO,null,YES,null,Date of last refresh in FEMADEX
openfema,odp,public_assistance_applicants,disasterNumber,0,null,YES,bigint,LONG,null,null,null,null,null,null,null,null,null,NO,null,null,null,null,null,null,NO,null,NO,NO,null,YES,null,The unique identifier for a specific disaster event
openfema,odp,public_assistance_applicants,applicantId,1,null,YES,string,STRING,0,0,null,null,null,null,null,null,null,NO,null,null,null,null,null,null,NO,null,NO,NO,null,YES,null,The unique identifier for each applicant
openfema,odp,public_assistance_applicants,state,2,null,YES,string,STRING,0,0,null,null,null,null,null,null,null,NO,null,null,null,null,null,null,NO,null,NO,NO,null,YES,null,The state where the applicant is located
openfema,odp,public_assistance_applicants,applicantName,3,null,YES,string,STRING,0,0,null,null,null,null,null,null,null,NO,null,null,null,null,null,null,NO,null,NO,NO,null,YES,null,The name of the applicant
openfema,odp,public_assistance_applicants,addressLine1,4,null,YES,string,STRING,0,0,null,null,null,null,null,null,null,NO,null,null,null,null,null,null,NO,null,NO,NO,null,YES,null,The first line of the applicant's address
openfema,odp,public_assistance_applicants,addressLine2,5,null,YES,string,STRING,0,0,null,null,null,null,null,null,null,NO,null,null,null,null,null,null,NO,null,NO,NO,null,YES,null,The second line of the applicant's address (if applicable)
openfema,odp,public_assistance_applicants,city,6,null,YES,string,STRING,0,0,null,null,null,null,null,null,null,NO,null,null,null,null,null,null,NO,null,NO,NO,null,YES,null,The city where the applicant is located
openfema,odp,public_assistance_applicants,zipCode,7,null,YES,string,STRING,0,0,null,null,null,null,null,null,null,NO,null,null,null,null,null,null,NO,null,NO,NO,null,YES,null,The zip code of the applicant's address
openfema,odp,public_assistance_applicants,hash,8,null,YES,string,STRING,0,0,null,null,null,null,null,null,null,NO,null,null,null,null,null,null,NO,null,NO,NO,null,YES,null,A unique identifier for data integrity purposes
openfema,odp,public_assistance_applicants,lastRefresh,9,null,YES,string,STRING,0,0,null,null,null,null,null,null,null,NO,null,null,null,null,null,null,NO,null,NO,NO,null,YES,null,Timestamp indicating when the data was last updated or refreshed
openfema,odp,public_assistance_applicants,id,10,null,YES,string,STRING,0,0,null,null,null,null,null,null,null,NO,null,null,null,null,null,null,NO,null,NO,NO,null,YES,null,Unique identifier for each record in the table
openfema,odp,public_assistance_applicants,femadexLastRefresh,11,null,YES,timestamp,TIMESTAMP,null,null,null,null,null,3,null,null,null,NO,null,null,null,null,null,null,NO,null,NO,NO,null,YES,null,Timestamp indicating when the FEMA index data was last updated
openfema,odp,public_assistance_applicants_program_deliveries,declarationType,0,null,YES,string,STRING,0,0,null,null,null,null,null,null,null,NO,null,null,null,null,null,null,NO,null,NO,NO,null,YES,null,"Type of disaster declaration (e.g., major disaster, emergency)"
openfema,odp,public_assistance_applicants_program_deliveries,disasterNumber,1,null,YES,bigint,LONG,null,null,null,null,null,null,null,null,null,NO,null,null,null,null,null,null,NO,null,NO,NO,null,YES,null,Unique identifier for each disaster event
openfema,odp,public_assistance_applicants_program_deliveries,stateCode,2,null,YES,string,STRING,0,0,null,null,null,null,null,null,null,NO,null,null,null,null,null,null,NO,null,NO,NO,null,YES,null,Code representing the state where the disaster occurred
openfema,odp,public_assistance_applicants_program_deliveries,stateName,3,null,YES,string,STRING,0,0,null,null,null,null,null,null,null,NO,null,null,null,null,null,null,NO,null,NO,NO,null,YES,null,Name of the state where the disaster occurred
openfema,odp,public_assistance_applicants_program_deliveries,declarationDate,4,null,YES,string,STRING,0,0,null,null,null,null,null,null,null,NO,null,null,null,null,null,null,NO,null,NO,NO,null,YES,null,Date when the disaster declaration was made
openfema,odp,public_assistance_applicants_program_deliveries,incidentType,5,null,YES,string,STRING,0,0,null,null,null,null,null,null,null,NO,null,null,null,null,null,null,NO,null,NO,NO,null,YES,null,"Type of incident causing the disaster (e.g., hurricane, flood)"
openfema,odp,public_assistance_applicants_program_deliveries,declarationTitle,6,null,YES,string,STRING,0,0,null,null,null,null,null,null,null,NO,null,null,null,null,null,null,NO,null,NO,NO,null,YES,null,Title or name given to the disaster declaration
openfema,odp,public_assistance_applicants_program_deliveries,region,7,null,YES,bigint,LONG,null,null,null,null,null,null,null,null,null,NO,null,null,null,null,null,null,NO,null,NO,NO,null,YES,null,Region code where the disaster occurred
openfema,odp,public_assistance_applicants_program_deliveries,consolidatedResourceCenter,8,null,YES,string,STRING,0,0,null,null,null,null,null,null,null,NO,null,null,null,null,null,null,NO,null,NO,NO,null,YES,null,Name of the resource center providing assistance
openfema,odp,public_assistance_applicants_program_deliveries,countyApplicantJurisdiction,9,null,YES,string,STRING,0,0,null,null,null,null,null,null,null,NO,null,null,null,null,null,null,NO,null,NO,NO,null,YES,null,Jurisdiction or area within a county where the applicant resides
openfema,odp,public_assistance_applicants_program_deliveries,utilizingDirectApplication,10,null,YES,boolean,BOOLEAN,null,null,null,null,null,null,null,null,null,NO,null,null,null,null,null,null,NO,null,NO,NO,null,YES,null,Indicator if direct application method is being used for assistance
openfema,odp,public_assistance_applicants_program_deliveries,applicantIdGm,11,null,YES,bigint,LONG,null,null,null,null,null,null,null,null,null,NO,null,null,null,null,null,null,NO,null,NO,NO,null,YES,null,Unique identifier for the applicant in the GM system
openfema,odp,public_assistance_applicants_program_deliveries,applicantIdEmmie,12,null,YES,string,STRING,0,0,null,null,null,null,null,null,null,NO,null,null,null,null,null,null,NO,null,NO,NO,null,YES,null,Unique identifier for the applicant in the EMMIE system
openfema,odp,public_assistance_applicants_program_deliveries,applicantName,13,null,YES,string,STRING,0,0,null,null,null,null,null,null,null,NO,null,null,null,null,null,null,NO,null,NO,NO,null,YES,null,Name of the applicant applying for assistance
openfema,odp,public_assistance_applicants_program_deliveries,applicantType,14,null,YES,string,STRING,0,0,null,null,null,null,null,null,null,NO,null,null,null,null,null,null,NO,null,NO,NO,null,YES,null,"Type of applicant (e.g., individual, business)"
openfema,odp,public_assistance_applicants_program_deliveries,isPnp,15,null,YES,boolean,BOOLEAN,null,null,null,null,null,null,null,null,null,NO,null,null,null,null,null,null,NO,null,NO,NO,null,YES,null,Indicator if the applicant is a private non-profit organization
openfema,odp,public_assistance_applicants_program_deliveries,applicantStatus,16,null,YES,string,STRING,0,0,null,null,null,null,null,null,null,NO,null,null,null,null,null,null,NO,null,NO,NO,null,YES,null,Status of the applicant's assistance application
openfema,odp,public_assistance_applicants_program_deliveries,applicantProcessStatus,17,null,YES,string,STRING,0,0,null,null,null,null,null,null,null,NO,null,null,null,null,null,null,NO,null,NO,NO,null,YES,null,Status of the applicant's application process
openfema,odp,public_assistance_applicants_program_deliveries,numberActiveDamages,18,null,YES,bigint,LONG,null,null,null,null,null,null,null,null,null,NO,null,null,null,null,null,null,NO,null,NO,NO,null,YES,null,Total number of active damages reported by the applicant
openfema,odp,public_assistance_applicants_program_deliveries,totalAppDamageCost,19,null,YES,double,DOUBLE,null,null,null,2,null,null,null,null,null,NO,null,null,null,null,null,null,NO,null,NO,NO,null,YES,null,Total cost of damages reported by the applicant
openfema,odp,public_assistance_applicants_program_deliveries,numberActiveProjects,20,null,YES,bigint,LONG,null,null,null,null,null,null,null,null,null,NO,null,null,null,null,null,null,NO,null,NO,NO,null,YES,null,Total number of active projects
openfema,odp,public_assistance_applicants_program_deliveries,currentProjectCost,21,null,YES,double,DOUBLE,null,null,null,2,null,null,null,null,null,NO,null,null,null,null,null,null,NO,null,NO,NO,null,YES,null,Total cost of the current project
openfema,odp,public_assistance_applicants_program_deliveries,numberPhase2Projects,22,null,YES,bigint,LONG,null,null,null,null,null,null,null,null,null,NO,null,null,null,null,null,null,NO,null,NO,NO,null,YES,null,Total number of phase 2 projects
openfema,odp,public_assistance_applicants_program_deliveries,phase2ProjectCost,23,null,YES,double,DOUBLE,null,null,null,2,null,null,null,null,null,NO,null,null,null,null,null,null,NO,null,NO,NO,null,YES,null,Total cost of phase 2 projects
openfema,odp,public_assistance_applicants_program_deliveries,numberPhase3Projects,24,null,YES,bigint,LONG,null,null,null,null,null,null,null,null,null,NO,null,null,null,null,null,null,NO,null,NO,NO,null,YES,null,Total number of phase 3 projects
openfema,odp,public_assistance_applicants_program_deliveries,phase3ProjectCost,25,null,YES,double,DOUBLE,null,null,null,2,null,null,null,null,null,NO,null,null,null,null,null,null,NO,null,NO,NO,null,YES,null,Total cost of phase 3 projects
openfema,odp,public_assistance_applicants_program_deliveries,numberPhase4Projects,26,null,YES,bigint,LONG,null,null,null,null,null,null,null,null,null,NO,null,null,null,null,null,null,NO,null,NO,NO,null,YES,null,Total number of phase 4 projects
openfema,odp,public_assistance_applicants_program_deliveries,phase4ProjectCost,27,null,YES,double,DOUBLE,null,null,null,2,null,null,null,null,null,NO,null,null,null,null,null,null,NO,null,NO,NO,null,YES,null,Total cost of phase 4 projects
openfema,odp,public_assistance_applicants_program_deliveries,numberPhase5Projects,28,null,YES,bigint,LONG,null,null,null,null,null,null,null,null,null,NO,null,null,null,null,null,null,NO,null,NO,NO,null,YES,null,Total number of phase 5 projects
openfema,odp,public_assistance_applicants_program_deliveries,phase5ProjectCost,29,null,YES,double,DOUBLE,null,null,null,2,null,null,null,null,null,NO,null,null,null,null,null,null,NO,null,NO,NO,null,YES,null,Total cost of phase 5 projects
openfema,odp,public_assistance_applicants_program_deliveries,numberObligatedProjects,30,null,YES,bigint,LONG,null,null,null,null,null,null,null,null,null,NO,null,null,null,null,null,null,NO,null,NO,NO,null,YES,null,Total number of obligated projects
openfema,odp,public_assistance_applicants_program_deliveries,federalShareObligated,31,null,YES,double,DOUBLE,null,null,null,2,null,null,null,null,null,NO,null,null,null,null,null,null,NO,null,NO,NO,null,YES,null,Total federal share obligated for projects
openfema,odp,public_assistance_applicants_program_deliveries,hash,32,null,YES,string,STRING,0,0,null,null,null,null,null,null,null,NO,null,null,null,null,null,null,NO,null,NO,NO,null,YES,null,Hash value for data integrity
openfema,odp,public_assistance_applicants_program_deliveries,lastRefresh,33,null,YES,string,STRING,0,0,null,null,null,null,null,null,null,NO,null,null,null,null,null,null,NO,null,NO,NO,null,YES,null,Date and time of the last data refresh
openfema,odp,public_assistance_applicants_program_deliveries,id,34,null,YES,string,STRING,0,0,null,null,null,null,null,null,null,NO,null,null,null,null,null,null,NO,null,NO,NO,null,YES,null,Unique identifier for the record
openfema,odp,public_assistance_applicants_program_deliveries,femadexLastRefresh,35,null,YES,timestamp,TIMESTAMP,null,null,null,null,null,3,null,null,null,NO,null,null,null,null,null,null,NO,null,NO,NO,null,YES,null,Date and time of the last data refresh in the FEMADEX system
openfema,odp,public_assistance_funded_projects_details,disasterNumber,0,null,YES,bigint,LONG,null,null,null,null,null,null,null,null,null,NO,null,null,null,null,null,null,NO,null,NO,NO,null,YES,null,Unique identifier for each disaster event
openfema,odp,public_assistance_funded_projects_details,declarationDate,1,null,YES,string,STRING,0,0,null,null,null,null,null,null,null,NO,null,null,null,null,null,null,NO,null,NO,NO,null,YES,null,Date when the disaster was officially declared
openfema,odp,public_assistance_funded_projects_details,incidentType,2,null,YES,string,STRING,0,0,null,null,null,null,null,null,null,NO,null,null,null,null,null,null,NO,null,NO,NO,null,YES,null,Type of disaster incident
openfema,odp,public_assistance_funded_projects_details,pwNumber,3,null,YES,bigint,LONG,null,null,null,null,null,null,null,null,null,NO,null,null,null,null,null,null,NO,null,NO,NO,null,YES,null,Unique identifier for each project worksheet
openfema,odp,public_assistance_funded_projects_details,applicationTitle,4,null,YES,string,STRING,0,0,null,null,null,null,null,null,null,NO,null,null,null,null,null,null,NO,null,NO,NO,null,YES,null,Title or name of the project application
openfema,odp,public_assistance_funded_projects_details,applicantId,5,null,YES,string,STRING,0,0,null,null,null,null,null,null,null,NO,null,null,null,null,null,null,NO,null,NO,NO,null,YES,null,Identifier for the applicant of the project
openfema,odp,public_assistance_funded_projects_details,damageCategoryCode,6,null,YES,string,STRING,0,0,null,null,null,null,null,null,null,NO,null,null,null,null,null,null,NO,null,NO,NO,null,YES,null,Code representing the category of damage
openfema,odp,public_assistance_funded_projects_details,projectSize,7,null,YES,string,STRING,0,0,null,null,null,null,null,null,null,NO,null,null,null,null,null,null,NO,null,NO,NO,null,YES,null,Size or scope of the project
openfema,odp,public_assistance_funded_projects_details,county,8,null,YES,string,STRING,0,0,null,null,null,null,null,null,null,NO,null,null,null,null,null,null,NO,null,NO,NO,null,YES,null,Name of the county where the project is located
openfema,odp,public_assistance_funded_projects_details,countyCode,9,null,YES,string,STRING,0,0,null,null,null,null,null,null,null,NO,null,null,null,null,null,null,NO,null,NO,NO,null,YES,null,Code representing the county where the project is located
openfema,odp,public_assistance_funded_projects_details,state,10,null,YES,string,STRING,0,0,null,null,null,null,null,null,null,NO,null,null,null,null,null,null,NO,null,NO,NO,null,YES,null,Name of the state where the project is located
openfema,odp,public_assistance_funded_projects_details,stateCode,11,null,YES,string,STRING,0,0,null,null,null,null,null,null,null,NO,null,null,null,null,null,null,NO,null,NO,NO,null,YES,null,Code representing the state where the project is located
openfema,odp,public_assistance_funded_projects_details,stateNumberCode,12,null,YES,string,STRING,0,0,null,null,null,null,null,null,null,NO,null,null,null,null,null,null,NO,null,NO,NO,null,YES,null,Code representing the state number
openfema,odp,public_assistance_funded_projects_details,projectAmount,13,null,YES,double,DOUBLE,null,null,null,2,null,null,null,null,null,NO,null,null,null,null,null,null,NO,null,NO,NO,null,YES,null,Total amount allocated for the project
openfema,odp,public_assistance_funded_projects_details,federalShareObligated,14,null,YES,double,DOUBLE,null,null,null,2,null,null,null,null,null,NO,null,null,null,null,null,null,NO,null,NO,NO,null,YES,null,Amount of federal share obligated for the project
openfema,odp,public_assistance_funded_projects_details,totalObligated,15,null,YES,double,DOUBLE,null,null,null,2,null,null,null,null,null,NO,null,null,null,null,null,null,NO,null,NO,NO,null,YES,null,Total amount obligated for the project
openfema,odp,public_assistance_funded_projects_details,obligatedDate,16,null,YES,string,STRING,0,0,null,null,null,null,null,null,null,NO,null,null,null,null,null,null,NO,null,NO,NO,null,YES,null,Date when the obligation was made
openfema,odp,public_assistance_funded_projects_details,mitigationAmount,17,null,YES,double,DOUBLE,null,null,null,2,null,null,null,null,null,NO,null,null,null,null,null,null,NO,null,NO,NO,null,YES,null,Amount allocated for mitigation purposes
openfema,odp,public_assistance_funded_projects_details,dcc,18,null,YES,string,STRING,0,0,null,null,null,null,null,null,null,NO,null,null,null,null,null,null,NO,null,NO,NO,null,YES,null,Code representing the damage category
openfema,odp,public_assistance_funded_projects_details,damageCategory,19,null,YES,string,STRING,0,0,null,null,null,null,null,null,null,NO,null,null,null,null,null,null,NO,null,NO,NO,null,YES,null,Category of damage for the project
openfema,odp,public_assistance_funded_projects_details,lastRefresh,20,null,YES,string,STRING,0,0,null,null,null,null,null,null,null,NO,null,null,null,null,null,null,NO,null,NO,NO,null,YES,null,Date when the data was last refreshed
openfema,odp,public_assistance_funded_projects_details,hash,21,null,YES,string,STRING,0,0,null,null,null,null,null,null,null,NO,null,null,null,null,null,null,NO,null,NO,NO,null,YES,null,Unique identifier for the data record
openfema,odp,public_assistance_funded_projects_details,id,22,null,YES,string,STRING,0,0,null,null,null,null,null,null,null,NO,null,null,null,null,null,null,NO,null,NO,NO,null,YES,null,Unique identifier for each record in the table
openfema,odp,public_assistance_funded_projects_details,femadexLastRefresh,23,null,YES,timestamp,TIMESTAMP,null,null,null,null,null,3,null,null,null,NO,null,null,null,null,null,null,NO,null,NO,NO,null,YES,null,Date when the FEMA data exchange was last refreshed
openfema,odp,public_assistance_funded_projects_summaries,disasterNumber,0,null,YES,bigint,LONG,null,null,null,null,null,null,null,null,null,NO,null,null,null,null,null,null,NO,null,NO,NO,null,YES,null,Unique identifier for each disaster declaration
openfema,odp,public_assistance_funded_projects_summaries,declarationDate,1,null,YES,string,STRING,0,0,null,null,null,null,null,null,null,NO,null,null,null,null,null,null,NO,null,NO,NO,null,YES,null,Date when the disaster was officially declared
openfema,odp,public_assistance_funded_projects_summaries,incidentType,2,null,YES,string,STRING,0,0,null,null,null,null,null,null,null,NO,null,null,null,null,null,null,NO,null,NO,NO,null,YES,null,Type of disaster incident
openfema,odp,public_assistance_funded_projects_summaries,state,3,null,YES,string,STRING,0,0,null,null,null,null,null,null,null,NO,null,null,null,null,null,null,NO,null,NO,NO,null,YES,null,State where the disaster occurred
openfema,odp,public_assistance_funded_projects_summaries,county,4,null,YES,string,STRING,0,0,null,null,null,null,null,null,null,NO,null,null,null,null,null,null,NO,null,NO,NO,null,YES,null,County within the state where the disaster occurred
openfema,odp,public_assistance_funded_projects_summaries,applicantName,5,null,YES,string,STRING,0,0,null,null,null,null,null,null,null,NO,null,null,null,null,null,null,NO,null,NO,NO,null,YES,null,Name of the applicant for assistance
openfema,odp,public_assistance_funded_projects_summaries,educationApplicant,6,null,YES,boolean,BOOLEAN,null,null,null,null,null,null,null,null,null,NO,null,null,null,null,null,null,NO,null,NO,NO,null,YES,null,Boolean indicating if the applicant is an educational institution
openfema,odp,public_assistance_funded_projects_summaries,numberOfProjects,7,null,YES,bigint,LONG,null,null,null,null,null,null,null,null,null,NO,null,null,null,null,null,null,NO,null,NO,NO,null,YES,null,Total number of projects funded for disaster recovery
openfema,odp,public_assistance_funded_projects_summaries,federalObligatedAmount,8,null,YES,double,DOUBLE,null,null,null,2,null,null,null,null,null,NO,null,null,null,null,null,null,NO,null,NO,NO,null,YES,null,Amount of federal funds obligated for the projects
openfema,odp,public_assistance_funded_projects_summaries,lastRefresh,9,null,YES,string,STRING,0,0,null,null,null,null,null,null,null,NO,null,null,null,null,null,null,NO,null,NO,NO,null,YES,null,Date of the last data refresh/update
openfema,odp,public_assistance_funded_projects_summaries,hash,10,null,YES,string,STRING,0,0,null,null,null,null,null,null,null,NO,null,null,null,null,null,null,NO,null,NO,NO,null,YES,null,Hash value for data integrity verification
openfema,odp,public_assistance_funded_projects_summaries,id,11,null,YES,string,STRING,0,0,null,null,null,null,null,null,null,NO,null,null,null,null,null,null,NO,null,NO,NO,null,YES,null,Unique identifier for each record in the table
openfema,odp,public_assistance_funded_projects_summaries,femadexLastRefresh,12,null,YES,timestamp,TIMESTAMP,null,null,null,null,null,3,null,null,null,NO,null,null,null,null,null,null,NO,null,NO,NO,null,YES,null,Timestamp of the last data refresh/update from FEMA's database
openfema,odp,public_assistance_grant_award_activities,region,0,null,YES,bigint,LONG,null,null,null,null,null,null,null,null,null,NO,null,null,null,null,null,null,NO,null,NO,NO,null,YES,null,The region where the disaster occurred
openfema,odp,public_assistance_grant_award_activities,disasterNumber,1,null,YES,bigint,LONG,null,null,null,null,null,null,null,null,null,NO,null,null,null,null,null,null,NO,null,NO,NO,null,YES,null,Unique identifier for each disaster event
openfema,odp,public_assistance_grant_award_activities,sriaDisaster,2,null,YES,boolean,BOOLEAN,null,null,null,null,null,null,null,null,null,NO,null,null,null,null,null,null,NO,null,NO,NO,null,YES,null,Indicator if the disaster is a Stafford Act disaster
openfema,odp,public_assistance_grant_award_activities,declarationTitle,3,null,YES,string,STRING,0,0,null,null,null,null,null,null,null,NO,null,null,null,null,null,null,NO,null,NO,NO,null,YES,null,Title of the disaster declaration
openfema,odp,public_assistance_grant_award_activities,disasterType,4,null,YES,string,STRING,0,0,null,null,null,null,null,null,null,NO,null,null,null,null,null,null,NO,null,NO,NO,null,YES,null,"Type of disaster event (e.g., hurricane, flood)"
openfema,odp,public_assistance_grant_award_activities,incidentType,5,null,YES,string,STRING,0,0,null,null,null,null,null,null,null,NO,null,null,null,null,null,null,NO,null,NO,NO,null,YES,null,"Specific type of incident within the disaster (e.g., tornado, wildfire)"
openfema,odp,public_assistance_grant_award_activities,declarationDate,6,null,YES,string,STRING,0,0,null,null,null,null,null,null,null,NO,null,null,null,null,null,null,NO,null,NO,NO,null,YES,null,Date of the disaster declaration
openfema,odp,public_assistance_grant_award_activities,stateAbbreviation,7,null,YES,string,STRING,0,0,null,null,null,null,null,null,null,NO,null,null,null,null,null,null,NO,null,NO,NO,null,YES,null,Abbreviation of the state affected by the disaster
openfema,odp,public_assistance_grant_award_activities,state,8,null,YES,string,STRING,0,0,null,null,null,null,null,null,null,NO,null,null,null,null,null,null,NO,null,NO,NO,null,YES,null,State affected by the disaster
openfema,odp,public_assistance_grant_award_activities,county,9,null,YES,string,STRING,0,0,null,null,null,null,null,null,null,NO,null,null,null,null,null,null,NO,null,NO,NO,null,YES,null,County affected by the disaster
openfema,odp,public_assistance_grant_award_activities,applicantId,10,null,YES,string,STRING,0,0,null,null,null,null,null,null,null,NO,null,null,null,null,null,null,NO,null,NO,NO,null,YES,null,Unique identifier for the applicant
openfema,odp,public_assistance_grant_award_activities,applicantName,11,null,YES,string,STRING,0,0,null,null,null,null,null,null,null,NO,null,null,null,null,null,null,NO,null,NO,NO,null,YES,null,Name of the applicant for public assistance grant
openfema,odp,public_assistance_grant_award_activities,pnpStatus,12,null,YES,boolean,BOOLEAN,null,null,null,null,null,null,null,null,null,NO,null,null,null,null,null,null,NO,null,NO,NO,null,YES,null,Indicator if the applicant is a private nonprofit organization
openfema,odp,public_assistance_grant_award_activities,damageCategoryCode,13,null,YES,string,STRING,0,0,null,null,null,null,null,null,null,NO,null,null,null,null,null,null,NO,null,NO,NO,null,YES,null,Code representing the category of damage caused by the disaster
openfema,odp,public_assistance_grant_award_activities,federalShareObligated,14,null,YES,double,DOUBLE,null,null,null,2,null,null,null,null,null,NO,null,null,null,null,null,null,NO,null,NO,NO,null,YES,null,Amount of federal funds obligated for the project
openfema,odp,public_assistance_grant_award_activities,dateObligated,15,null,YES,string,STRING,0,0,null,null,null,null,null,null,null,NO,null,null,null,null,null,null,NO,null,NO,NO,null,YES,null,Date when federal funds were obligated for the project
openfema,odp,public_assistance_grant_award_activities,pwNumber,16,null,YES,bigint,LONG,null,null,null,null,null,null,null,null,null,NO,null,null,null,null,null,null,NO,null,NO,NO,null,YES,null,Unique identifier for the project worksheet
openfema,odp,public_assistance_grant_award_activities,projectTitle,17,null,YES,string,STRING,0,0,null,null,null,null,null,null,null,NO,null,null,null,null,null,null,NO,null,NO,NO,null,YES,null,Title of the project for which grant is awarded
openfema,odp,public_assistance_grant_award_activities,versionNumber,18,null,YES,double,DOUBLE,null,null,null,2,null,null,null,null,null,NO,null,null,null,null,null,null,NO,null,NO,NO,null,YES,null,Version number of the project details
openfema,odp,public_assistance_grant_award_activities,eligibilityStatus,19,null,YES,string,STRING,0,0,null,null,null,null,null,null,null,NO,null,null,null,null,null,null,NO,null,NO,NO,null,YES,null,Status of eligibility for public assistance grant
openfema,odp,public_assistance_grant_award_activities,fundingStatus,20,null,YES,string,STRING,0,0,null,null,null,null,null,null,null,NO,null,null,null,null,null,null,NO,null,NO,NO,null,YES,null,Indicator of the funding status for the grant award
openfema,odp,public_assistance_grant_award_activities,paCloseoutStatus,21,null,YES,string,STRING,0,0,null,null,null,null,null,null,null,NO,null,null,null,null,null,null,NO,null,NO,NO,null,YES,null,Status of the closeout process for public assistance grant
openfema,odp,public_assistance_grant_award_activities,id,22,null,YES,string,STRING,0,0,null,null,null,null,null,null,null,NO,null,null,null,null,null,null,NO,null,NO,NO,null,YES,null,Unique identifier for the record
openfema,odp,public_assistance_grant_award_activities,femadexLastRefresh,23,null,YES,timestamp,TIMESTAMP,null,null,null,null,null,3,null,null,null,NO,null,null,null,null,null,null,NO,null,NO,NO,null,YES,null,Date of the last data refresh in FEMA's system
openfema,odp,public_assistance_second_appeals_tracker,region,0,null,YES,bigint,LONG,null,null,null,null,null,null,null,null,null,NO,null,null,null,null,null,null,NO,null,NO,NO,null,YES,null,null
openfema,odp,public_assistance_second_appeals_tracker,disasterNumber,1,null,YES,string,STRING,0,0,null,null,null,null,null,null,null,NO,null,null,null,null,null,null,NO,null,NO,NO,null,YES,null,null
openfema,odp,public_assistance_second_appeals_tracker,declarationType,2,null,YES,string,STRING,0,0,null,null,null,null,null,null,null,NO,null,null,null,null,null,null,NO,null,NO,NO,null,YES,null,null
openfema,odp,public_assistance_second_appeals_tracker,recipient,3,null,YES,string,STRING,0,0,null,null,null,null,null,null,null,NO,null,null,null,null,null,null,NO,null,NO,NO,null,YES,null,null
openfema,odp,public_assistance_second_appeals_tracker,appellant,4,null,YES,string,STRING,0,0,null,null,null,null,null,null,null,NO,null,null,null,null,null,null,NO,null,NO,NO,null,YES,null,null
openfema,odp,public_assistance_second_appeals_tracker,applicantId,5,null,YES,string,STRING,0,0,null,null,null,null,null,null,null,NO,null,null,null,null,null,null,NO,null,NO,NO,null,YES,null,null
openfema,odp,public_assistance_second_appeals_tracker,pwgmpNumber,6,null,YES,string,STRING,0,0,null,null,null,null,null,null,null,NO,null,null,null,null,null,null,NO,null,NO,NO,null,YES,null,null
openfema,odp,public_assistance_second_appeals_tracker,status,7,null,YES,string,STRING,0,0,null,null,null,null,null,null,null,NO,null,null,null,null,null,null,NO,null,NO,NO,null,YES,null,null
openfema,odp,public_assistance_second_appeals_tracker,hqReceivedDate,8,null,YES,string,STRING,0,0,null,null,null,null,null,null,null,NO,null,null,null,null,null,null,NO,null,NO,NO,null,YES,null,null
openfema,odp,public_assistance_second_appeals_tracker,emailAcknowledgementDate,9,null,YES,string,STRING,0,0,null,null,null,null,null,null,null,NO,null,null,null,null,null,null,NO,null,NO,NO,null,YES,null,null
openfema,odp,public_assistance_second_appeals_tracker,rfiSentDate,10,null,YES,string,STRING,0,0,null,null,null,null,null,null,null,NO,null,null,null,null,null,null,NO,null,NO,NO,null,YES,null,null
openfema,odp,public_assistance_second_appeals_tracker,rfiDueDate,11,null,YES,string,STRING,0,0,null,null,null,null,null,null,null,NO,null,null,null,null,null,null,NO,null,NO,NO,null,YES,null,null
openfema,odp,public_assistance_second_appeals_tracker,rfiReceivedDate,12,null,YES,string,STRING,0,0,null,null,null,null,null,null,null,NO,null,null,null,null,null,null,NO,null,NO,NO,null,YES,null,null
openfema,odp,public_assistance_second_appeals_tracker,decisionSignedDate,13,null,YES,string,STRING,0,0,null,null,null,null,null,null,null,NO,null,null,null,null,null,null,NO,null,NO,NO,null,YES,null,null
openfema,odp,public_assistance_second_appeals_tracker,id,14,null,YES,bigint,LONG,null,null,null,null,null,null,null,null,null,NO,null,null,null,null,null,null,NO,null,NO,NO,null,YES,null,null
openfema,odp,public_assistance_second_appeals_tracker,femadexLastRefresh,15,null,YES,timestamp,TIMESTAMP,null,null,null,null,null,3,null,null,null,NO,null,null,null,null,null,null,NO,null,NO,NO,null,YES,null,null
openfema,odp,registration_intake_and_individuals_household_program,disasterNumber,0,null,YES,bigint,LONG,null,null,null,null,null,null,null,null,null,NO,null,null,null,null,null,null,NO,null,NO,NO,null,YES,null,null
openfema,odp,registration_intake_and_individuals_household_program,state,1,null,YES,string,STRING,0,0,null,null,null,null,null,null,null,NO,null,null,null,null,null,null,NO,null,NO,NO,null,YES,null,null
openfema,odp,registration_intake_and_individuals_household_program,county,2,null,YES,string,STRING,0,0,null,null,null,null,null,null,null,NO,null,null,null,null,null,null,NO,null,NO,NO,null,YES,null,null
openfema,odp,registration_intake_and_individuals_household_program,city,3,null,YES,string,STRING,0,0,null,null,null,null,null,null,null,NO,null,null,null,null,null,null,NO,null,NO,NO,null,YES,null,null
openfema,odp,registration_intake_and_individuals_household_program,zipCode,4,null,YES,string,STRING,0,0,null,null,null,null,null,null,null,NO,null,null,null,null,null,null,NO,null,NO,NO,null,YES,null,null
openfema,odp,registration_intake_and_individuals_household_program,totalValidRegistrations,5,null,YES,bigint,LONG,null,null,null,null,null,null,null,null,null,NO,null,null,null,null,null,null,NO,null,NO,NO,null,YES,null,null
openfema,odp,registration_intake_and_individuals_household_program,validCallCenterRegistrations,6,null,YES,bigint,LONG,null,null,null,null,null,null,null,null,null,NO,null,null,null,null,null,null,NO,null,NO,NO,null,YES,null,null
openfema,odp,registration_intake_and_individuals_household_program,validWebRegistrations,7,null,YES,bigint,LONG,null,null,null,null,null,null,null,null,null,NO,null,null,null,null,null,null,NO,null,NO,NO,null,YES,null,null
openfema,odp,registration_intake_and_individuals_household_program,validMobileRegistrations,8,null,YES,bigint,LONG,null,null,null,null,null,null,null,null,null,NO,null,null,null,null,null,null,NO,null,NO,NO,null,YES,null,null
openfema,odp,registration_intake_and_individuals_household_program,ihpReferrals,9,null,YES,bigint,LONG,null,null,null,null,null,null,null,null,null,NO,null,null,null,null,null,null,NO,null,NO,NO,null,YES,null,null
openfema,odp,registration_intake_and_individuals_household_program,ihpEligible,10,null,YES,bigint,LONG,null,null,null,null,null,null,null,null,null,NO,null,null,null,null,null,null,NO,null,NO,NO,null,YES,null,null
openfema,odp,registration_intake_and_individuals_household_program,ihpAmount,11,null,YES,double,DOUBLE,null,null,null,2,null,null,null,null,null,NO,null,null,null,null,null,null,NO,null,NO,NO,null,YES,null,null
openfema,odp,registration_intake_and_individuals_household_program,haReferrals,12,null,YES,bigint,LONG,null,null,null,null,null,null,null,null,null,NO,null,null,null,null,null,null,NO,null,NO,NO,null,YES,null,null
openfema,odp,registration_intake_and_individuals_household_program,haEligible,13,null,YES,bigint,LONG,null,null,null,null,null,null,null,null,null,NO,null,null,null,null,null,null,NO,null,NO,NO,null,YES,null,null
openfema,odp,registration_intake_and_individuals_household_program,haAmount,14,null,YES,double,DOUBLE,null,null,null,2,null,null,null,null,null,NO,null,null,null,null,null,null,NO,null,NO,NO,null,YES,null,null
openfema,odp,registration_intake_and_individuals_household_program,onaReferrals,15,null,YES,bigint,LONG,null,null,null,null,null,null,null,null,null,NO,null,null,null,null,null,null,NO,null,NO,NO,null,YES,null,null
openfema,odp,registration_intake_and_individuals_household_program,onaEligible,16,null,YES,bigint,LONG,null,null,null,null,null,null,null,null,null,NO,null,null,null,null,null,null,NO,null,NO,NO,null,YES,null,null
openfema,odp,registration_intake_and_individuals_household_program,onaAmount,17,null,YES,double,DOUBLE,null,null,null,2,null,null,null,null,null,NO,null,null,null,null,null,null,NO,null,NO,NO,null,YES,null,null
openfema,odp,registration_intake_and_individuals_household_program,id,18,null,YES,string,STRING,0,0,null,null,null,null,null,null,null,NO,null,null,null,null,null,null,NO,null,NO,NO,null,YES,null,null
openfema,odp,registration_intake_and_individuals_household_program,femadexLastRefresh,19,null,YES,timestamp,TIMESTAMP,null,null,null,null,null,3,null,null,null,NO,null,null,null,null,null,null,NO,null,NO,NO,null,YES,null,null
openfema,odp,registration_intake_individuals_householdprograms,disasterNumber,0,null,YES,bigint,LONG,null,null,null,null,null,null,null,null,null,NO,null,null,null,null,null,null,NO,null,NO,NO,null,YES,null,Identifier for the disaster event
openfema,odp,registration_intake_individuals_householdprograms,state,1,null,YES,string,STRING,0,0,null,null,null,null,null,null,null,NO,null,null,null,null,null,null,NO,null,NO,NO,null,YES,null,State where the registration is located
openfema,odp,registration_intake_individuals_householdprograms,county,2,null,YES,string,STRING,0,0,null,null,null,null,null,null,null,NO,null,null,null,null,null,null,NO,null,NO,NO,null,YES,null,County where the registration is located
openfema,odp,registration_intake_individuals_householdprograms,city,3,null,YES,string,STRING,0,0,null,null,null,null,null,null,null,NO,null,null,null,null,null,null,NO,null,NO,NO,null,YES,null,City where the registration is located
openfema,odp,registration_intake_individuals_householdprograms,zipCode,4,null,YES,string,STRING,0,0,null,null,null,null,null,null,null,NO,null,null,null,null,null,null,NO,null,NO,NO,null,YES,null,Zip code of the registration location
openfema,odp,registration_intake_individuals_householdprograms,totalValidRegistrations,5,null,YES,bigint,LONG,null,null,null,null,null,null,null,null,null,NO,null,null,null,null,null,null,NO,null,NO,NO,null,YES,null,Total number of valid registrations received
openfema,odp,registration_intake_individuals_householdprograms,validCallCenterRegistrations,6,null,YES,bigint,LONG,null,null,null,null,null,null,null,null,null,NO,null,null,null,null,null,null,NO,null,NO,NO,null,YES,null,Number of valid registrations received through call centers
openfema,odp,registration_intake_individuals_householdprograms,validWebRegistrations,7,null,YES,bigint,LONG,null,null,null,null,null,null,null,null,null,NO,null,null,null,null,null,null,NO,null,NO,NO,null,YES,null,Number of valid registrations received through websites
openfema,odp,registration_intake_individuals_householdprograms,validMobileRegistrations,8,null,YES,bigint,LONG,null,null,null,null,null,null,null,null,null,NO,null,null,null,null,null,null,NO,null,NO,NO,null,YES,null,Number of valid registrations received through mobile platforms
openfema,odp,registration_intake_individuals_householdprograms,ihpReferrals,9,null,YES,bigint,LONG,null,null,null,null,null,null,null,null,null,NO,null,null,null,null,null,null,NO,null,NO,NO,null,YES,null,Number of referrals made for Individual and Household Program assistance
openfema,odp,registration_intake_individuals_householdprograms,ihpEligible,10,null,YES,bigint,LONG,null,null,null,null,null,null,null,null,null,NO,null,null,null,null,null,null,NO,null,NO,NO,null,YES,null,Number of registrations meeting eligibility criteria for Individual and Household Program assistance
openfema,odp,registration_intake_individuals_householdprograms,ihpAmount,11,null,YES,double,DOUBLE,null,null,null,2,null,null,null,null,null,NO,null,null,null,null,null,null,NO,null,NO,NO,null,YES,null,Financial assistance amount approved for Individual and Household Program
openfema,odp,registration_intake_individuals_householdprograms,haReferrals,12,null,YES,bigint,LONG,null,null,null,null,null,null,null,null,null,NO,null,null,null,null,null,null,NO,null,NO,NO,null,YES,null,Number of referrals made for Housing Assistance program
openfema,odp,registration_intake_individuals_householdprograms,haEligible,13,null,YES,bigint,LONG,null,null,null,null,null,null,null,null,null,NO,null,null,null,null,null,null,NO,null,NO,NO,null,YES,null,Number of registrations meeting eligibility criteria for Housing Assistance program
openfema,odp,registration_intake_individuals_householdprograms,haAmount,14,null,YES,double,DOUBLE,null,null,null,2,null,null,null,null,null,NO,null,null,null,null,null,null,NO,null,NO,NO,null,YES,null,Financial assistance amount approved for Housing Assistance program
openfema,odp,registration_intake_individuals_householdprograms,onaReferrals,15,null,YES,bigint,LONG,null,null,null,null,null,null,null,null,null,NO,null,null,null,null,null,null,NO,null,NO,NO,null,YES,null,Number of referrals made for Other Needs Assistance program
openfema,odp,registration_intake_individuals_householdprograms,onaEligible,16,null,YES,bigint,LONG,null,null,null,null,null,null,null,null,null,NO,null,null,null,null,null,null,NO,null,NO,NO,null,YES,null,Number of registrations meeting eligibility criteria for Other Needs Assistance program
openfema,odp,registration_intake_individuals_householdprograms,onaAmount,17,null,YES,double,DOUBLE,null,null,null,2,null,null,null,null,null,NO,null,null,null,null,null,null,NO,null,NO,NO,null,YES,null,Financial assistance amount approved for Other Needs Assistance program
openfema,odp,registration_intake_individuals_householdprograms,id,18,null,YES,string,STRING,0,0,null,null,null,null,null,null,null,NO,null,null,null,null,null,null,NO,null,NO,NO,null,YES,null,Unique identifier for the registration record
openfema,odp,registration_intake_individuals_householdprograms,femadexLastRefresh,19,null,YES,timestamp,TIMESTAMP,null,null,null,null,null,3,null,null,null,NO,null,null,null,null,null,null,NO,null,NO,NO,null,YES,null,Timestamp of the last data refresh in FEMADEX system
